DOI,Title,Year,Date,Author,Institution,Country,Citation count,Open access,Abstract,Keyword,Topic,Subfield,Field,Domain
https://doi.org/10.1057/ejis.2011.51,Using grounded theory as a method for rigorously reviewing literature,2011,2011-11-29,Joost F. Wolfswinkel|Elfi Furtmueller|Celeste P.M. Wilderom,University of Twente,NL|NL|NL,1165,NOT Open Access,,grounded theory|research rigor|systematic reviews|evidence synthesis,Qualitative Research Methods and Applications,Education,Social Sciences,Social Sciences
https://doi.org/10.1057/ejis.2012.26,A method for taxonomy development and its application in information systems,2012,2012-06-19,Robert C. Nickerson|Upkar Varshney|Jan Muntermann,San Francisco State University|Georgia State University|University of Göttingen,US|US|DE,1151,Open Access,"A fundamental problem in many disciplines is the classification of objects in a domain of interest into a taxonomy. Developing a taxonomy, however, is a complex process that has not been adequately addressed in the information systems (IS) literature. The purpose of this paper is to present a method for taxonomy development that can be used in IS. First, this paper demonstrates through a comprehensive literature survey that taxonomy development in IS has largely been ad hoc. Then the paper defines the problem of taxonomy development. Next, the paper presents a method for taxonomy development that is based on taxonomy development literature in other disciplines and shows that the method has certain desirable qualities. Finally, the paper demonstrates the efficacy of the method by developing a taxonomy in a domain in IS.",taxonomy development|object classification|information systems|knowledge organization|concept classification,Information Systems Theories and Implementation,Sociology and Political Science,Social Sciences,Social Sciences
https://doi.org/10.1057/ejis.2014.36,FEDS: a Framework for Evaluation in Design Science Research,2014,2014-11-11,John R. Venable|Jan Pries‐Heje|Richard Baskerville,Curtin University|Roskilde University|Georgia State University,AU|DK|AU|US,1069,Open Access,"Evaluation of design artefacts and design theories is a key activity in Design Science Research (DSR), as it provides feedback for further development and (if done correctly) assures the rigour of the research. However, the extant DSR literature provides insufficient guidance on evaluation to enable Design Science Researchers to effectively design and incorporate evaluation activities into a DSR project that can achieve DSR goals and objectives. To address this research gap, this research paper develops, explicates, and provides evidence for the utility of a Framework for Evaluation in Design Science (FEDS) together with a process to guide design science researchers in developing a strategy for evaluating the artefacts they develop within a DSR project. A FEDS strategy considers why, when, how, and what to evaluate. FEDS includes a two-dimensional characterisation of DSR evaluation episodes (particular evaluations), with one dimension being the functional purpose of the evaluation (formative or summative) and the other dimension being the paradigm of the evaluation (artificial or naturalistic). The FEDS evaluation design process is comprised of four steps: (1) explicate the goals of the evaluation, (2) choose the evaluation strategy or strategies, (3) determine the properties to evaluate, and (4) design the individual evaluation episode(s). The paper illustrates the framework with two examples and provides evidence of its utility via a naturalistic, summative evaluation through its use on an actual DSR project.",design science research|evaluation framework|assessment methods|formative assessment|summative assessment|naturalistic assessment|design artifacts|design theory|scientific rigor,Information Systems Theories and Implementation,Sociology and Political Science,Social Sciences,Social Sciences
https://doi.org/10.1057/ejis.2010.21,Developing a unified framework of the business model concept,2010,2010-05-11,Mutaz M. Al‐Debei|David Avison,Brunel University of London|École Supérieure des Sciences Économiques et Commerciales,GB|FR,880,NOT Open Access,,business models|business model concept|conceptual framework|business model dimensions|business model ontology|business strategy|business processes|e-commerce|digital organization|information systems,Business Strategies and Innovation,Strategy and Management,"Business, Management and Accounting",Social Sciences
https://doi.org/10.1080/0960085x.2021.1927212,"Algorithmic bias: review, synthesis, and future research directions",2021,2021-06-06,Nima Kordzadeh|Maryam Ghasemaghaei,Worcester Polytechnic Institute|McMaster University,US|CA,761,NOT Open Access,,algorithmic bias|data-driven decision making|perceived fairness|technology acceptance|algorithm appreciation|system adoption|stimulus-organism-response model|workplace inequality|research model,Ethics and Social Impacts of AI,Safety Research,Social Sciences,Social Sciences
https://doi.org/10.1080/0960085x.2020.1800417,An affordance perspective of team collaboration and enforced working from home during COVID-19,2020,2020-07-03,Lena Waizenegger|Brad McKenna|Wenjie Cai|Taino Bendz,Auckland University of Technology|University of East Anglia|University of Greenwich|,NZ|GB|GB|,727,Open Access,"COVID-19 has caused unprecedented challenges to our lives. Many governments have forced people to stay at home, leading to a radical shift from on-site to virtual collaboration for many knowledge workers. Existing remote working literature does not provide a thorough explanation of government-enforced working from home situations. Using an affordance lens, this study explores the sudden and enforced issues that COVID-19 has presented, and the technological means knowledge workers use to achieve their team collaboration goals. We interviewed 29 knowledge workers about their experiences of being required to work from home and introduced the term “enforced work from home”. This paper contributes to the affordance theory by providing an understanding of the substitution of affordances for team collaboration during COVID-19. The shifting of affordances results in positive and negative effects on team collaboration as various affordances of technology were perceived and actualised to sustain “business as usual”.",affordance theory|team collaboration|COVID-19 pandemic|remote work|knowledge workers|remote collaboration|technology affordances|business continuity,Work-Family Balance Challenges,Sociology and Political Science,Social Sciences,Social Sciences
https://doi.org/10.1057/ejis.2012.1,The benefits and dangers of enjoyment with social networking websites,2012,2012-02-07,Ofir Turel|Alexander Serenko,"California State University, Fullerton|Lakehead University",US|CA,687,NOT Open Access,,enjoyment|social networking websites|technology addiction|positive reinforcement|user engagement|habit formation|psychological dependence|maladaptive behavior,Technology Adoption and User Behaviour,Information Systems and Management,Decision Sciences,Social Sciences
https://doi.org/10.1057/ejis.2014.3,Giving too much social support: social overload on social networking sites,2014,2014-03-04,Christian Maier|Sven Laumer|Andreas Eckhardt|Tim Weitzel,University of Bamberg|Goethe University Frankfurt,DE|DE|DE|DE,646,NOT Open Access,,social overload|social networking sites|social support|social support theory|Facebook users|social exhaustion|user satisfaction|social media use|technology acceptance,Impact of Technology on Adolescents,Sociology and Political Science,Social Sciences,Social Sciences
https://doi.org/10.1057/ejis.2013.4,IT capability and organizational performance: the roles of business process agility and environmental factors,2013,2013-03-26,Yang Chen|Yi Wang|Saggi Nevo|Jiafei Jin|Luning Wang|Wing Sing Chow,"Southwestern University of Finance and Economics|Shantou University|University at Albany, State University of New York|Hong Kong University of Science and Technology|Hong Kong Baptist University",CN|CN|US|CN|HK|HK,564,NOT Open Access,,IT capabilities|organizational performance|business process agility|environmental factors|environmental hostility|environmental complexity|mediating effect|moderating effect|manufacturing companies|business value of IT,Information Technology Governance and Strategy,Management Information Systems,"Business, Management and Accounting",Social Sciences
https://doi.org/10.1057/ejis.2014.7,"What literature review is not: diversity, boundaries and recommendations",2014,2014-05-01,Frantz Rowe,SKEMA Business School|Laboratoire d'Economie et de Management de Nantes Atlantique|Université de Nantes|Nantes Université,FR,546,Open Access,"In Orlando the EJIS Board decided to implement a policy change that I had proposed in my last editorial addressing the IS community (Rowe, 2012), asking authors (starting January 2013) to explicitl...",information systems research|diversity in research|authorship policy|editorial policy|research boundaries|research recommendations,Meta-analysis and systematic reviews,"Statistics, Probability and Uncertainty",Decision Sciences,Social Sciences
https://doi.org/10.1057/ejis.2011.54,Pragmatism vs interpretivism in qualitative information systems research,2011,2011-12-20,Göran Goldkuhl,Linköping University|Stockholm University,SE,538,Open Access,"Qualitative research is often associated with interpretivism, but alternatives do exist. Besides critical research and sometimes positivism, qualitative research in information systems can be performed following a paradigm of pragmatism. This paradigm is associated with action, intervention and constructive knowledge. This paper has picked out interpretivism and pragmatism as two possible and important research paradigms for qualitative research in information systems. It clarifies each paradigm in an ideal-typical fashion and then conducts a comparison revealing commonalities and differences. It is stated that a qualitative researcher must either adopt an interpretive stance aiming towards an understanding that is appreciated for being interesting; or a pragmatist stance aiming for constructive knowledge that is appreciated for being useful in action. The possibilities of combining pragmatism and interpretivism in qualitative research in information systems are analysed. A research case (conducted through action research (AR) and design research (DR)) that combines interpretivism and pragmatism is used as an illustration. It is stated in the paper that pragmatism has influenced IS research to a fairly large extent, albeit in a rather implicit way. The paradigmatic foundations are seldom known and explicated. This paper contributes to a further clarification of pragmatism as an explicit research paradigm for qualitative research in information systems. Pragmatism is considered an appropriate paradigm for AR and DR.",pragmatism|interpretivism|research paradigms|action research|design research|critical research|positivism|constructive knowledge|paradigm comparison,Information Systems Theories and Implementation,Sociology and Political Science,Social Sciences,Social Sciences
https://doi.org/10.1080/0960085x.2020.1718007,Digital transformation and the new logics of business process management,2020,2020-03-01,Abayomi Baiyere|Hannu Salmela|Tommi Tapanainen,University of Turku|Copenhagen Business School|Pusan National University,DK|FI|FI|KR,532,Open Access,"Business process management (BPM) research emphasises three important logics – modelling (process), infrastructural alignment (infrastructure) and procedural actor (agency) logics. These logics capture the dominant ways of thinking in BPM, reflected in its assumptions, practices and values. While the three logics have proven useful in prior contexts, we argue that the applicability of these underlying assumptions in theorising BPM needs to be re-examined in the context of digital transformation. Based on an ethnographic study of BPM in a company undergoing digital transformation, we uncover tensions related to applying these prior logics that point to the need to update the underlying assumptions. Consequently, we propose new logics that we conceptualise as light touch processes (process), infrastructural flexibility (infrastructure) and mindful actors (agency). Our observations contribute to a rethinking of the dominant BPM logics by unpacking their dynamics in the context of digital transformation. Our study further highlight salient differences between digital transformation and IT-enabled organisational transformation contexts. We conclude by proposing new managerial approaches for BPM in digital transformation contexts.",business process management|digital transformation|action logics|process modeling,Business Process Modeling and Analysis,Management Information Systems,"Business, Management and Accounting",Social Sciences
https://doi.org/10.1080/0960085x.2020.1770632,What drives unverified information sharing and cyberchondria during the COVID-19 pandemic?,2020,2020-05-03,Samuli Laato|A. K. M. Najmul Islam|Muhammad Nazrul Islam|Eoin Whelan,University of Turku|Lappeenranta-Lahti University of Technology|Military Institute of Science and Technology|Ollscoil na Gaillimhe – University of Galway,FI|FI|BD|IE,528,Open Access,"The World Health Organisation has emphasised that misinformation – spreading rapidly through social media – poses a serious threat to the COVID-19 response. Drawing from theories of health perception and cognitive load, we develop and test a research model hypothesising why people share unverified COVID-19 information through social media. Our findings suggest a person’s trust in online information and perceived information overload are strong predictors of unverified information sharing. Furthermore, these factors, along with a person’s perceived COVID-19 severity and vulnerability influence cyberchondria. Females were significantly more likely to suffer from cyberchondria, with males more likely to share news without verifying its reliability. Our findings suggest that to mitigate the spread of COVID-19 misinformation and cyberchondria, measures should be taken to enhance a healthy scepticism of health news while simultaneously guarding against information overload.",cyberchondria|COVID-19 misinformation|social media|trust in online information|information overload|perceived susceptibility|health perception|cognitive load|gender differences,Misinformation and Its Impacts,Sociology and Political Science,Social Sciences,Social Sciences
https://doi.org/10.1057/ejis.2014.17,Transforming decision-making processes: a research agenda for understanding the impact of business analytics on organisations,2014,2014-07-01,Rajeev Sharma|Sunil Mithas|Atreyi Kankanhalli,"University of Wollongong|University of Maryland, College Park|National University of Singapore",AU|US|SG,514,Open Access,Much attention is currently being paid in both the academic and practitioner literatures to the value that organisations could create through the use of big data and business analytics (Gillon et a...,business analytics|big data|decision-making|organizational impact|value creation|research agenda,Big Data and Business Intelligence,Management Information Systems,"Business, Management and Accounting",Social Sciences
https://doi.org/10.1057/ejis.2012.23,Information privacy and correlates: an empirical attempt to bridge and distinguish privacy-related concepts,2012,2012-05-29,Tamara Dinev|Heng Xu|Jeff Smith|Paul Hart,Florida Atlantic University|Pennsylvania State University|Miami University,US|US|US|US,500,NOT Open Access,,data privacy|privacy calculus|information control|anonymity|secrecy|confidentiality|risk perception|information disclosure|data sensitivity|information transparency|regulatory expectations|privacy theory,"Privacy, Security, and Data Protection",Sociology and Political Science,Social Sciences,Social Sciences
https://doi.org/10.1057/ejis.2013.19,Internet adoption by the elderly: employing IS technology acceptance theories for understanding the age-related digital divide,2013,2013-08-20,Björn Niehaves|Ralf Plattfaut,Hertie School|University of Münster|European Research Center for Information Systems,DE|DE,446,Open Access,"Information technology (IT) allows members of the growing elderly population to remain independent longer. However, while technology becomes more and more pervasive, an age-related underutilisation of IT remains observable. For instance, elderly people (65 years of age and older) are significantly less likely to use the Internet than the average population (see, for instance, European Commission, 2011). This age-related digital divide prevents many elderly people from using IT to enhance their quality of life through tools, such as Internet-based service delivery. Despite the significance of this phenomenon, the information systems (IS) literature lacks a comprehensive consideration and explanation of technology acceptance in general and more specifically, Internet adoption by the elderly. This paper thus studies the intentions of the elderly with regard to Internet use and identifies important influencing factors. Four alternative models based on technology acceptance theory are tested in the context of comprehensive survey data. As a result, a model that explains as much as 84% of the variance in technology adoption among the elderly is developed. We discuss the contribution of our analyses to the research on Internet adoption (and IT adoption in general) by the elderly, on the digital divide, and on technology acceptance and identify potentially effective paths for future research and theoretical development.",internet adoption|older adults|technology acceptance theory|technology acceptance|intention to use|information technology adoption|age differences in technology use,Technology Use by Older Adults,Demography,Social Sciences,Social Sciences
https://doi.org/10.1057/ejis.2013.10,‘Datafication’: making sense of (big) data in a complex world,2013,2013-06-10,Mark Lycett,Brunel University of London,GB,423,Open Access,"Business Intelligence (BI) is a topic of growing importance for both industry and academia. Although still viewed from its technology roots, it is slowly broadening to encompass the data infrastruc...",datafication|big data|business intelligence|data infrastructure|data management|data-driven decision making,Big Data and Business Intelligence,Management Information Systems,"Business, Management and Accounting",Social Sciences
https://doi.org/10.1057/ejis.2012.45,"Revisiting IS business value research: what we already know, what we still need to know, and how we can get there",2012,2012-11-13,Guido Schryen,University of Regensburg,DE,423,NOT Open Access,,knowledge gaps|lagged effects|competitive values|productivity,Information Technology Governance and Strategy,Management Information Systems,"Business, Management and Accounting",Social Sciences
https://doi.org/10.1057/ejis.2010.55,Memorandum on design-oriented information systems research,2010,2010-12-07,Hubert Österle|Jörg Becker|Ulrich Frank|Thomas H. Hess|Dimitris Karagiannis|Helmut Krcmar|Peter Loos|Peter Mertens|Andreas Oberweis|Elmar J. Sinz,University of St.Gallen|University of Münster|University of Duisburg-Essen|Ludwig-Maximilians-Universität München|University of Vienna|Technical University of Munich|Saarland University|Friedrich-Alexander-Universität Erlangen-Nürnberg|Karlsruhe Institute of Technology|University of Bamberg,CH|DE|DE|DE|AT|DE|DE|DE|DE|DE,418,NOT Open Access,,information systems research|design principles|research methodology|information system design,Information Systems Theories and Implementation,Sociology and Political Science,Social Sciences,Social Sciences
https://doi.org/10.1080/0960085x.2021.1955628,Understanding dark side of artificial intelligence (AI) integrated business analytics: assessing firm’s operational inefficiency and competitiveness,2021,2021-08-01,Nripendra Pratap Rana|Sheshadri Chatterjee|Yogesh Kumar Dwivedi|Shahriar Akter,Qatar University|Indian Institute of Technology Kharagpur|Swansea University|University of Wollongong,QA|IN|GB|AU,402,Open Access,"The data-centric revolution generally celebrates the proliferation of business analytics and AI in exploiting firm’s potential and success. However, there is a lack of research on how the unintended consequences of AI integrated business analytics (AI-BA) influence a firm’s overall competitive advantage. In this backdrop, this study aims to identify how factors, such as AI-BA opacity, suboptimal business decisions and perceived risk are responsible for a firm’s operational inefficiency and competitive disadvantage. Drawing on the resource-based view, dynamic capability view, and contingency theory, the proposed research model captures the components and effects of an AI-BA opacity on a firm’s risk environment and negative performance. The data were gathered from 355 operational, mid-level and senior managers from various service sectors across all different size organisations in India. The results indicated that lack of governance, poor data quality, and inefficient training of key employees led to an AI-BA opacity. It then triggers suboptimal business decisions and higher perceived risk resulting in operational inefficiency. The findings show that operational inefficiency significantly contributes to negative sales growth and employees’ dissatisfaction, which result in a competitive disadvantage for a firm. The findings also highlight the significant moderating effect of contingency plan in the nomological chain.",AI opacity|operational inefficiency|competitive disadvantage|risk perception|AI governance|data quality|employee training|contingency planning|sales growth|job dissatisfaction|service companies,Big Data and Business Intelligence,Management Information Systems,"Business, Management and Accounting",Social Sciences
https://doi.org/10.1057/ejis.2009.50,"User experience, satisfaction, and continual usage intention of IT",2010,2010-01-26,Liqiong Deng|Douglas E. Turner|Robert Gehling|Brad Prince,University of West Georgia|Auburn University at Montgomery,US|US|US|US,399,NOT Open Access,,user experience|user satisfaction|continuance intention|cognitive absorption|information technology adoption|perceived performance|expectation disconfirmation,Technology Adoption and User Behaviour,Information Systems and Management,Decision Sciences,Social Sciences
https://doi.org/10.1057/ejis.2011.23,A review and analysis of deterrence theory in the IS security literature: making sense of the disparate findings,2011,2011-06-14,John D’Arcy|Tejaswini C. Herath,University of Notre Dame|Brock University,US|CA,373,NOT Open Access,,deterrence theory|information systems security|sanctions|rational choice theory|user behavior|disruptive behavior|security management|contingency factors|theory development,Information and Cyber Security,Information Systems,Computer Science,Physical Sciences
https://doi.org/10.1080/0960085x.2020.1857666,Digital transformation in family-owned Mittelstand firms: A dynamic capabilities perspective,2021,2021-01-19,Jonas Soluk|Nadine H. Kammerlander,WHU – Otto Beisheim School of Management,DE|DE,373,NOT Open Access,,digital transformation|family business|Mittelstand|dynamic capabilities|small and medium-sized enterprises|manufacturing industry|barriers and facilitators|resource constraints,Family Business Performance and Succession,Organizational Behavior and Human Resource Management,"Business, Management and Accounting",Social Sciences
https://doi.org/10.1057/ejis.2011.56,Online game addiction among adolescents: motivation and prevention factors,2011,2011-11-29,Zhengchuan Xu|Ofir Turel|Yufei Yuan,"Fudan University|California State University, Fullerton|McMaster University",CN|US|CA,367,NOT Open Access,,online game addiction|adolescents|gaming motivation|harm reduction|functionalism|escapism|educational intervention,Impact of Technology on Adolescents,Sociology and Political Science,Social Sciences,Social Sciences
https://doi.org/10.1080/0960085x.2020.1829512,Adjusting to epidemic-induced telework: empirical insights from teleworkers in France,2020,2020-10-19,Kévin Carillo|Gaëlle Cachat‐Rosset|Josianne Marsan|Tania Saba|Alain Klarsfeld,|Université de Montréal|Université Laval,|CA|CA|CA|,362,NOT Open Access,,remote work|COVID-19 pandemic|work adjustment|professional isolation|occupational stress|business continuity|information and communication technologies,Work-Family Balance Challenges,Sociology and Political Science,Social Sciences,Social Sciences
https://doi.org/10.1057/ejis.2011.10,Conceptualizing models using multidimensional constructs: a review and guidelines for their use,2011,2011-04-19,Greta L. Polites|Nicholas Roberts|Jason Bennett Thatcher,Bucknell University|University of South Carolina Upstate|Clemson University,US|US|US,344,NOT Open Access,,multidimensional construct|structural equation modeling|construct operationalization|theoretical modeling|terminology standardization|information systems research|measurement model,Psychometric Methodologies and Testing,Management Science and Operations Research,Decision Sciences,Social Sciences
https://doi.org/10.1057/ejis.2013.36,A unified model of IT continuance: three complementary perspectives and crossover effects,2014,2014-01-07,Anol Bhattacherjee|Chieh‐Peng Lin,University of South Florida|National Yang Ming Chiao Tung University,US|TW,335,NOT Open Access,,theory of reasoned action|unified model|insurance agents|crossover effects|continuance intention,Technology Adoption and User Behaviour,Information Systems and Management,Decision Sciences,Social Sciences
https://doi.org/10.1080/0960085x.2020.1740618,Examining the interplay between big data analytics and contextual factors in driving process innovation capabilities,2020,2020-04-16,Patrick Mikalef|John Krogstie,Norwegian University of Science and Technology,NO|NO,329,Open Access,"The potential of big data analytics in enabling improvements in business processes has urged researchers and practitioners to understand if, and under what combination of conditions, such novel technologies can support the enactment and management of business processes. While there is much discussion around how big data analytics can impact a firm’s incremental and radical process innovation capabilities, we still know very little about what big data analytics resources firms must invest in to drive such outcomes. To explore this topic, we ground this study on a theory-driven conceptualisation of big data analytics based on the resource-based view (RBV) of the firm. Based on this conceptualisation, we examine the fit between the big data analytics resources that underpin the notion, and their interplay with organisational contextual factors in driving a firm’s incremental and radical process innovation capabilities. Survey data from 202 chief information officers and IT managers working in Norwegian firms are analysed by means of fuzzy set qualitative comparative analysis (fsQCA). Results show that under different combinations of contextual factors the significance of big data analytics resources varies, with specific configurations leading to high levels of incremental and radical process innovation capabilities.",big data analytics|incremental innovation|radical innovation|resource-based view|business process management|chief information officer|IT managers,Big Data and Business Intelligence,Management Information Systems,"Business, Management and Accounting",Social Sciences
https://doi.org/10.1080/0960085x.2021.1927213,The dark sides of people analytics: reviewing the perils for organisations and employees,2021,2021-06-02,Lisa Giermindl|Franz Strich|Oliver Christ|Ulrich Leicht‐Deobald|Abdullah Redzepi,OST - Ostschweizer Fachhochschule|University of Applied Sciences St. Gallen|University of Bayreuth|University of St.Gallen,CH|DE|CH|CH|CH,327,Open Access,"Technological advances in the field of artificial intelligence (AI) are heralding a new era of analytics and data-driven decision-making. Organisations increasingly rely on people analytics to optimise human resource management practices in areas such as recruitment, performance evaluation, personnel development, health and retention management. Recent progress in the field of AI and ever-increasing volumes of digital data have raised expectations and contributed to a very positive image of people analytics. However, transferring and applying the efficiency-driven logic of analytics to manage humans carries numerous risks, challenges, and ethical implications. Based on a theorising review our paper analyses perils that can emerge from the use of people analytics. By disclosing the underlying assumptions of people analytics and offering a perspective on current and future technological advancements, we identify six perils and discuss their implications for organisations and employees. Then, we illustrate how these perils may aggravate with increasing analytical power of people analytics, and we suggest directions for future research. Our theorising review contributes to information system research at the intersection of analytics, artificial intelligence, and human-algorithmic management.",HR analytics|artificial intelligence|human resource management|ethical implications|algorithmic management|employee privacy|data-driven decision making|organizational risk|personnel management|performance evaluation (human resources)|employee retention,AI and HR Technologies,Organizational Behavior and Human Resource Management,"Business, Management and Accounting",Social Sciences
https://doi.org/10.1057/ejis.2014.19,Quitting the use of a habituated hedonic information system: a theoretical model and empirical examination of Facebook users,2014,2014-06-24,Ofir Turel,"University of Southern California|California State University, Fullerton",US,317,NOT Open Access,,habituation|Facebook users|social media addiction|guilt|user satisfaction|habit formation|behavioral intention|social cognitive theory,Technology Adoption and User Behaviour,Information Systems and Management,Decision Sciences,Social Sciences
https://doi.org/10.1080/0960085x.2020.1747365,"Digital M&A, digital innovation, and firm performance: an empirical investigation",2020,2020-04-14,André Hanelt|Sebastian Firk|Björn Hildebrandt|Lutz Maria Kolbe,University of Kassel|University of Groningen|University of Göttingen,DE|NL|DE|DE,312,Open Access,"Aiming to support digital innovation endeavours, industrial-age companies increasingly acquire firms that heavily build upon digital technologies. Related research has raised serious concerns regarding the prospects of such plans, yet has not focused the particular context of digital mergers and acquisitions (M&A). Drawing on a knowledge-based perspective as well as the particularities of digital technologies and the context of digital innovation, we theorise the link between digital M&A, a digital knowledge base on the part of the acquirer, and the consequences for digital innovation and firm performance. We employ panel data regressions to a longitudinal dataset of the world’s largest automobile manufacturers. Our findings suggest that executing digital M&A contributes to building the digital knowledge base of industrial-age firms, which in turn enables them to drive digital innovation. Our findings further indicate that digital innovation improves firm performance of industrial-age firms. We discuss implications for information systems research about M&A and digital innovation as well as recommendations for managerial practice.",digital innovation|firm performance|car manufacturers|knowledge-based view|digital technologies|acquisition strategy,Innovation and Knowledge Management,Strategy and Management,"Business, Management and Accounting",Social Sciences
https://doi.org/10.1057/ejis.2010.61,Latent Semantic Analysis: five methodological recommendations,2010,2010-12-21,Nicholas E. Evangelopoulos|Xiaoni Zhang|Victor R. Prybutok,University of North Texas|Northern Kentucky University,US|US|US,310,Open Access,"The recent influx in generation, storage, and availability of textual data presents researchers with the challenge of developing suitable methods for their analysis. Latent Semantic Analysis (LSA), a member of a family of methodological approaches that offers an opportunity to address this gap by describing the semantic content in textual data as a set of vectors, was pioneered by researchers in psychology, information retrieval, and bibliometrics. LSA involves a matrix operation called singular value decomposition, an extension of principal component analysis. LSA generates latent semantic dimensions that are either interpreted, if the researcher's primary interest lies with the understanding of the thematic structure in the textual data, or used for purposes of clustering, categorization, and predictive modeling, if the interest lies with the conversion of raw text into numerical data, as a precursor to subsequent analysis. This paper reviews five methodological issues that need to be addressed by the researcher who will embark on LSA. We examine the dilemmas, present the choices, and discuss the considerations under which good methodological decisions are made. We illustrate these issues with the help of four small studies, involving the analysis of abstracts for papers published in the European Journal of Information Systems.",latent semantic analysis|singular value decomposition|text mining|thematic structure|text vectorization|methodological choices|bibliometric analysis|information retrieval|research methodology,Computational and Text Analysis Methods,General Social Sciences,Social Sciences,Social Sciences
https://doi.org/10.1080/0960085x.2020.1814680,Virtually in this together – how web-conferencing systems enabled a new virtual togetherness during the COVID-19 crisis,2020,2020-09-02,Janine Viol Hacker|Jan vom Brocke|Joshua Peter Handali|Markus Otto|Johannes Schneider,University of Liechtenstein,LI|LI|LI|LI|LI,295,Open Access,"Regulations to contain the spread of COVID-19 have affected corporations, institutions, and individuals to a degree that most people have never seen before. Information systems researchers have initiated a discourse on information technology’s role in helping people manage this situation. This study informs and substantiates this discourse based on an analysis of a rich dataset: Starting in March 2020, we collected about 3 million tweets that document people’s use of web-conferencing systems (WCS) like Zoom during the COVID-19 crisis. Applying text-mining techniques to Twitter data and drawing on affordance theory, we derive five affordances of and five constraints to the use of WCS during the crisis. Based on our analysis, our argument is that WCS emerged as a social technology that led to a new virtual togetherness by facilitating access to everyday activities and contacts that were “locked away” because of COVID-19-mitigation efforts. We find that WCS facilitated encounters that could not have taken place otherwise and that WCS use led to a unique blending of various aspects of people’s lives. Using our analysis, we derive implications and directions for future research to address existing constraints and realise the potentials of this period of forced digitalisation.",Zoom|COVID-19 pandemic|affordance theory|social technology|Twitter|affordances and constraints|remote communication,Information Systems Theories and Implementation,Sociology and Political Science,Social Sciences,Social Sciences
https://doi.org/10.1057/ejis.2016.2,"Utilizing big data analytics for information systems research: challenges, promises and guidelines",2016,2016-02-09,Oliver Müller|Iris A. Junglas|Jan vom Brocke|Stefan Debortoli,University of Liechtenstein|Florida State University,LI|US|LI|LI,283,Open Access,"This essay discusses the use of big data analytics (BDA) as a strategy of enquiry for advancing information systems (IS) research. In broad terms, we understand BDA as the statistical modelling of large, diverse, and dynamic data sets of user-generated content and digital traces. BDA, as a new paradigm for utilising big data sources and advanced analytics, has already found its way into some social science disciplines. Sociology and economics are two examples that have successfully harnessed BDA for scientific enquiry. Often, BDA draws on methodologies and tools that are unfamiliar for some IS researchers (e.g., predictive modelling, natural language processing). Following the phases of a typical research process, this article is set out to dissect BDA’s challenges and promises for IS research, and illustrates them by means of an exemplary study about predicting the helpfulness of 1.3 million online customer reviews. In order to assist IS researchers in planning, executing, and interpreting their own studies, and evaluating the studies of others, we propose an initial set of guidelines for conducting rigorous BDA studies in IS.",big data analytics|information systems research|research methodology|user-generated content|digital traces|online customer reviews|review helpfulness prediction|predictive modeling|natural language processing|research guidelines|research rigor,Big Data Technologies and Applications,Information Systems and Management,Decision Sciences,Social Sciences
https://doi.org/10.1057/ejis.2014.10,Five-factor model personality traits as predictors of perceived and actual usage of technology,2014,2014-06-03,Tim Barnett|Allison W. Pearson|Rodney A. Pearson|Franz Willi Kellermanns,Mississippi State University|University of North Carolina at Charlotte,US|US|US|US,282,NOT Open Access,,five-factor model of personality|personality traits|technology use|technology acceptance|UTAUT|conscientiousness|neuroticism|extraversion|actual use|performance expectancy|effort expectancy|social influence|technology adoption,Technology Adoption and User Behaviour,Information Systems and Management,Decision Sciences,Social Sciences
https://doi.org/10.1057/ejis.2013.17,Cultural and generational influences on privacy concerns: a qualitative study in seven European countries,2013,2013-07-30,Caroline Lancelot Miltgen|Dominique Peyrat‐Guillard,Université d'Angers,FR|FR,248,Open Access,"This research examines how European citizens decide to disclose and protect their personal data and thereby reveals cultural and generational divides. Focus group discussions featured either young people, aged 15 to 24 years, or adults, between 25 and 70 years of age, and were conducted in seven EU member states. The results of a computer-aided text analysis with two complementary software packages suggest similarities and differences in participants' views and privacy concerns (PC). Responsibility is relevant to personal data management, which represents a hotly contested issue. A geographical north-south divide appears for the importance of responsibility as opposed to trust. Moreover, people regard disclosure differently in the south (as a choice) and east (as forced) of Europe. Younger people express more positive attitudes toward data management, feel more responsible, and are more confident in their ability to prevent possible data misuse. Their lower PC and greater protective behaviours (i.e., a potential reversed privacy paradox) may help explain contradictory results in prior literature. These results offer significant and useful theoretical, managerial, and policy implications.",privacy concerns|personal information disclosure|personal data protection|generational differences|cultural differences|youth|personal responsibility|privacy paradox|data misuse prevention|European citizens,"Privacy, Security, and Data Protection",Sociology and Political Science,Social Sciences,Social Sciences
https://doi.org/10.1080/0960085x.2021.1977729,Algorithmic control and gig workers: a legitimacy perspective of Uber drivers,2021,2021-09-22,Martin J. Wiener|W. Alec Cram|Alexander Benlian,Technische Universität Dresden|University of Waterloo|Technische Universität Darmstadt,DE|CA|DE,240,Open Access,"Organisations increasingly rely on algorithms to exert automated managerial control over workers, referred to as algorithmic control (AC). The use of AC is already commonplace with platform-based work in the gig economy, where independent workers are paid for completing a given task (or “gig”). The combination of independent work alongside intensive managerial monitoring and guidance via AC raises questions about how gig workers perceive AC practices and judge their legitimacy, which could help explain critical worker behaviours such as turnover and non-compliance. Based on a three-dimensional conceptualisation of micro-level legitimacy tailored to the gig work context (autonomy, fairness, and privacy), we develop a research model that links workers’ perceptions of two predominant forms of AC (gatekeeping and guiding) to their legitimacy judgements and behavioural reactions. Using survey data from 621 Uber drivers, we find empirical support for the central role of micro-level legitimacy judgements in mediating the relationships between gig workers’ perceptions of different AC forms and their continuance intention and workaround use. Contrasting prior work, our study results show that workers do not perceive AC as a universally “bad thing” and that guiding AC is in fact positively related to micro-level legitimacy judgements. Theoretical and practical implications are discussed.",algorithmic control|gig work|platform work|Uber drivers|management control|gatekeeping|guiding|autonomy|fairness|privacy|continuance intention|employee perceptions,Digital Economy and Work Transformation,Sociology and Political Science,Social Sciences,Social Sciences
https://doi.org/10.1057/ejis.2012.14,"Information technology, the organizational capability of proactive corporate environmental strategy and firm performance: a resource-based analysis",2012,2012-03-13,José Benítez-Amado|Rita M. Walczuch,Universidad de Granada|Maastricht University,ES|NL,239,NOT Open Access,,IT capabilities|firm performance|organizational capabilities|environmental sustainability|business value of IT|resource-based view,Information Technology Governance and Strategy,Management Information Systems,"Business, Management and Accounting",Social Sciences
https://doi.org/10.1080/0960085x.2020.1784046,One app to trace them all? Examining app specifications for mass acceptance of contact-tracing apps,2020,2020-07-03,Simon Thanh-Nam Trang|Manuel Trenz|Welf Hermann Weiger|Monideepa Tarafdar|Christy M.K. Cheung,University of Göttingen|Alfaisal University|Lancaster University|Hong Kong Baptist University,DE|DE|DE|SA|GB|HK,232,Open Access,"The current COVID-19 crisis has seen governments worldwide mobilising to develop and implement contact-tracing apps as an integral part of their lockdown exit strategies. The challenge facing policy makers is that tracing can only be effective if the majority of the population uses the one app developed; its specifications must therefore be carefully considered. We theorise on tracing apps and mass acceptance and conduct a full-factorial experiment to investigate how app installation intention is influenced by different app specifications based on three benefit appeals, two privacy designs, and two convenience designs. By applying quantile regression, we not only estimate the general effect of these app specifications but also uncover how their influence differs among citizens with different propensities for acceptance (i.e. critics, undecided, advocates) – a crucial insight for succeeding with mass acceptance. This study contributes to research in three ways: we theorise how mass acceptance differs from established app acceptance, we provide a fine-grained approach to investigating the app specifications salient for mass acceptance, and we reveal contextualised insights specific to tracing apps with multi-layered benefit structures. Our findings can guide policy makers by providing specification recommendations for facilitating mass acceptance of tracing apps during pandemics or other societal crises.",contact tracing apps|COVID-19 pandemic|privacy by design|benefit appeals|technology acceptance|pandemic response|public health policy,COVID-19 Digital Contact Tracing,Information Systems,Computer Science,Physical Sciences
https://doi.org/10.1057/ejis.2015.17,Why different trust relationships matter for information systems users,2015,2015-12-08,Matthias Söllner|Axel Hoffmann|Jan Marco Leimeister,University of Kassel|University of St.Gallen,CH|DE|DE|CH|DE,225,Open Access,"Technology acceptance research has shown that trust is an important factor fostering use of information systems (IS). As a result, numerous IS researchers have studied factors that build trust in I...",trust relationships|information system users|technology acceptance|trust in information systems|user trust,Technology Adoption and User Behaviour,Information Systems and Management,Decision Sciences,Social Sciences
https://doi.org/10.1057/s41303-017-0059-9,Organizational information security policies: a review and research framework,2017,2017-07-18,W. Alec Cram|Jeffrey Gainer Proudfoot|John D’Arcy,Bentley University|University of Delaware,US|US|US,223,NOT Open Access,,information security policy|organizational security policy|security policy implementation|research framework|literature synthesis|research gaps,Information and Cyber Security,Information Systems,Computer Science,Physical Sciences
https://doi.org/10.1057/ejis.2013.35,Distinguishing and contrasting two strategies for design science research,2014,2014-01-07,Juhani Iivari,University of Oulu,FI,221,NOT Open Access,,,Information Systems Theories and Implementation,Sociology and Political Science,Social Sciences,Social Sciences
https://doi.org/10.1080/0960085x.2020.1721947,Artificial intelligence as digital agency,2020,2020-01-02,Pär J. Ågerfalk,Uppsala University,SE,219,Open Access,"Over the last few years, the European Journal of Information Systems (EJIS) has gone through substantial changes (Ågerfalk, 2018). What, then, could be more appropriate than to set 2020 off on the ...",artificial intelligence|digital agency|agency theory|information systems research,Information Systems Theories and Implementation,Sociology and Political Science,Social Sciences,Social Sciences
https://doi.org/10.1057/ejis.2010.16,Influencing the effectiveness of IT governance practices through steering committees and communication policies,2010,2010-03-23,Rui Huang|Robert W. Zmud|R. Leon Price,Binghamton University|University of Oklahoma,US|US|US,218,NOT Open Access,,IT governance|IT steering committee|communication policy|decision rights|decision processes|small and medium-sized organizations|organizational leadership,Information Technology Governance and Strategy,Management Information Systems,"Business, Management and Accounting",Social Sciences
https://doi.org/10.1057/ejis.2012.48,"Grounded theory method in information systems research: its nature, diversity and opportunities",2012,2012-11-26,David F. Birks|Walter D. Fernandez|Natalia N. Levina|Syed Nasirin,University of Winchester|Australian National University|New York University|Universiti of Malaysia Sabah,GB|AU|US|MY,212,Open Access,This article introduces this special issue by exploring the nature and diversity of the Grounded Theory Method (GTM) and the opportunities associated with its use in Information Systems (IS) resear...,information systems research|qualitative research methodology|research methodology diversity|research opportunities,Qualitative Research Methods and Applications,Education,Social Sciences,Social Sciences
https://doi.org/10.1080/0960085x.2019.1614739,Technostress and the hierarchical levels of personality: a two-wave study with multiple data samples,2019,2019-05-28,Christian Maier|Sven Laumer|Jakob Wirth|Tim Weitzel,University of Bamberg|Friedrich-Alexander-Universität Erlangen-Nürnberg,DE|DE|DE|DE,212,NOT Open Access,,technostress|personality traits|neuroticism|information system use|user performance|inverted U-shaped relationship|user well-being,Technostress in Professional Settings,Social Psychology,Psychology,Social Sciences
https://doi.org/10.1057/ejis.2010.72,The influence of the informal social learning environment on information privacy policy compliance efficacy and intention,2011,2011-01-25,Merrill E. Warkentin|Allen C. Johnston|Jordan Shropshire,Mississippi State University|University of Alabama at Birmingham|Georgia Southern University,US|US|US,211,NOT Open Access,,HIPAA|HIPAA compliance|healthcare workers|behavioral intention|verbal persuasion|vicarious experience|external cues|compliance training,Information and Cyber Security,Information Systems,Computer Science,Physical Sciences
https://doi.org/10.1080/0960085x.2018.1451811,An elaborated action design research process model,2018,2018-04-23,Matthew T. Mullarkey|Alan R. Hevner,University of South Florida,US|US,210,NOT Open Access,,action design research|research process model|problem formulation|iterative design|process maps,Information Systems Theories and Implementation,Sociology and Political Science,Social Sciences,Social Sciences
https://doi.org/10.1080/0960085x.2020.1808541,IT architecture flexibility and IT governance decentralisation as drivers of IT-enabled dynamic capabilities and competitive performance: The moderating effect of the external environment,2020,2020-08-27,Patrick Mikalef|Adamantia G. Pateli|Rogier van de Wetering,Norwegian University of Science and Technology|Ionian University|Open University of the Netherlands,NO|GR|NL,202,Open Access,"A question of central importance for researchers and practitioners is how information technology (IT) can help firms survive and thrive in turbulent and constantly changing business environments. To address this issue, this study develops the idea that IT architecture flexibility helps sustain competitive performance by driving the formation of IT-enabled dynamic capabilities, and that IT governance decentralisation strengthens this relationship. IT architecture flexibility and IT governance decentralisation, therefore, develop complementary effects. We argue that IT-enabled dynamic capabilities are a core antecedent for competitive performance gains, particularly under uncertain external environmental conditions. Tests of the proposed model using survey data from 322 international firms support these ideas. Our research also shows that, under conditions of high environmental heterogeneity, the value of IT architecture flexibility and IT governance decentralisation is increased, while the impact of IT-enabled dynamic capabilities on competitive performance is amplified.",competitive performance|environmental heterogeneity|moderating effect|firm adaptability,Information Technology Governance and Strategy,Management Information Systems,"Business, Management and Accounting",Social Sciences
https://doi.org/10.1057/ejis.2010.68,Outcomes and success factors of enterprise IT architecture management: empirical insight from the international financial services industry,2010,2010-12-28,Christian Arno Schmidt|Peter Buxmann,Technische Universität Darmstadt,DE|DE,201,NOT Open Access,,success factors|IT flexibility|IT efficiency|architectural governance|financial services,Information Technology Governance and Strategy,Management Information Systems,"Business, Management and Accounting",Social Sciences
https://doi.org/10.1080/0960085x.2018.1560920,Are social bots a real threat? An agent-based model of the spiral of silence to analyse the impact of manipulative actors in social networks,2019,2019-01-14,Björn Roß|Laura Pilz|Benjamin Cabrera|Florian Brachten|German Neubaum|Stefan Stieglitz,University of Duisburg-Essen,DE|DE|DE|DE|DE|DE,201,NOT Open Access,,social bots|spiral of silence|public opinion formation|opinion manipulation|fake news|network centrality|opinion consensus|social media|opinion polarization|network density|complex adaptive systems|agent-based modeling,Opinion Dynamics and Social Influence,Statistical and Nonlinear Physics,Physics and Astronomy,Physical Sciences
https://doi.org/10.1057/ejis.2014.41,The role of privacy assurance mechanisms in building trust and the moderating role of privacy concern,2015,2015-02-17,Gaurav Bansal|Fatemeh Mariam Zahedi|David Gefen,University of Wisconsin–Green Bay|University of Wisconsin–Milwaukee|Drexel University,US|US|US,199,NOT Open Access,,privacy concerns|trust|online privacy|information disclosure|elaboration likelihood model|moderating effect,"Privacy, Security, and Data Protection",Sociology and Political Science,Social Sciences,Social Sciences
https://doi.org/10.1057/ejis.2014.6,Six types of IT-business strategic alignment: an investigation of the constructs and their measurement,2014,2014-05-20,Jennifer E. Gerow|Jason Bennett Thatcher|Varun Grover,Virginia Military Institute|Clemson University,US|US|US,196,NOT Open Access,,business-IT alignment|operational alignment|cross-domain alignment|IT strategy|business strategy|IT infrastructure|business processes|chief information officer|alignment measurement|psychometric properties|alignment model,Information Technology Governance and Strategy,Management Information Systems,"Business, Management and Accounting",Social Sciences
https://doi.org/10.1057/ejis.2012.18,Bridging the work/social divide: the emotional response to organizational social networking sites,2012,2012-04-03,Hope Koch|Ester S. Gonzalez|Dorothy E. Leidner,Baylor University,US|US|US,194,Open Access,"Organizations seem to be split on their policies governing social networking sites (SNSs) in the workplace. Recent surveys indicate that while many organizations severely restrict or ban SNSs (i.e., Facebook and Twitter) at work, a large majority are actively using, or evaluating the use of SNSs. The purpose of this study is to investigate the implementation of an internal SNS designed to help a large financial institution's IT new hire program. On the basis of a case study informed by boundary theory and the theory of positive emotions, the research describes the SNS, its uses and how it impacted both the employees and the organization. We found that SNSs blur the boundary between work life and social life and that this boundary blurring creates positive emotions for the employees that use the system. These emotions create personal resources, which then have organizational impacts. While some of the non-users of the system, the IT middle managers, experienced isolation, frustration and resentment, the executives overseeing this SNS attribute improved morale, better employee engagement and even reduced employee turnover to the internal SNS.",work-life boundary blurring|positive emotions|boundary theory|employee engagement|employee turnover|employee morale|social media policy|financial institutions|workplace isolation,Cyberloafing and Workplace Behavior,Demography,Social Sciences,Social Sciences
https://doi.org/10.1057/ejis.2015.11,Measuring eGovernment success: a public value approach,2015,2015-12-08,Murray Scott|William H. DeLone|William Golden,Ollscoil na Gaillimhe – University of Galway|American University,IE|US|IE,192,NOT Open Access,,public value theory|DeLone and McLean IS success model|citizen perceptions|social values|efficiency and effectiveness|public trust in government|user participation in decision-making|personalization|government websites,E-Government and Public Services,Political Science and International Relations,Social Sciences,Social Sciences
https://doi.org/10.1080/0960085x.2022.2154712,"Integrating and synthesising technostress research: a meta-analysis on technostress creators, outcomes, and IS usage contexts",2023,2023-01-09,Ilja Nastjuk|Simon Thanh-Nam Trang|Julius-Viktor Grummeck-Braamt|Marc T. P. Adam|Monideepa Tarafdar,University of Göttingen|University of Newcastle Australia|University of Massachusetts Amherst,DE|DE|AU|AU|US,192,Open Access,"The expansion of technostress research in the organisational and private IS usage contexts has generated substantial theoretical and empirical insights into the relationship between technostress creators and psychological and behavioural outcomes. However, we observe empirical inconsistencies in terms of effect sizes and conceptual inconsistencies regarding the aggregated and disaggregated treatment of technostress creators. Against this background, we argue that a fine-grained estimation and comparison of effect size strengths of technostress creators on outcomes can provide clarity on these essential matters. Using the Hunter and Schmidt method, we integrated and synthesised empirical data from 102 articles, encompassing 113 independent studies with a total of 49,955 observations. Our analysis offers four important contributions to the technostress literature. First, it confirms that technostress is meaningful in terms of its detrimental impact on both psychological and behavioural outcomes. Second, the results provide accurate effect size estimates for technostress creators on different outcomes in organisational and private usage contexts. Third, the results reveal that psychological outcomes are more immediate than behavioural outcomes. Fourth, the findings suggest that in certain contexts, a disaggregated account of technostress creators can reveal meaningful empirical information.",technostress|psychological outcomes|behavioural outcomes|information system use|effect size,Technostress in Professional Settings,Social Psychology,Psychology,Social Sciences
https://doi.org/10.1080/0960085x.2020.1814171,Resilience against crises: COVID-19 and lessons from natural disasters,2020,2020-09-02,Mihoko Sakurai|Hameed Chughtai,International University of Japan|University of Southampton,JP|GB,190,Open Access,"Pandemics and natural disasters – what do they have in common? Both disrupt social and organisational practices. Both call for resilience in society. Information systems can foster and enhance the resilience of people, communities and organisations by strengthening their ability to adapt to uncertainty, enabling a transition towards an appropriate restoration of order in society. COVID-19 has caused significant disturbances at all societal levels. The impacts range from national lockdowns to social distancing and self-isolation. Everyday practices and business processes are severed or have been halted. Resilience is needed. But how can we foster resilience in the face of a pandemic? What lessons can we learn from other crises like natural disasters? The purpose of this brief communication is to identify important insights from a study of the Great East Japan Earthquake of 2011 and illustrate how they are relevant to the current crisis. We identify the role of information systems in fostering resilience against crisis, and suggest some recommendations regarding transformation for resilience more generally.",resilience|COVID-19 pandemic|natural disasters|Great East Japan Earthquake|information systems|crisis management|organizational resilience|social resilience|adaptation to uncertainty|disaster lessons,Disaster Management and Resilience,Sociology and Political Science,Social Sciences,Social Sciences
https://doi.org/10.1057/ejis.2013.1,Why end-users move to the cloud: a migration-theoretic analysis,2013,2013-03-12,Anol Bhattacherjee|Sang Cheol Park,Sogang University|University of South Florida|Hyupsung University,KR|US|KR,188,NOT Open Access,,cloud computing adoption|IT migration|migration theory|end-user behavior|Google Apps|switching behavior|information technology adoption|post-adoption behavior|migration determinants,Technology Adoption and User Behaviour,Information Systems and Management,Decision Sciences,Social Sciences
https://doi.org/10.1057/s41303-017-0049-y,Balancing exploration and exploitation of IT resources: the influence of Digital Business Intensity on perceived organizational performance,2017,2017-05-09,Joseph K. Nwankpa|Pratim Milton Datta,Miami University|Kent State University,US|US,186,Open Access,"Facing a barrage of novel information technology (IT), organizations must invest on the basis of the impact of IT capabilities on the organization’s performance. This research extends Bharadwaj’s (MIS Quarterly 169–196, ) resource-based view of the relationship between IT capability and performance by introducing both the mediating and moderating effects of Digital Business Intensity (DBI). Empirical data collected from CIO’s from US firms reveal that although IT capability positively influences organizational performance, this relationship may differ in strength at different levels of DBI. Our study also finds that IT capability is important in determining DBI, which in turn influences organizational performance. Findings highlight tensions between DBI exploration and IT capabilities exploitation. Results also suggest that companies that leverage their existing IT capabilities to drive DBI are more adept at securing performance returns. However, when DBI investments do not complement existing IT capabilities, DBI appears to dampen performance, further accentuated for high-DBI firms.",IT capabilities|organizational performance|exploration and exploitation|resource-based view|IT investment|CIO|mediating and moderating effects,Information Technology Governance and Strategy,Management Information Systems,"Business, Management and Accounting",Social Sciences
https://doi.org/10.1057/ejis.2015.15,Dispositional and situational factors: influences on information security policy violations,2016,2016-02-23,Allen C. Johnston|Merrill E. Warkentin|Maranda McBride|Lemuria D. Carter,University of Alabama at Birmingham|Mississippi State University|North Carolina Agricultural and Technical State University|Virginia Commonwealth University,US|US|US|US,185,NOT Open Access,,insider threats|dispositional factors|situational factors|compliance behavior|moderating effect,Information and Cyber Security,Information Systems,Computer Science,Physical Sciences
https://doi.org/10.1057/s41303-016-0020-3,Contextualizing the twin concepts of systematicity and transparency in information systems literature reviews,2016,2016-09-20,Guy Paré|Mary Tate|David Johnstone|Spyros Kitsiou,HEC Montréal|Victoria University of Wellington|University of Illinois Chicago,CA|NZ|NZ|US,185,NOT Open Access,,systematicity|transparency|reporting guidelines|review genre|abductive reasoning|inductive reasoning|trustworthiness,Meta-analysis and systematic reviews,"Statistics, Probability and Uncertainty",Decision Sciences,Social Sciences
https://doi.org/10.1057/s41303-016-0029-7,"Information quality, user satisfaction, and the manifestation of workarounds: a qualitative and quantitative study of enterprise content management system users",2017,2017-03-10,Sven Laumer|Christian Maier|Tim Weitzel,University of Bamberg,DE|DE|DE,185,Open Access,"In this paper, we focus on a critical aspect of work in organizations: using information in work tasks which is provided by information systems (IS) such as enterprise content management (ECM) systems. Our study based on the IS success model, 34 interviews, and an empirical study of 247 ECM system users at a financial service provider indicates that it is appropriate to differentiate between contextual and representational information quality as two information quality dimensions. Furthermore, we reveal that in addition to system quality, the two information quality dimensions are important in determining end-user satisfaction, which in turn influences the manifestation of workarounds. Our study also finds that employees using workarounds to avoid an ECM system implemented several years is negatively related to individual net benefits of the ECM system. Hence, we conclude that when investigating large-scale IS such as ECM systems, it is important to differentiate among information quality dimensions to more deeply understand end-user satisfaction and the resulting manifestation of workarounds. Moreover, this research guides organizations in implementing the most appropriate countermeasures based on the importance of either contextual or representational information quality.",enterprise content management systems|information quality|user satisfaction|workarounds|DeLone and McLean model|system quality|net benefit|financial sector employees,Information Systems and Technology Applications,Management Information Systems,"Business, Management and Accounting",Social Sciences
https://doi.org/10.1057/s41303-017-0039-0,Design principles for sensemaking support systems in environmental sustainability transformations,2017,2017-02-24,Stefan Seidel|Leona Chandra Kruse|Nadine Székely|Michael Gau|Daniel Stieger,University of Liechtenstein|Universität Innsbruck,LI|LI|LI|LI|AT,184,Open Access,"This paper reports on the results of a design science research (DSR) study that develops design principles for information systems (IS) that support organisational sensemaking in environmental sustainability transformations. We identify initial design principles based on salient affordances required in organisational sensemaking and revise them through three rounds of developing, demonstrating and evaluating a prototypical implementation. Through our analysis, we learn how IS can support essential sensemaking practices in environmental sustainability transformations, including experiencing disruptive ambiguity through the provision of environmental data, noticing and bracketing, engaging in an open and inclusive communication and presuming potential alternative environmentally responsible actions. We make two key contributions: First, we provide a set of theory-inspired design principles for IS that support sensemaking in sustainability transformations, and revise them empirically using a DSR method. Second, we show how the concept of affordances can be used in DSR to investigate how IS can support organisational practices. While our findings are based on the investigation of the substantive context of environmental sustainability transformation, we suggest that they might be applicable in a broader set of contexts of organisational sensemaking and thus for a broader class of sensemaking support systems.",design principles|affordances|information system design|inclusive communication|sustainability transitions,Information Systems Theories and Implementation,Sociology and Political Science,Social Sciences,Social Sciences
https://doi.org/10.1080/0960085x.2017.1398880,Transparency in literature reviews: an assessment of reporting practices across review types and genres in top IS journals,2017,2017-11-30,Mathieu Templier|Guy Paré,Université Laval|HEC Montréal,CA|CA,184,NOT Open Access,,reporting practices|information systems journals|cumulative knowledge,Meta-analysis and systematic reviews,"Statistics, Probability and Uncertainty",Decision Sciences,Social Sciences
https://doi.org/10.1057/s41303-017-0066-x,Why security and privacy research lies at the centre of the information systems (IS) artefact: proposing a bold research agenda,2017,2017-11-01,Paul Benjamin Lowry|Tamara Dinev|Robert Willison,University of Hong Kong|Florida Atlantic University|Newcastle University,HK|US|GB,180,Open Access,"In this essay, we outline some important concerns in the hope of improving the effectiveness of security and privacy research. We discuss the need to re-examine our understanding of information technology and information system (IS) artefacts and to expand the range of the latter to include those artificial phenomena that are crucial to information security and privacy research. We then briefly discuss some prevalent limitations in theory, methodology, and contributions that generally weaken security/privacy studies and jeopardise their chances of publication in a top IS journal. More importantly, we suggest remedies for these weaknesses, identifying specific improvements that can be made and offering a couple of illustrations of such improvements. In particular, we address the notion of loose re-contextualisation, using deterrence theory research as an example. We also provide an illustration of how the focus on intentions may have resulted in an underuse of powerful theories in security and privacy research, because such theories explain more than just intentions. We then outline three promising opportunities for IS research that should be particularly compelling to security and privacy researchers: online platforms, the Internet of things, and big data. All of these carry innate information security and privacy risks and vulnerabilities that can be addressed only by researching each link of the systems chain, that is, technologies–policies–processes–people–society–economy–legislature. We conclude by suggesting several specific opportunities for new research in these areas.",information security research|privacy research|deterrence theory|digital platforms|Internet of Things|big data|research agenda,Information and Cyber Security,Information Systems,Computer Science,Physical Sciences
https://doi.org/10.1057/ejis.2012.15,Toward a better understanding of behavioral intention and system usage constructs,2012,2012-04-03,Jiming Wu|Hongwei Du,"California State University, East Bay",US|US,177,NOT Open Access,,behavioral intention|system use|actual use|technology acceptance|user behavior,Technology Adoption and User Behaviour,Information Systems and Management,Decision Sciences,Social Sciences
https://doi.org/10.1057/ejis.2010.42,Effects of visual and textual information in online product presentations: looking for the best combination in website design,2010,2010-08-17,Carlos Flavián|Raquel Gurrea|Carlos Orús,Universidad de Zaragoza,ES|ES|ES,177,NOT Open Access,,online product presentation|web design|product image|textual information|information recall|perceived information quality|user familiarity|e-commerce,Consumer Behavior and Marketing Influence,Marketing,"Business, Management and Accounting",Social Sciences
https://doi.org/10.1057/ejis.2013.18,A systematic methodology for privacy impact assessments: a design science approach,2013,2013-07-23,Marie Caroline Oetzel|Sarah Spiekermann,Vienna University of Economics and Business,AT|AT,177,Open Access,"For companies that develop and operate IT applications that process the personal data of customers and employees, a major problem is protecting these data and preventing privacy breaches. Failure to adequately address this problem can result in considerable damage to the company's reputation and finances, as well as negative effects for customers or employees (data subjects). To address this problem, we propose a methodology that systematically considers privacy issues by using a step-by-step privacy impact assessment (PIA). Existing PIA approaches cannot be applied easily because they are improperly structured or imprecise and lengthy. We argue that companies that employ our PIA can achieve ‘privacy-by-design’, which is widely heralded by data protection authorities. In fact, the German Federal Office for Information Security (BSI) ratified the approach we present in this article for the technical field of RFID and published it as a guideline in November 2011. The contribution of the artefacts we created is twofold: First, we provide a formal problem representation structure for the analysis of privacy requirements. Second, we reduce the complexity of the privacy regulation landscape for practitioners who need to make privacy management decisions for their IT applications.",privacy impact assessment|privacy by design|personal data protection|privacy requirements|privacy regulation|privacy management|RFID|information technology applications|privacy violations|data protection authorities,"Privacy, Security, and Data Protection",Sociology and Political Science,Social Sciences,Social Sciences
https://doi.org/10.1057/ejis.2014.43,An espoused cultural perspective to understand continued intention to use mobile applications: a four-country study of mobile social media application usability,2015,2015-03-31,Hartmut Hoehle|Xiaojun Zhang|Viswanath Venkatesh,University of Arkansas at Fayetteville|Hong Kong University of Science and Technology,US|HK|US,175,Open Access,"As most mobile applications are tailored for worldwide consumption, it is a significant challenge to develop applications that satisfy individuals with various cultural backgrounds. To address this issue, we drew on a recently developed conceptualization and associated instrument of mobile application usability to develop a model examining the impact of mobile social media application usability on continued intention to use. Drawing on Hofstede’s five cultural values, we incorporated espoused cultural values of masculinity/femininity, individualism/collectivism, power distance, uncertainty avoidance, and long-term orientation into our model as moderators. To test the model, we collected data from 1,844 consumers in four countries – the U.S., Germany, China, and India – who use mobile social media applications on their smartphones. The results provided support for the role of espoused national cultural values in moderating the impact of mobile social media application usability on continued intention to use and the model, with espoused cultural values explaining significantly more variance in continued intention to use (i.e., 38%) than the main effects-only model (i.e., 19%). Interestingly, our results demonstrated that culture at the national level did not play a significant role in affecting the relationship between usability constructs and continued intention to use, thus underscoring the importance of espoused culture.",software usability|Hofstede cultural dimensions|masculinity and femininity|individualism-collectivism|power distance|uncertainty avoidance|long-term orientation|cross-cultural consumer behavior|smartphone users,Technology Adoption and User Behaviour,Information Systems and Management,Decision Sciences,Social Sciences
https://doi.org/10.1057/ejis.2011.52,The impact of IT-business strategic alignment on firm performance in a developing country setting: exploring moderating roles of environmental uncertainty and strategic orientation,2011,2011-11-15,Ali Alper Yayla|Qing Hu,Binghamton University|Iowa State University,US|US,173,Open Access,"Aligning information technology (IT) strategy with business strategy has been one of the top concerns of practitioners and scholars for decades. Although numerous studies have documented positive effects of IT-business alignment on organizational performance, our knowledge about this relationship is still limited due to the complexity of contingent factors. The extant literature is largely based on research in the context of developed countries and few studies have explicitly considered the effects of contextual factors such as market environment and competitive strategy on this relationship. In this study, we attempt to fill these gaps by testing the alignment–performance relationship in a developing country setting and investigating the moderating roles of environmental uncertainty and strategic orientation on the performance effects of strategic alignment using survey data collected in Turkey. Our analyses show that this positive effect is statistically significant in highly uncertain environments and varies across performance measures. Our results also show that the strategic alignment between IT and business has a significant impact on performance across all choices of strategic orientation – defender, prospector, or analyzer. Theoretical and practical implications are discussed and future research directions are explored.",business-IT alignment|firm performance|environmental uncertainty|strategic orientation|moderating effect|developing countries|competitive strategy|market conditions|Turkey,Information Technology Governance and Strategy,Management Information Systems,"Business, Management and Accounting",Social Sciences
https://doi.org/10.1080/0960085x.2020.1771222,A multi-level influence model of COVID-19 themed cybercrime,2020,2020-05-03,Rennie Naidoo,University of Pretoria,ZA,172,Open Access,"The recent severity and frequency of cybercrime has been dominated by a single theme – the COVID-19 pandemic. This research develops a multi-level influence model to explore how cybercriminals are exploiting the COVID-19 pandemic by assessing situational factors, identifying victims, impersonating trusted sources, selecting attack methods, and employing social engineering techniques. The model extends upon prior work on influence techniques and emotional appeals that cybercriminals employ, by bringing into sharper focus the role of situational factors in COVID-19 related cybercrime attacks. Content and thematic analysis was conducted on 185 distinct COVID-19 cybercrime scam incident documents, including text, images, and photos, provided by a global online fraud and cybersecurity company tracking COVID-19 related cybercrime. The analysis reveals interesting patterns about the sheer breadth and diversity of COVID-19 related cybercrime and how these crimes are continually evolving in response to changing situational factors. It is hoped that these insights and recommendations for end-users and organisations can contribute to a safer digital world as we cope with many other pressing challenges during the COVID-19 pandemic.",social engineering|influence tactics|emotional appeal|situational factors|victim identification|attack methods|online fraud,Cybercrime and Law Enforcement Studies,Information Systems,Computer Science,Physical Sciences
https://doi.org/10.1057/ejis.2010.10,The strategic value of supply chain visibility: increasing the ability to reconfigure,2010,2010-03-09,Hsiao‐Lan Wei|Eric T.G. Wang,National Taiwan University of Science and Technology|National Central University,TW|TW,171,NOT Open Access,,supply chain visibility|strategic value|dynamic capabilities|competitive advantage,Quality and Supply Management,Management Information Systems,"Business, Management and Accounting",Social Sciences
https://doi.org/10.1080/0960085x.2020.1869508,"The good, the bad, and the ugly: impact of analytics and artificial intelligence-enabled personal information collection on privacy and participation in ridesharing",2021,2021-01-11,Xusen Cheng|Linlin Su|Xin Robert Luo|Jose Benitez|Shun Cai,Renmin University of China|University of International Business and Economics|University of New Mexico|École Supérieure de Commerce de Rennes|Xiamen University,CN|CN|US|FR|CN,171,Open Access,"Big data analytics (BDA) and artificial intelligence (AI) may provide both bright and dark sides that may affect user participation in ridesharing. We do not know whether the juxtaposed sides of these IT artefacts influence users’ cognitive appraisals, and if so, to what extent will their participative behaviour be affected. This paper contributes to the IS research by uncovering the interplay between the dark and bright sides of BDA and AI and the underlying mechanisms of cognitive appraisals for user behaviour in ridesharing. We performed two phases of the study using mixed-methods. In the first study, we conduct 21 semi-structured interviews to develop the research model. The second study empirically validated the research model using survey data of 332 passengers. We find that the usage of BDA and AI on ridesharing platforms have a bright side (usefulness, “the good”) but also a dark side (uncertainty and invasion of privacy, “the bad and the ugly”). The bright side generates perceived benefits, and the dark side shape perceived risks in users, which discount the risks from the benefits of using the ridesharing platform. Privacy control exerts a positive effect on the perceived benefits to encourage individuals to use the ridesharing platform.",ride-sharing|big data analytics|artificial intelligence|personal data collection|privacy|user participation|cognitive appraisal|perceived benefits and risks|privacy control|user behavior,"Privacy, Security, and Data Protection",Sociology and Political Science,Social Sciences,Social Sciences
https://doi.org/10.1057/ejis.2014.31,Theoretical perspectives in IS research: from variance and process to conceptual latitude and conceptual fit,2014,2014-09-30,Andrew Burton‐Jones|Ephraim R. McLean|Emmanuel Monod,The University of Queensland|Georgia State University|Shanghai Jiao Tong University,AU|US|CN,167,NOT Open Access,,theoretical approaches|theory development|process perspective|systems approach|DeLone and McLean model|theoretical model|knowledge production,Information Systems Theories and Implementation,Sociology and Political Science,Social Sciences,Social Sciences
https://doi.org/10.1057/s41303-017-0047-0,User response to mandatory IT use: a coping theory perspective,2017,2017-04-05,Anol Bhattacherjee|Christopher J. Davis|Amy J. Connolly|Neşet Hikmet,University of South Florida|University of South Florida St. Petersburg|James Madison University|University of South Carolina,US|US|US|US,164,Open Access,"The introduction of a new information technology (IT) into a workplace often engenders a wide range of responses among users. These responses encompass a variety of emotions, such as excitement, indifference, skepticism, and fear, and behaviors, such as user engagement, avoidance, and workarounds, that are often manifested concurrently in the same work environment. We present a taxonomy of these responses in the context of mandated IT use by classifying user responses as engaged, compliant, reluctant, or deviant. Using a coping theoretic lens, we offer seven propositions to describe the causal factors and processes that drive specific IT user responses and how such responses might change over time. A qualitative analysis of 47 interviews of 42 physicians at a large community hospital over an 8-year period provides support for our taxonomy and propositions. The study’s key contributions are that it conceptualizes different types of user responses that may emerge in mandatory IT use settings, elaborates the key drivers of and processes underlying these diverse responses, and suggests how those behaviors may change over time with changes in the coping process.",coping theory|user engagement|workarounds|user compliance|physicians|hospital information systems|technology adoption,Technology Adoption and User Behaviour,Information Systems and Management,Decision Sciences,Social Sciences
https://doi.org/10.1080/0960085x.2018.1512944,Social media empowerment in social movements: power activation and power accrual in digital activism,2018,2018-09-17,Carmen Leong|Shan Ling Pan|Shamshul Bahri|Ali Fauzi,UNSW Sydney|University of Malaya,AU|AU|MY|MY,163,NOT Open Access,,social movements|digital activism|connective action|collective action|grassroots organizing|environmental movement|grassroots leaders,Social Media and Politics,Communication,Social Sciences,Social Sciences
https://doi.org/10.1080/0960085x.2022.2096490,Developing human/AI interactions for chat-based customer services: lessons learned from the Norwegian government,2022,2022-07-07,Polyxeni Vassilakopoulou|Arve Haug|Leif Martin Salvesen|Ilias O. Pappas,University of Agder|Norwegian Labour and Welfare Administration|Norwegian University of Science and Technology,NO|NO|NO|NO,155,Open Access,"Advancements in human/AI interactions led to smartification of public services via the use of chatbots. Here, we present findings from a clinical inquiry research project in a key public service organisation in Norway. In this project, researchers and practitioners worked together to generate insights on the action possibilities offered to human service agents by chatbots and the potential for creating hybrid human/AI service teams. The project sensitised service agents to discover affordances based on their actual practices, rather than on the predefined use of chatbots. The different affordances identified can be useful for practitioners who design and deploy chatbot-based services. The action possibilities afforded by chatbots provide new ways for service agents and chatbots to work as a team addressing citizens’ needs. Drawing from the whole research process, we offer three lessons learned from the Norwegian Government on human/AI partnerships, theory-based interventions, and institutionalised collaborative research that can be useful for researchers that want to engage with practice and organisations that want to evolve their technology use, stimulate innovation, and engage with research.",human-AI interaction|chatbots|service agents|affordances|public service organizations|Norwegian government|human-AI collaboration|research collaboration|theory-based intervention|lessons learned,AI in Service Interactions,Artificial Intelligence,Computer Science,Physical Sciences
https://doi.org/10.1057/ejis.2012.28,E-government adoption in public administration organizations: integrating institutional theory perspective and resource-based view,2012,2012-06-19,Daqing Zheng|Chen Jin|Lihua Huang|Cheng Zhang,Shanghai University of Finance and Economics|National University of Singapore|Fudan University,CN|SG|CN|CN,152,NOT Open Access,,e-government adoption|public administration organization|top management commitment|institutional theory|resource-based view|coercive institutional pressures|IT human resources|adoption intention,E-Government and Public Services,Political Science and International Relations,Social Sciences,Social Sciences
https://doi.org/10.1080/0960085x.2020.1796531,Capturing the complexity of gamification elements: a holistic approach for analysing existing and deriving novel gamification designs,2020,2020-10-19,Sofia Schöbel|Andreas Janson|Matthias Söllner,University of Kassel|University of St.Gallen,DE|CH|DE,152,Open Access,"Gamification is a well-known approach that refers to the use of elements to increase the motivation of information systems users. A remaining challenge in gamification is that no shared understanding of the meaning and classification of gamification elements currently exists. This impedes guidance concerning analysis and development of gamification concepts, and often results in non-effective gamification designs. The goal of our research is to consolidate current gamification research and rigorously develop a taxonomy, as well as to demonstrate how a systematic classification of gamification elements can provide guidance for the gamification of information systems and improve understanding of existing gamification concepts. To achieve our goal, we develop a taxonomic classification of gamification elements before evaluating this taxonomy using expert interviews. Furthermore, we provide evidence as to the taxonomy’s feasibility using two practical cases: First, we show how our taxonomy helps to analyse existing gamification concepts; second, we show how our taxonomy can be used for guiding the gamification of information systems. We enrich theory by introducing a novel taxonomy to better explain the characteristics of gamification elements, which will be valuable for both gamification analysis and design. This paper will help guide practitioners to select and combine gamification elements for their gamification concepts.",gamification|game elements|taxonomy (general classification scheme)|gamification design|user motivation|information systems,Educational Games and Gamification,Developmental and Educational Psychology,Psychology,Social Sciences
https://doi.org/10.1057/ejis.2010.65,Open innovation and public administration: transformational typologies and business model impacts,2010,2010-12-21,Joseph Feller|Patrick Finnegan|Olof Nilsson,University College Cork|UNSW Sydney|Mid Sweden University,IE|AU|SE,146,NOT Open Access,,open innovation|public administration|e-government|transformational government|municipal networks|value creation|service delivery|organizational change|Swedish municipalities,Innovative Approaches in Technology and Social Development,Management of Technology and Innovation,"Business, Management and Accounting",Social Sciences
https://doi.org/10.1057/ejis.2011.9,Towards the improved treatment of generalization of knowledge claims in IS research: drawing general conclusions from samples,2011,2011-04-26,Peter Beaufort Seddon|Rens Scheepers,The University of Melbourne|Deakin University,AU|AU,143,NOT Open Access,,sample representativeness|non-probability sampling|population definition|boundary conditions|research rigor,Information Systems Theories and Implementation,Sociology and Political Science,Social Sciences,Social Sciences
https://doi.org/10.1057/ejis.2011.37,Quantitative approaches to content analysis: identifying conceptual drift across publication outlets,2011,2011-08-30,Marta Indulska|Dirk S. Hovorka|Jan Recker,The University of Queensland|Bond University|Queensland University of Technology,AU|AU|AU,143,Open Access,"Unstructured text data, such as emails, blogs, contracts, academic publications, organizational documents, transcribed interviews, and even tweets, are important sources of data in Information Systems research. Various forms of qualitative analysis of the content of these data exist and have revealed important insights. Yet, to date, these analyses have been hampered by limitations of human coding of large data sets, and by bias due to human interpretation. In this paper, we compare and combine two quantitative analysis techniques to demonstrate the capabilities of computational analysis for content analysis of unstructured text. Specifically, we seek to demonstrate how two quantitative analytic methods, viz., Latent Semantic Analysis and data mining, can aid researchers in revealing core content topic areas in large (or small) data sets, and in visualizing how these concepts evolve, migrate, converge or diverge over time. We exemplify the complementary application of these techniques through an examination of a 25-year sample of abstracts from selected journals in Information Systems, Management, and Accounting disciplines. Through this work, we explore the capabilities of two computational techniques, and show how these techniques can be used to gather insights from a large corpus of unstructured text.",content analysis|unstructured text|concept drift|topic evolution|latent semantic analysis|data mining|computational text analysis|journal abstracts|information systems research|management research|accounting research|publication outlets,Computational and Text Analysis Methods,General Social Sciences,Social Sciences,Social Sciences
https://doi.org/10.1057/s41303-016-0002-5,Untangling the complex role of guilt in rational decisions to discontinue the use of a hedonic Information System,2016,2016-07-14,Ofir Turel,"South China Agricultural University|University of Southern California|California State University, Fullerton",CN|US,141,NOT Open Access,,guilt|social networking sites|theory of planned behavior|continuance|moral emotions|technology use behavior|partial mediation|moderating effect,Technology Adoption and User Behaviour,Information Systems and Management,Decision Sciences,Social Sciences
https://doi.org/10.1080/0960085x.2021.1884009,Introducing platform ecosystem resilience: leveraging mobility platforms and their ecosystems for the new normal during COVID-19,2021,2021-02-23,Rob Jago Floetgen|Jana Strauss|Jörg Weking|Andreas Hein|Florian Urmetzer|Markus Böhm|Helmut Krcmar,Technical University of Munich|University of Cambridge,DE|GB|DE|DE|GB|DE|DE,140,Open Access,"COVID-19 has created many constraint-related challenges for humans in general and organisations in particular. Specifically, businesses that require physical contact, such as mobility providers, have been severely impacted by the crisis. This paper reveals how mobility platforms and their ecosystem of actors have adapted faster than their non-platform competitors to become resilient. Whereas current research on resilience explicitly deals with the concept of organisational resilience, community resilience, or IT resilience, socio-technical characteristics of digital platforms have not been investigated. We build on a case survey approach, including heterogeneous qualitative evidence of 266 actions of 171 analysed mobility platforms. The results show five archetypes of how mobility platforms leverage their platform-based nature and the ecosystem to build resilience. Based on this, we develop the concept of platform ecosystem resilience as leveraging socio-technical factors of digital platforms and ecosystems frugally to design, deploy and use situation-specific responses to prepare for, endure and adapt by capturing new opportunities and engaging in transformative activities to cope with exogenous shocks and become resilient for future disruptions. Our results emphasise the importance of platform ecosystems for practitioners and policy planners to develop the “new normal” rather than resuming existing practices.",mobility platforms|COVID-19 pandemic|socio-technical factors|digital platforms|platform ecosystems|new normal|business disruption|organizational resilience|adaptive response,Digital Platforms and Economics,Strategy and Management,"Business, Management and Accounting",Social Sciences
https://doi.org/10.1080/0960085x.2020.1803155,Contact-tracing apps and alienation in the age of COVID-19,2020,2020-09-02,Frantz Rowe|Ojelanki K. Ngwenyama|Jean‐Loup Richet,SKEMA Business School|Laboratoire d'Economie et de Management de Nantes Atlantique|Université de Nantes|Nantes Université|University of Cape Town|Toronto Metropolitan University|IAE Paris - Sorbonne Business School|Université Paris 1 Panthéon-Sorbonne,FR|CA|ZA|FR,139,Open Access,"Using a core idea of critical social theory, alienation, we interrogate the failure in the design and adoption of a Stop-COVID app in France. We analyse the political and scientific discourse, to develop an understanding of the conditions giving rise to this failure in this unprecedented moment. We argue that the digital-first solutionist approach taken by the government failed because, as in all Western countries, most stakeholders were alienated from the reality of the COVID-19 pandemic and lacked concrete knowledge of it. Furthermore, the French government and its COVID-19 council excluded relevant scientific experts in favour of quantitative modelling based on abstract partial knowledge. This along with coercion and lack of transparency about the app, reinforced alienation, undermined effectiveness in managing the crisis and resulted in the digital design failure. We suggest that such alienation will prevail in the COVID-19 era characterised by regimes of control, rampant abusive location tracking, and data collection, and where public officials are more concerned with managing effects than seeking causal explanations. The digital-first solutionist approach was adopted, not because digital solutions (to contact tracing) are superior to traditional ones, but by default due to alienation and lack of interdisciplinary cooperation.",contact tracing apps|alienation|COVID-19 pandemic|quantitative modeling|coercion|transparency|location tracking|data collection|public trust|crisis management|critical social theory|France,COVID-19 Digital Contact Tracing,Information Systems,Computer Science,Physical Sciences
https://doi.org/10.1057/s41303-017-0058-x,Which phish get caught? An exploratory study of individuals′ susceptibility to phishing,2017,2017-07-19,Gregory Daniel Moody|Dennis F. Galletta|Brian Kimball Dunn,"University of Nevada, Las Vegas|University of Pittsburgh|Utah State University",US|US|US,138,NOT Open Access,,phishing|personality factors|trust|distrust|curiosity|risk propensity|internet anxiety|internet use,Spam and Phishing Detection,Information Systems,Computer Science,Physical Sciences
https://doi.org/10.1057/ejis.2010.39,User resistance determinants and the psychological contract in enterprise system implementations,2010,2010-07-13,Tim Klaus|James Ellis Blanton,Texas A&M University|Texas A&M University – Corpus Christi|University of South Florida,US|US,137,NOT Open Access,,user resistance|psychological contract|enterprise system implementation|information systems adoption|user acceptance|employee-organization relationship|resistance determinants,ERP Systems Implementation and Impact,Management Information Systems,"Business, Management and Accounting",Social Sciences
https://doi.org/10.1080/0960085x.2021.1978342,FinTech ecosystem practices shaping financial inclusion: the case of mobile money in Ghana,2021,2021-09-27,Prince Kwame Senyo|Stan Karanasios|Daniel Gozman|Melissa Selley Akosua Baba,University of Southampton|The University of Queensland|The University of Sydney|University of Reading,GB|AU|AU|GB|GB,137,Open Access,"Financial technology (FinTech) is widely recognised as important in addressing financial inclusion. However, limited research theorises how new entrants and incumbents work together in FinTech ecosystems to shape financial inclusion. We undertake a theory-generating case study with multilevel interacting organisations in Ghana, where, like many other African countries, the growth in FinTech has led to new opportunities for financial inclusion. We conceptualise three practices, as building blocks at the ecosystem level, through which incumbents and new entrants shape financial inclusion: (1) innovative and collaborative practices, (2) protectionist and equitable practices, and (3) legitimising and sustaining practices. We articulate a theoretical model that explains how the practices shape financial inclusion and propose three theoretical propositions of how financial inclusion in developing countries is being scaled and shaped in terms of actors, relationships, and practices.",fintech ecosystem|financial inclusion|mobile money|protectionism|legitimacy|ecosystem sustainability|developing countries|Ghana,"FinTech, Crowdfunding, Digital Finance",Management Information Systems,"Business, Management and Accounting",Social Sciences
https://doi.org/10.1057/ejis.2015.12,Achieving dynamic capabilities with cloud computing: an empirical investigation,2015,2015-11-24,Douglas A Battleson|Barry West|Jongwoo Kim|Balasubramaniam Ramesh|Pamela S. Robinson,Georgia State University||University of Massachusetts Boston,US||US|US|,136,NOT Open Access,,dynamic capabilities|cloud computing|business process redesign|market dynamism|IT capabilities|interorganizational networks|service effectiveness|service efficiency,Innovation and Knowledge Management,Strategy and Management,"Business, Management and Accounting",Social Sciences
https://doi.org/10.1057/ejis.2012.61,Board-level IT governance and organizational performance,2013,2013-02-05,Ofir Turel|Chris Bart,"California State University, Fullerton|McMaster University",US|CA,134,NOT Open Access,,board of directors|organizational performance|resource-based view|contingency theory|corporate governance,Information Technology Governance and Strategy,Management Information Systems,"Business, Management and Accounting",Social Sciences
https://doi.org/10.1057/s41303-017-0046-1,Service robots in hospitals: new perspectives on niche evolution and technology affordances,2017,2017-03-28,Tobias Mettler|Michaela Sprenger|Robert Winter,University of Lausanne|University of St.Gallen,CH|CH|CH,134,Open Access,"Changing demands in society and the limited capabilities of health systems have paved the way for robots to move out of industrial contexts and enter more human-centered environments such as health care. We explore the shared beliefs and concerns of health workers on the introduction of autonomously operating service robots in hospitals or professional care facilities. By means of Q-methodology, a mixed research approach specifically designed for studying subjective thought patterns, we identify five potential end-user niches, each of which perceives different affordances and outcomes from using service robots in their working environment. Our findings allow for better understanding resistance and susceptibility of different users in a hospital and encourage managerial awareness of varying demands, needs, and surrounding conditions that a service robot must contend with. We also discuss general insights into presenting the Q-methodology results and how an affordance-based view could inform the adoption, appropriation, and adaptation of emerging technologies.",service robots|hospital robotics|healthcare automation|technology affordances|health workers' perceptions|technology adoption|technology appropriation|resistance to automation|Q methodology|human-robot interaction,Information Systems Theories and Implementation,Sociology and Political Science,Social Sciences,Social Sciences
https://doi.org/10.1057/ejis.2014.9,Examining the antecedents of user gratification and its effects on individuals’ social network services usage: the moderating role of habit,2014,2014-04-29,Chao‐Min Chiu|Hsin‐Yi Huang,National Sun Yat-sen University|Soochow University,TW|TW,133,NOT Open Access,,social networking sites|user gratification|habit|continuance intention|user loyalty|uses and gratifications theory|parasocial interaction|Facebook users,Technology Adoption and User Behaviour,Information Systems and Management,Decision Sciences,Social Sciences
https://doi.org/10.1057/ejis.2013.6,Embracing diversity through mixed methods research,2013,2013-04-12,Pär J. Ågerfalk,,,133,Open Access,"Mixed methods research – ‘the third methodological movement’ (Teddlie & Tashakkori, 2009) – appears to be one of those phenomena that attracts considerable interest but is rarely brought into pract...",mixed methods|diversity|research methodology|information systems research,Business Strategies and Management Research,Management Science and Operations Research,Decision Sciences,Social Sciences
https://doi.org/10.1057/ejis.2012.20,Sociomateriality and boundary objects in information systems development,2012,2012-04-10,Bill Doolin|Laurie McLeod,Auckland University of Technology,NZ|NZ,132,NOT Open Access,,sociomateriality|boundary objects|information system development|prototype development|communities of practice,Information Systems Theories and Implementation,Sociology and Political Science,Social Sciences,Social Sciences
https://doi.org/10.1057/ejis.2012.52,Performing embodied identity in virtual worlds,2012,2012-12-11,Ulrike Schultze,Southern Methodist University|Lund University,SE|US,131,NOT Open Access,,embodied identity|virtual worlds|Second Life|disembodiment|performativity|representationalism|avatars|entrepreneurs,Digital Games and Media,Sociology and Political Science,Social Sciences,Social Sciences
https://doi.org/10.1057/ejis.2013.8,Information sharing and interoperability: the case of major incident management,2013,2013-06-18,David K. Allen|Stan Karanasios|Alistair Norman,University of Leeds,GB|GB|GB,130,NOT Open Access,,interoperability|major incident management|emergency services|first responders|police|activity theory|emergency response|government information systems,Information Systems Theories and Implementation,Sociology and Political Science,Social Sciences,Social Sciences
https://doi.org/10.1057/ejis.2012.25,Can we have fun @ work? The role of intrinsic motivation for utilitarian systems,2012,2012-06-19,Jennifer E. Gerow|Ramakrishna Ayyagari|Jason Bennett Thatcher|Philip L. Roth,Virginia Military Institute|University of Massachusetts Boston|Clemson University,US|US|US|US,129,NOT Open Access,,intrinsic motivation|extrinsic motivation|perceived enjoyment|perceived ease of use|perceived usefulness|technology acceptance|intention to use|actual use,Technology Adoption and User Behaviour,Information Systems and Management,Decision Sciences,Social Sciences
https://doi.org/10.1080/0960085x.2020.1787109,Bitcoin investment: a mixed methods study of investment motivations,2020,2020-07-14,Jens Mattke|Christian Maier|Lea Reis|Tim Weitzel,University of Bamberg,DE|DE|DE|DE,129,NOT Open Access,,Bitcoin|cryptocurrency investment|investment motivation|investment skills|blockchain,"FinTech, Crowdfunding, Digital Finance",Management Information Systems,"Business, Management and Accounting",Social Sciences
https://doi.org/10.1080/0960085x.2018.1547354,How does online interactional unfairness matter for patient–doctor relationship quality in online health consultation? The contingencies of professional seniority and disease severity,2018,2018-11-27,Xiaofei Zhang|Xitong Guo|Kee‐hung Lai|Yi Qiang Wu,Nankai University|Harbin Institute of Technology|Hong Kong Polytechnic University|Tianjin University,CN|CN|HK|CN,128,NOT Open Access,,online medical consultation|physician-patient relationship|disease severity|relationship quality,"Health, Technology, Consumer Behavior",Health Information Management,Health Professions,Health Sciences
https://doi.org/10.1057/ejis.2010.35,Toward an ‘IT Conflict-Resistance Theory’: action research during IT pre-implementation,2010,2010-06-08,Régis Meissonier|Emmanuel Houzé,Université Montpellier 2,FR|FR,126,NOT Open Access,,ERP implementation|conflict management|socio-political conflict|information system design|project failure,ERP Systems Implementation and Impact,Management Information Systems,"Business, Management and Accounting",Social Sciences
https://doi.org/10.1057/ejis.2010.64,The digital divide and t-government in the United States: using the technology acceptance model to understand usage,2010,2010-12-28,Janice C. Sipior|Burke T. Ward|Regina Connolly,Villanova University|Dublin City University,US|US|IE,126,NOT Open Access,,digital divide|transformational government|e-government adoption|technology acceptance model|perceived ease of use|perceived usefulness|access barriers|public housing|employment status|household income|educational attainment|United States,E-Government and Public Services,Political Science and International Relations,Social Sciences,Social Sciences
https://doi.org/10.1057/ejis.2010.71,Inter-organizational information systems adoption – a configuration analysis approach,2011,2011-01-18,Kalle Lyytinen|Jan Damsgaard,Case Western Reserve University|Copenhagen Business School|Curtin University,US|AU|DK,125,NOT Open Access,,interorganizational systems|technology adoption|configurational analysis|hub-and-spoke structure|technology diffusion|organizing vision,Information Systems Theories and Implementation,Sociology and Political Science,Social Sciences,Social Sciences
https://doi.org/10.1057/s41303-017-0056-z,Antecedents and outcomes of information privacy concerns in a peer context: An exploratory study,2017,2017-10-26,Zafer D. Özdemir|H. Jeff Smith|John H. Benamati,Miami University,US|US|US,125,NOT Open Access,,data privacy|privacy concerns|peer relationships|social media|Facebook|privacy awareness|trust|risk perception|perceived benefits|information disclosure,"Privacy, Security, and Data Protection",Sociology and Political Science,Social Sciences,Social Sciences
https://doi.org/10.1080/0960085x.2021.2018365,"The role of user perceptions of intelligence, anthropomorphism, and self-extension on continuance of use of personal intelligent agents",2022,2022-01-26,Sara Moussawi|Marios Koufaris|Raquel Benbunan‐Fich,Carnegie Mellon University|Baruch College,US|US|US,125,NOT Open Access,,voice assistants|continuance intention|perceived intelligence|anthropomorphism|self-extension|sense of ownership|personalization|user perception|technology adoption,Technology Adoption and User Behaviour,Information Systems and Management,Decision Sciences,Social Sciences
https://doi.org/10.1057/ejis.2012.42,How user risk and requirements risk moderate the effects of formal and informal control on the process performance of IT projects,2012,2012-09-04,Mark Keil|Arun Rai|Shan Liu,Georgia State University|Huazhong University of Science and Technology,US|US|CN,124,NOT Open Access,,IT project management|formal control|informal social control|user risk|process performance|moderating effect|project risk|IT project performance,Software Engineering Techniques and Practices,Information Systems,Computer Science,Physical Sciences
https://doi.org/10.1057/ejis.2011.35,Profiling grounded theory approaches in information systems research,2011,2011-08-30,Rangarirai Matavire|Irwin Brown,University of Cape Town,ZA|ZA,123,NOT Open Access,,grounded theory|information systems research|research methodology|methodological approaches|mixed methods|data analysis methods,Qualitative Research Methods and Applications,Education,Social Sciences,Social Sciences
https://doi.org/10.1057/ejis.2012.59,Guidelines for improving the contextual relevance of field surveys: the case of information security policy violations,2013,2013-02-12,Mikko T. Siponen|Anthony Vance,University of Jyväskylä|University of Oulu|Brigham Young University,FI|US,122,NOT Open Access,,contextual relevance|field survey|questionnaire development|practical relevance|research rigor|information systems security|behavioral research|content validity|organizational context|generalizability,Information and Cyber Security,Information Systems,Computer Science,Physical Sciences
https://doi.org/10.1080/0960085x.2018.1435230,“How does tech make you feel?” a review and examination of negative affective responses to technology use,2018,2018-03-01,David Agogo|Traci J. Hess,Florida International University|University of Massachusetts Amherst,US|US,119,NOT Open Access,,negative affect|computer anxiety|technophobia|technostress|nomological network|dark side of technology|technology adoption|construct definition,Technostress in Professional Settings,Social Psychology,Psychology,Social Sciences
https://doi.org/10.1080/0960085x.2021.1891004,Small business digital transformation in the context of the pandemic,2021,2021-03-24,Munir Mandviwalla|Richard Flanagan,Temple University,US|US,119,NOT Open Access,,small business|digital transformation|COVID-19 pandemic|action design research|technology adoption|business survival|digital platforms|information systems impact,Digital Innovation in Industries,Management of Technology and Innovation,"Business, Management and Accounting",Social Sciences
https://doi.org/10.1057/ejis.2014.22,The effect of online social value on satisfaction and continued use of social media,2014,2014-09-09,Tao “Eric” Hu|William J. Kettinger|Robin S. Poston,King University|University of Memphis,US|US|US,117,NOT Open Access,,customer satisfaction|continued use|social media|social networking sites|utilitarian value|hedonic value|customer value|Facebook,Technology Adoption and User Behaviour,Information Systems and Management,Decision Sciences,Social Sciences
https://doi.org/10.1057/ejis.2014.13,Working with connective flow: how smartphone use is evolving in practice,2014,2014-05-20,Kristine Dery|Darl G. Kolb|Judith S. MacCormick,The University of Sydney|University of Auckland|UNSW Sydney,AU|NZ|AU,115,NOT Open Access,,smartphone use|mobile communication technology|work-life boundaries|work practices|financial sector employees|agency,Work-Family Balance Challenges,Sociology and Political Science,Social Sciences,Social Sciences
https://doi.org/10.1080/0960085x.2025.2475962,"Complementarity in human-AI collaboration: concept, sources, and evidence",2025,2025-08-27,Patrick Hemmer|Max Schemmer|Niklas Kühl|Michael Vössing|Gerhard Satzger,Karlsruhe Institute of Technology|IBM (Germany)|Fraunhofer Institute for Applied Information Technology|University of Bayreuth,DE|DE|DE|DE|DE,115,Open Access,"Artificial intelligence (AI) has the potential to significantly enhance human performance across various domains. Ideally, collaboration between humans and AI should result in complementary team performance (CTP)—a level of performance that neither of them can attain individually. So far, however, CTP has rarely been observed, suggesting an insufficient understanding of the principle and the application of complementarity. Therefore, we develop a general concept of complementarity and formalize its theoretical potential as well as the actual realized effect in decision-making situations. Moreover, we identify information and capability asymmetry as the two key sources of complementarity. Finally, we illustrate the impact of each source on complementarity potential and effect in two empirical studies. Our work provides researchers with a comprehensive theoretical foundation of human-AI complementarity in decision-making and demonstrates that leveraging these sources constitutes a viable pathway towards designing effective human-AI collaboration, i.e., the realization of CTP.",human-AI collaboration|complementarity|information asymmetry|decision-making|human-AI teaming,Human-Automation Interaction and Safety,Social Psychology,Psychology,Social Sciences
https://doi.org/10.1080/0960085x.2021.1895682,Combating COVID-19 fake news on social media through fact checking: antecedents and consequences,2021,2021-06-01,Sebastian Walter Schuetz|Tracy Ann Sykes|Viswanath Venkatesh,Florida International University|University of Arkansas at Fayetteville|Virginia Tech,US|US|US,113,Open Access,"The onset of the COVID-19 pandemic was accompanied with a pandemic of fake news spreading over social media (SM). Fact checking might help combat fake news and a plethora of fact-checking platforms exist, yet few people actually use them. Moreover, whether fact checking is effective in preventing citizens from falling for fake news, particularly COVID-19 related, is unclear. Against this backdrop, we examine potential antecedents to fact checking that can be a target for interventions and establish that fact checking is actually effective for preventing the public from falling for harmful COVID-19 fake news. We use a representative U.S. sample collected in April of 2020 and find that awareness of fake news and patterns of active SM use (e.g., commenting on content instead of reading it) increases the fact checking of COVID-19 fake news, whereas SM homophily reduces fact checking and the effects of SM use as users are trapped in “echo chambers”. We also find that fact checking helps users identify accurate information on how to protect themselves against COVID-19 instead of false and often harmful claims propagated on SM. These findings highlight the importance of fact checking for combating COVID-19 fake news and help identify potential interventions.",fact-checking|social media|misinformation|echo chambers|active social media use|health information accuracy|misinformation interventions,Misinformation and Its Impacts,Sociology and Political Science,Social Sciences,Social Sciences
https://doi.org/10.1080/0960085x.2020.1850186,The show must go on - virtualisation of sport events during the COVID-19 pandemic,2020,2020-12-06,Daniel Westmattelmann|Jan-Gerrit Grotenhermen|Marius Sprenger|Gerhard Schewe,University of Münster,DE|DE|DE|DE,111,NOT Open Access,,virtual sports|COVID-19 pandemic|cycling events|professional cyclists|mixed reality|user perception|physical activity during pandemic|sports event cancellation,Virtual Reality Applications and Impacts,Human-Computer Interaction,Computer Science,Physical Sciences
https://doi.org/10.1057/ejis.2014.39,An empirical analysis of the factors and measures of Enterprise Architecture Management success,2015,2015-03-17,Matthias Lange|Jan Mendling|Jan Recker,Humboldt-Universität zu Berlin|Vienna University of Economics and Business|Queensland University of Technology,DE|AT|AU,110,NOT Open Access,,enterprise architecture management|IT governance|technology management,Information Technology Governance and Strategy,Management Information Systems,"Business, Management and Accounting",Social Sciences
https://doi.org/10.1080/0960085x.2017.1390187,Online health communities: how do community members build the trust required to adopt information and form close relationships?,2017,2017-11-14,Hanmei Fan|Reeva Lederman,The University of Melbourne,AU|AU,110,NOT Open Access,,online health communities|trust|cognitive trust|affective trust|social capital|relationship closeness|online forums|trustworthiness|information seeking|online communities,Health Literacy and Information Accessibility,General Health Professions,Health Professions,Health Sciences
https://doi.org/10.1057/ejis.2015.6,Effectiveness of top management support in enterprise systems success: a contingency perspective of fit between leadership style and system life-cycle,2015,2015-07-21,Zhen Shao|Yuqiang Feng|Qing Hu,Harbin Institute of Technology|Iowa State University,CN|CN|US,109,NOT Open Access,,top management support|leadership styles|transformational leadership|transactional leadership|contingency theory|system life cycle|information systems adoption|information system implementation|system extension,ERP Systems Implementation and Impact,Management Information Systems,"Business, Management and Accounting",Social Sciences
https://doi.org/10.1080/0960085x.2020.1761272,Exploring smartness in public sector innovation - creating smart public services with the Internet of Things,2020,2020-05-13,Ott Velsberg|Ulrika H. Westergren|Katrin Jonsson,Umeå University,SE|SE|SE,109,Open Access,"The use of the term “smartness” in the context of public service delivery indicates an ambition of the public sector to become more agile and resilient through the adoption of emerging technologies. The Internet of Things (IoT) is an emerging technology that will be key to the realisation of smart public services. The research presented in this paper explored the role of IoT in public sector innovation through a qualitative study of how IoT technology can be leveraged to create and deliver smart winter road maintenance services. We use an existing smartness framework – based on the dimensions of efficiency, effectiveness, transparency and collaboration – to examine the consequences of introducing IoT-based innovation to road maintenance services. The findings suggest that IoT enables public sector innovation and that smartness is created through the combination of technology, people and organisations. The realisation of smartness in public sector innovation requires sufficient management capabilities and robust technology strategies, along with a willingness to explore and adopt new work practices rather than simply implement emerging technologies.",smartness|public sector innovation|Internet of Things|winter road maintenance|efficiency|effectiveness|transparency|collaboration|management capability|technology strategy|emerging technologies|public service delivery,E-Government and Public Services,Political Science and International Relations,Social Sciences,Social Sciences
https://doi.org/10.1057/ejis.2015.13,Mindful revolution or mindless trend? Examining agile development as a management fashion,2016,2016-01-19,W. Alec Cram|Sue Newell,Bentley University|University of Sussex,US|GB,107,Open Access,"The growing adoption of agile methods of system development can be seen as broadly consistent with characteristics of a management fashion. However, the extent that fashions relate to how specific organizations actually adopt and use agile remains unclear. Based on five case studies, this research seeks to apply the concepts from management fashion theory to understand how organizations mindfully (or mindlessly) adopt agile methods. We find in some cases that agile appears to be characterized as a short-term, transitory trend, while in others it is embedded in an organization’s processes and culture. We identify three categories that distinguish between fashion patterns during agile adoptions: Crusaders, who exclusively adopt agile in a pure form; Tailors, who integrate agile and traditional approaches to fit their specific circumstances; and Dabblers who employ a few ceremonial agile activities alongside a traditional approach. The results from this study can encourage managerial awareness of the link between fashions and agile development, which can serve to highlight the unique opportunities to enhance mindfulness and avoid the pitfalls of mindlessness. By uncovering insights into the fashion-centric drivers of agile adoption, this research extends past theory related to both mindful innovation and management fashions.",agile software development|management fashions|agile adoption|organizational culture|software development process|fashion patterns|organizational change,Software Engineering Techniques and Practices,Information Systems,Computer Science,Physical Sciences
https://doi.org/10.1080/0960085x.2021.1960905,Algorithmic decision-making and system destructiveness: A case of automatic debt recovery,2021,2021-09-08,Tapani Rinta-Kahila|Ida Someh|Nicole A. Gillespie|Marta Indulska|Shirley Diane Gregor,The University of Queensland|Australian National University,AU|AU|AU|AU|AU,107,Open Access,"Governments are increasingly relying on algorithmic decision-making (ADM) to deliver public services. Recent information systems literature has raised concerns regarding ADM’s negative unintended consequences, such as widespread discrimination, which in extreme cases can be destructive to society. The extant empirical literature, however, has not sufficiently examined the destructive effects of governmental ADM. In this paper, we report on a case study of the Australian government’s “Robodebt” programme that was designed to automatically calculate and collect welfare overpayment debts from citizens but ended up causing severe distress to citizens and welfare agency staff. Employing perspectives from systems thinking and organisational limits, we develop a research model that explains how a socially destructive government ADM programme was initiated, sustained, and delegitimized. The model offers a set of generalisable mechanisms that can benefit investigations of ADM’s consequences. Our findings contribute to the literature of unintended consequences of ADM and demonstrate to practitioners the importance of setting up robust governance infrastructures for ADM programmes.",algorithmic decision-making|Robodebt|unintended consequences|systems thinking|delegitimization|algorithmic governance,Ethics and Social Impacts of AI,Safety Research,Social Sciences,Social Sciences
https://doi.org/10.1080/0960085x.2021.1944823,Becoming a blockchain user: understanding consumers’ benefits realisation to use blockchain-based applications,2021,2021-07-08,Nirmalee I. Raddatz|Joshua G. Coyne|Philip Menard|Robert E. Crossler,University of Memphis|The University of Texas at San Antonio|Washington State University,US|US|US|US,106,NOT Open Access,,blockchain adoption|consumer technology adoption|data privacy|consumer privacy concerns|inertia|perceived benefits|threat severity|consumer awareness|Health Belief Model,Technology Adoption and User Behaviour,Information Systems and Management,Decision Sciences,Social Sciences
https://doi.org/10.1080/0960085x.2020.1802358,Information Technology and the pandemic: a preliminary multinational analysis of the impact of mobile tracking technology on the COVID-19 contagion control,2020,2020-07-03,Andrew Urbaczewski|Young‐Jin Lee,University of Denver|United States Air Force Academy,US|US,105,Open Access,"This paper explores the benefits and drawbacks of government surveillance within a public health crisis, specifically the COVID-19 outbreak of 2020. We review the current state of COVID-19 infection tracking by public health authorities, and then we examine the effectiveness of voluntary and mandatory mobile contact-tracing apps by COVID-19-positive or suspected positive individuals in China, Germany, Italy, Singapore, South Korea, and the United States. Through a Difference-In-Differences test, the apps were found to be highly significantly correlated with a reduction in the spread of COVID-19 in their countries. Robustness tests were run with four alternative models and the results are kept and presented within. In light of the success of these apps, ethical implications for their use during and beyond this public health crisis are discussed, including data governance and individual privacy issues.",COVID-19 pandemic|government surveillance|public health crisis|pandemic response|data governance|privacy|ethics of surveillance|information technology|contagion control,COVID-19 Digital Contact Tracing,Information Systems,Computer Science,Physical Sciences
https://doi.org/10.1080/0960085x.2020.1819898,Digital contact-tracing adoption in the COVID-19 pandemic: IT governance for collective action at the societal level,2020,2020-09-23,Kai Riemer|Raffaele Ciriello|Sandra Peter|Daniel Schlagwein,The University of Sydney,AU|AU|AU|AU,104,NOT Open Access,,digital contact tracing|COVID-19 pandemic|IT governance|collective action|smartphone adoption|public trust in government|trust in technology|pandemic preparedness|public health technology,COVID-19 Digital Contact Tracing,Information Systems,Computer Science,Physical Sciences
https://doi.org/10.1080/0960085x.2017.1387714,Conceptualizing business-to-thing interactions – A sociomaterial perspective on the Internet of Things,2017,2017-11-15,Anna Maria Oberländer|Maximilian Röglinger|Michael Rosemann|Alexandra Kees,University of Augsburg|University of Bayreuth|Queensland University of Technology|Hochschule Bonn-Rhein-Sieg,DE|DE|AU|DE,101,NOT Open Access,,Internet of Things|sociomateriality|material agency|smart objects|remote patient monitoring|predictive maintenance|sensemaking|nests|Uber,Information Systems Theories and Implementation,Sociology and Political Science,Social Sciences,Social Sciences
https://doi.org/10.1057/ejis.2011.53,Improving validity and reliability in longitudinal case study timelines,2011,2011-12-06,Christopher T. Street|Kerry Ward,University of Regina|University of Nebraska at Omaha,CA|US,100,NOT Open Access,,longitudinal case study|member checking|case study protocol|triangulation|archival data|information systems research|research design,Information Systems Theories and Implementation,Sociology and Political Science,Social Sciences,Social Sciences
https://doi.org/10.1057/ejis.2012.29,Towards integrating acceptance and resistance research: evidence from a telecare case study,2012,2012-07-03,van Marjolein Offenbeek|Albert Boonstra|DongBack Seo,University of Groningen,NL|NL|NL,99,Open Access,"There is wide agreement that acceptance and resistance are crucial factors in information system (IS) adoption. Research has yielded many theories that have focused on either acceptance or resistance, often implicitly assuming that these are opposites. This paper proposes a two-factor view on acceptance and resistance, and shows how this idea may advance our knowledge of IS adoption. In developing a user reactions framework, we take a first step towards integrating the IS literature on acceptance and on resistance. This framework distinguishes between two behavioural dimensions, namely, acceptance, ranging from high use to non-use, and a dimension that ranges from enthusiastic support to aggressive resistance. Combining the two dimensions leads to four categories of user reactions. We show the framework's usefulness by analysing data from a telecare implementation project. The findings identify ambivalent reactions. Many clients are identified as supporting but non-using, while we also find telenurses and care coordinators that show themselves to be resisting but using. These findings support the view that non-acceptance and resistance are conceptually non-equivalent. Our data suggest voluntariness as one determinant of the variation in behavioural reactions encountered. We argue that the concepts are also functionally different: IS implementers will have to adapt their strategies to the different reactions described.",technology acceptance|resistance to change|information systems adoption|user response|telecare|non-use|voluntariness|care coordinators|implementation strategies,Technology Adoption and User Behaviour,Information Systems and Management,Decision Sciences,Social Sciences
https://doi.org/10.1080/0960085x.2019.1708218,Advancing a NeuroIS research agenda with four areas of societal contributions,2020,2020-01-02,Jan vom Brocke|Alan R. Hevner|Pierre‐Majorique Léger|Peter Walla|René Riedl‬,University of Liechtenstein|University of South Florida|HEC Montréal|Webster Vienna Private University|Johannes Kepler University of Linz|University of Applied Sciences Upper Austria,LI|US|CA|AT|AT,97,Open Access,"On the 10th anniversary of the NeuroIS field, we reflect on accomplishments but, more importantly, on the future of the field. This commentary presents our thoughts on a future NeuroIS research agenda with the potential for high impact societal contributions. Four key areas for future information systems (IS) research are: (1) IS design, (2) IS use, (3) emotion research, and (4) neuro-adaptive systems. We reflect on the challenges of each area and provide specific research questions that serve as important directions for advancing the NeuroIS field. The research agenda supports fellow researchers in planning, conducting, publishing, and reviewing high impact studies that leverage the potential of neuroscience knowledge and tools to further information systems research.",NeuroIS|research agenda|information system design|information system use|emotion research|social contribution,Information Systems Theories and Implementation,Sociology and Political Science,Social Sciences,Social Sciences
https://doi.org/10.1057/ejis.2016.1,Work routines as an object of resistance during information systems implementations: theoretical foundation and empirical evidence,2016,2016-02-16,Sven Laumer|Christian Maier|Andreas Eckhardt|Tim Weitzel,University of Bamberg|German Graduate School of Management and Law,DE|DE|DE|DE,96,NOT Open Access,,user resistance|information system implementation|work routines|work system theory|perceived usefulness|perceived ease of use|human resource information systems|technology adoption|mediation,Technology Adoption and User Behaviour,Information Systems and Management,Decision Sciences,Social Sciences
https://doi.org/10.1057/ejis.2014.4,Developing information processing capability for operational agility: implications from a Chinese manufacturer,2014,2014-03-18,Peiying Huang|Shan Ling Pan|Tao Hua Ouyang,National University of Singapore|UNSW Sydney|Beihang University,SG|AU|CN,95,NOT Open Access,,operational agility|information processing skills|organizational control|data sensitivity|information synergy|process model|Haier|home appliance industry|Chinese manufacturing firms,Collaboration in agile enterprises,Management of Technology and Innovation,"Business, Management and Accounting",Social Sciences
https://doi.org/10.1080/0960085x.2018.1471789,"Being critical is good, but better with philosophy! From digital transformation and values to the future of IS research",2018,2018-05-04,Frantz Rowe,SKEMA Business School|Laboratoire d'Economie et de Management de Nantes Atlantique|Université de Nantes|Nantes Université,FR,95,Open Access,Being critical is a self-directed and self-correcting capacity to think otherwise about an issue in order to see the limitations of ones’ or others’ past or present theoretical or practical reasoni...,critical thinking|philosophy|digital transformation|values|information systems research,Information Systems Theories and Implementation,Sociology and Political Science,Social Sciences,Social Sciences
https://doi.org/10.1080/0960085x.2020.1740617,Efficiency creep and shadow innovation: enacting ambidextrous IT Governance in the public sector,2020,2020-04-15,Johan Magnusson|Dina Koutsikouri|Tero Päivärinta,Høyskolen Kristiania|University of Gothenburg|Luleå University of Technology|University of Oulu,NO|SE|SE|FI|SE,95,Open Access,"The current push towards increased innovation within the public sector calls for new approaches to IT Governance. However, recent findings highlight the aim to avoid trade-offs between innovation and efficiency through organisational ambidexterity. This paper reports a case study of ambidextrous IT Governance in two large government agencies. According to the findings, ambidextrous IT Governance is enacted through two separate but interrelated mechanisms that emerge simultaneously. In terms of exploitation, the “efficiency creep” mechanism creates a bias for efficiency – rather than innovation-oriented investments. In terms of exploration, the “shadow innovation” mechanism involves unsanctioned innovation activities. These two mechanisms interplay, in the enactment of ambidextrous IT Governance. The contribution of this study lies in theorising about how ambidextrous IT Governance is enacted in public sector organisations, and how efficiency creep and shadow innovation influence each other. This contribution aids future research and practice on public sector innovation and IT Governance.",public sector innovation|government agencies|exploitation and exploration|IT investment decisions,Information Technology Governance and Strategy,Management Information Systems,"Business, Management and Accounting",Social Sciences
https://doi.org/10.1080/0960085x.2020.1816144,Design principles for learning analytics information systems in higher education,2020,2020-10-18,Andy Nguyen|Tuure Tuunanen|Lesley A. Gardner|Don Sheridan,University of Auckland|University of Oulu|University of Jyväskylä,FI|NZ|FI|NZ|NZ,94,Open Access,"This paper reports a design science research (DSR) study that develops, demonstrates and evaluates a set of design principles for information systems (IS) that utilise learning analytics to support learning and teaching in higher education. The initial set of design principles is created from theory-inspired conceptualisation based on the literature, and they are evaluated and revised through a DSR process of demonstration and evaluation. We evaluated the developed artefact in four courses with a total enrolment of 1,173 students. The developed design principles for learning analytics information systems (LAIS) to establish a foundation for further development and implementation of learning analytics to support learning and teaching in higher education.",learning analytics|design principles|higher education|teaching and learning support|information system design|educational technology,Online Learning and Analytics,Computer Science Applications,Computer Science,Physical Sciences
https://doi.org/10.1080/0960085x.2024.2311137,Impact of strategic capabilities on digital transformation success and firm performance: theory and empirical evidence,2024,2024-02-05,Pauline Weritz|Jéssica Braojos|Jorge Matute|Jose Benitez,University of Twente|Universidad de Granada|Universitat Ramon Llull|Kent State University,NL|ES|ES|US,94,Open Access,"What is needed for organisations to succeed in digital transformation, and what is its advantage? Motivated by the ongoing high amount of failing digital transformations, this study identifies necessary predictors and outcomes of this prominent matter on the macro level. Drawing on strategic capabilities as enablers for the redefinition of business value and organisational identity in the digital era, we propose that the complementary synergies of strategic capabilities empower digital transformation success, improving firm performance. The results support the proposed model using structural equations modelling with multi-data from 154 organisations and complementary objective data. This study identifies synergistic facilitators for digital transformation success by providing an integrated portfolio of complementary capabilities (i.e., outside-in, spanning, and inside-out orientation). The study also contributes to IS research by offering a measurable conceptualisation of digital transformation success. In addition, findings empirically show the association between digital transformation success and firm performance to enable further investigations in the IS field. Finally, from the study’s findings, practical implications can guide organisations towards digital transformation success and firm performance.",strategic capabilities|firm performance|complementary capabilities|organizational identity|business value|digital transformation failure,Digital Innovation in Industries,Management of Technology and Innovation,"Business, Management and Accounting",Social Sciences
https://doi.org/10.1057/ejis.2010.66,From transactional user to VIP: how organizational and cognitive factors affect ERP assimilation at individual level,2011,2011-01-18,Luning Liu|Yuqiang Feng|Qing Hu|Xiaojian Huang,Harbin Institute of Technology|Iowa State University|,CN|CN|US|,90,NOT Open Access,,enterprise resource planning|supervisor influence|intrinsic motivation|perceived usefulness|job specification|absorptive capacity|post-implementation|organizational performance,ERP Systems Implementation and Impact,Management Information Systems,"Business, Management and Accounting",Social Sciences
https://doi.org/10.1080/0960085x.2020.1797546,Choose your own training adventure: designing a gamified SETA artefact for improving information security and privacy through interactive storytelling,2020,2020-08-18,Ersin Dincelli|InduShobha N. Chengalur-Smith,"University of Colorado Denver|University at Albany, State University of New York",US|US,90,Open Access,"Online self-disclosure (OSD) on social networking sites can leave individuals and organisations vulnerable to security threats. Following a design science research (DSR) method, we created a gamified, “choose your own adventure” style security education, training, and awareness (SETA) artefact using two formats: text and visual. Both artefacts were designed to identify the security threats that trainees are most susceptible to, debrief them about the threat and its potential consequences, and facilitate behaviour change by letting trainees re-evaluate their decisions. Using a longitudinal randomised controlled experiment, we compared these two artefacts to no intervention and traditional security warning emails by assessing both instrumental (changes in attitudes, intentions, and OSD behaviour) and experiential (memorability and user experience) outcomes. Our survey of 1,718 employees showed that the text-based artefact was better at improving instrumental outcomes, and the visual-based artefact was better at improving experiential outcomes. This study provides a more granular understanding of the linkages between technology artefacts and human experiences through the application of design science thinking. The findings contribute to DSR by developing design principles, testable propositions, and realistic performance evaluation metrics for gamified SETA artefacts, and present practical recommendations for regulating employees’ information security and privacy behaviours inside and outside the workplace.",gamification|information security training|privacy awareness|online self-disclosure|social networking sites|choose-your-own-adventure|interactive storytelling|behavior change|security threats|user experience|memorability|employee security behavior|design principles,Information and Cyber Security,Information Systems,Computer Science,Physical Sciences
https://doi.org/10.1057/ejis.2011.48,Institutionalized computer workaround practices in a Mediterranean country: an examination of two organizations,2011,2011-11-29,Bijan Azad|Nelson E. King,American University of Beirut,LB|LB,89,NOT Open Access,,institutionalization|decoupling|loose coupling|regulatory compliance|non-compliance|material constraints|discretion,Information Systems Theories and Implementation,Sociology and Political Science,Social Sciences,Social Sciences
https://doi.org/10.1057/ejis.2010.56,A response to the design-oriented information systems research memorandum,2010,2010-12-07,Richard Baskerville|Kalle Lyytinen|Vallabh Sambamurthy|Detmar W. Straub,Georgia State University|Case Western Reserve University|Michigan State University,US|US|US|US,89,NOT Open Access,,design science research|information systems research|research methodology|descriptive research|research methodology debate,Information Systems Theories and Implementation,Sociology and Political Science,Social Sciences,Social Sciences
https://doi.org/10.1080/0960085x.2021.1920857,Privacy concerns and digital government: exploring citizen willingness to adopt the COVIDSafe app,2021,2021-05-05,Jiesen Lin|Lemuria D. Carter|Dapeng Liu,UNSW Sydney,AU|AU|AU,89,NOT Open Access,,privacy concerns|e-government|contact tracing apps|technology adoption|adoption intention|public trust in government|risk perception|relative advantage|compatibility|COVID-19 pandemic|personal data protection,COVID-19 Digital Contact Tracing,Information Systems,Computer Science,Physical Sciences
https://doi.org/10.1057/s41303-016-0027-9,"It’s complicated: explaining the relationship between trust, distrust, and ambivalence in online transaction relationships using polynomial regression analysis and response surface analysis",2017,2017-03-21,Gregory Daniel Moody|Paul Benjamin Lowry|Dennis F. Galletta,"University of Nevada, Las Vegas|Virginia Tech|University of Hong Kong|University of Pittsburgh",US|HK|US|US,88,Open Access,"Trust and distrust are considered crucial elements affecting online relationships – particularly those involving electronic transactions. Although some studies propose that they are distinct, others claim that they are merely opposite ends of one continuum. Further adding to the debate is the possibility of ambivalence, a topic that has not been examined in electronic transaction relationships. Unfortunately, current models of trust and distrust have limitations that impede explanations of how – or even if – ambivalence is generated by feelings of trust and distrust and how these two constructs can best coexist. We thus propose a hybrid model which considers the limitations and strengths of previous models. Namely, we posit that trust and distrust can coexist as separate components with related continua. We use polynomial regression analysis (PRA) and response surface analysis (RSA) to test these complex relationships. Using an empirical study of online consumer behaviour with 521 experienced online consumers, strong empirical validation is found for the model. We examine the effects of ambivalence on the truster’s intentions towards a website and find a small positive effect which increases such intentions. PRA and RSA confirm that trust and distrust are most likely separate components – not opposite ends of a continuum – with related continua. The continua within the subconstructs of trust and distrust likely have more complex and interesting relationships than have been considered previously. These findings lead to interesting future research opportunities on trust, distrust and ambivalence using advanced techniques such as PRA and RSA.",trust|distrust|ambivalence|electronic transactions|online consumer behaviour|hybrid trust model|e-commerce,Technology Adoption and User Behaviour,Information Systems and Management,Decision Sciences,Social Sciences
https://doi.org/10.1057/ejis.2011.8,Individual information systems as a research arena,2011,2011-03-22,Richard Baskerville,,,87,Open Access,Evolution is what happens when you are not watching. An example is the personal computer. Computing for many individual persons has evolved from the ‘standalone desktop PC’ to a ‘networked PC’ to a...,personal computing|evolution of computing|research agenda,Information Systems Theories and Implementation,Sociology and Political Science,Social Sciences,Social Sciences
https://doi.org/10.1057/s41303-016-0032-z,The concept of mindfulness in information systems research: a multi-dimensional analysis,2017,2017-03-01,Sabine Dernbecher|Roman Beck,Goethe University Frankfurt|IT University of Copenhagen,DE|DK,87,Open Access,"The concept of mindfulness has garnered increasing attention during the last decade. Initially proposed within the scope of information systems (IS) research as a means of creating a deeper knowledge foundation for decision making regarding information technology (IT) innovations, it soon became broadly applied throughout IS research. To gain a better understanding of the evolved diversity of this concept, this paper reviews and analyzes extant IS research by means of (a) the investigated IS themes, (b) the purpose of using the concept, (c) the level of application of the concept, and (d) the tendency to focus either on mindfulness, mindlessness, or both. By synthesizing research findings, we derive a high-level IS mindfulness theory. We then propose future research opportunities, such as the explanation of the relationships between different levels of mindfulness, applying mindfulness to bridge the different phases of the software development process, and the identification of guidelines for designing information systems that facilitate mindfulness. As the first review on the application of mindfulness in IS research, we contribute to the overall understanding of mindfulness and address the four abovementioned dimensions from which mindfulness emerges in order to demonstrate that mindfulness provides a meaningful platform for generating knowledge.",mindfulness|mindlessness|information systems research|software development process|information system design|knowledge production,Information Systems Theories and Implementation,Sociology and Political Science,Social Sciences,Social Sciences
https://doi.org/10.1080/0960085x.2018.1496883,Understanding the role of social networking sites in the subjective well-being of users: a diary study,2018,2018-08-02,Helena Wenninger|Hanna Krasnova|Peter Buxmann,Lancaster University|University of Potsdam|Technische Universität Darmstadt,GB|DE|DE,87,Open Access,"Given the rising popularity of social networking sites (SNSs), the influence of these platforms on the subjective well-being (SWB) of their users is an emerging topic in information systems research. Building on the norm of reciprocity and the social functional approach to positive emotions, we posit that targeted reciprocity-evoking forms of SNS activities are best suited to promote users’ positive emotions. The favourable potential of these activities is likely to be particularly pronounced among adolescents who pay special attention to social acceptance, which can be channelled with the help of reciprocal communication. Therefore, we conducted a quantitative 7-day diary study of 162 adolescent Facebook users attending German schools, looking at the impact of their daily SNS activities on their SWB. Based on a linear mixed model analysis, our results confirm a positive link between targeted reciprocity-evoking activities – such as chatting, giving and receiving feedback – and adolescents’ positive emotions. Our findings provide a reassuring perspective on the implications of the sociotechnical design of SNS communication channels. Specifically, by encouraging targeted activities, providers, users, and other stakeholders can ensure the beneficial impact of this technology on users’ SWB.",social networking sites|subjective well-being|positive emotions|reciprocity norms|adolescents|Facebook|social acceptance|feedback|online communication|socio-technical design,Impact of Technology on Adolescents,Sociology and Political Science,Social Sciences,Social Sciences
https://doi.org/10.1080/0960085x.2020.1793697,A proposal for minimum reusability evaluation of design principles,2020,2020-07-21,Juhani Iivari|Magnus Rotvit Perlt Hansen|Amir Haj-Bolouri,University of Oulu|Roskilde University|University West,FI|DK|SE,87,NOT Open Access,,design principles|design science research|IT artefacts|evaluation framework|accessibility|effectiveness|information system design,Information Systems Theories and Implementation,Sociology and Political Science,Social Sciences,Social Sciences
https://doi.org/10.1057/ejis.2011.41,Reviewing Enterprise Content Management: a functional framework,2011,2011-10-25,Knut Grahlmann|Remko W. Helms|Cokky A. R. Hilhorst|Sjaak Brinkkemper|Sander van Amerongen,|Utrecht University|Tilburg University|PricewaterhouseCoopers (Netherlands),|NL|NL|NL|NL,84,NOT Open Access,,enterprise content management|reference architecture|content management systems,Information Systems and Technology Applications,Management Information Systems,"Business, Management and Accounting",Social Sciences
https://doi.org/10.1057/ejis.2015.21,How users perceive and respond to security messages: a NeuroIS research agenda and empirical study,2016,2016-02-23,Bonnie Brinton Anderson|Anthony Vance|C. Brock Kirwan|David Eargle|Jeffrey L. Jenkins,Brigham Young University|University of Pittsburgh,US|US|US|US|US,81,Open Access,"Users are vital to the information security of organizations. In spite of technical safeguards, users make many critical security decisions. An example is users’ responses to security messages – discrete communication designed to persuade users to either impair or improve their security status. Research shows that although users are highly susceptible to malicious messages (e.g., phishing attacks), they are highly resistant to protective messages such as security warnings. Research is therefore needed to better understand how users perceive and respond to security messages. In this article, we argue for the potential of NeuroIS – cognitive neuroscience applied to Information Systems – to shed new light on users’ reception of security messages in the areas of (1) habituation, (2) stress, (3) fear, and (4) dual-task interference. We present an illustrative study that shows the value of using NeuroIS to investigate one of our research questions. This example uses eye tracking to gain unique insight into how habituation occurs when people repeatedly view security messages, allowing us to design more effective security messages. Our results indicate that the eye movement-based memory (EMM) effect is a cause of habituation to security messages – a phenomenon in which people unconsciously scrutinize stimuli that they have previously seen less than other stimuli. We show that after only a few exposures to a warning, this neural aspect of habituation sets in rapidly, and continues with further repetitions. We also created a polymorphic warning that continually updates its appearance and found that it is effective in substantially reducing the rate of habituation as measured by the EMM effect. Our research agenda and empirical example demonstrate the promise of using NeuroIS to gain novel insight into users’ responses to security messages that will encourage more secure user behaviors and facilitate more effective security message designs.",user security behavior|habituation|security warnings|cognitive neuroscience|phishing|dual-task interference|stress|fear|eye tracking,Information and Cyber Security,Information Systems,Computer Science,Physical Sciences
https://doi.org/10.1080/0960085x.2019.1708821,IT value creation in public sector: how IT-enabled capabilities mitigate tradeoffs in public organisations,2020,2020-01-02,Jie Mein Goh|Alvaro E. Arenas,Simon Fraser University|,CA|,80,Open Access,"Governments today are striving to improve services in the public sector through digital transformation programs but face tremendous pressures from multiple fronts (economy, national security, healthcare, education, etc.). Even when worldwide enterprise IT spending for the government and education markets has been increasing and is expected to surpass $652 billion in 2023 to cater to such transformation programs, 80% of the government transformation efforts failed to achieve expected results. A plausible reason for this lacklustre performance could be the presence of tradeoffs or conflicts that is particularly salient in public organisations. To better understand the mechanisms by which IT enables or inhibits capabilities of the public organisations in attaining public value, we adopt a conflict resolution lens to study how information technology (IT) enabled capabilities to mitigate these tradeoffs. Using a dataset collected from public organisations in a European country unreeling from a financial crisis, we examine the processes by which IT enables public organisations to manage the tradeoffs arising from conflicting value-based goals. We identify three mitigation strategies facilitated via IT-enabled organisational capabilities – bias, tunnelling and hybridisation. This paper contributes to the understanding of how IT mitigates value-based tradeoffs in public organisations to achieve public value.",public value|digitalization of public administration|conflict resolution|public sector organizations|bias|tunneling|hybridization|public value creation|financial crisis,E-Government and Public Services,Political Science and International Relations,Social Sciences,Social Sciences
https://doi.org/10.1057/ejis.2012.12,An empirical study of IS architectures in French SMEs: integration approaches,2012,2012-03-27,Marc Bidan|Frantz Rowe|Duane Truex,Laboratoire d'Economie et de Management de Nantes Atlantique|Université de Nantes|Nantes Université|SKEMA Business School|Georgia State University|Mid Sweden University,FR|FR|SE|US,79,NOT Open Access,,information system architecture|small and medium-sized enterprises|system integration|interoperability|software interface|enterprise resource planning|enterprise application integration|hybrid architecture|French SMEs,ERP Systems Implementation and Impact,Management Information Systems,"Business, Management and Accounting",Social Sciences
https://doi.org/10.1057/s41303-017-0057-y,An empirical study on the susceptibility to social engineering in social networking sites: the case of Facebook,2017,2017-08-23,Abdullah Algarni|Yue Xu|Taizan Chan,Institute of Public Administration|Queensland University of Technology,SA|AU|AU,77,Open Access,"Research suggests that social engineering attacks pose a significant security risk, with social networking sites (SNSs) being the most common source of these attacks. Recent studies showed that social engineers could succeed even among those organizations that identify themselves as being aware of social engineering techniques. Although organizations recognize the serious risks of social engineering, there is little understanding and control of such threats. This may be partly due to the complexity of human behaviors in failing to recognize attackers in SNSs. Due to the vital role that impersonation plays in influencing users to fall victim to social engineering deception, this paper aims to investigate the impact of source characteristics on users’ susceptibility to social engineering victimization on Facebook. In doing so, we identify source credibility dimensions in terms of social engineering on Facebook, Facebook-based source characteristics that influence users to judge an attacker as per these dimensions, and mediation effects that these dimensions play between Facebook-based source characteristics and susceptibility to social engineering victimization.",social engineering|social networking sites|Facebook|user susceptibility|impersonation|source credibility|source characteristics|deception|mediating effect,Spam and Phishing Detection,Information Systems,Computer Science,Physical Sciences
https://doi.org/10.1080/0960085x.2020.1841572,Productive and connected while working from home: what client-facing remote workers can learn from telenurses about ‘belonging through technology’,2020,2020-11-05,Ella Hafermalz|Kai Riemer,Vrije Universiteit Amsterdam|The University of Sydney,NL|AU,76,Open Access,"Client-facing work is challenging at the best of times, but the sudden shift to remote work during the COVID-19 pandemic has created additional difficulties. Concerns about how employee productivity and wellbeing are negatively impacted by the unfamiliar remote work context abound. We draw on a study of skilled remote workers that was conducted before the pandemic to theorise how client-facing work can be conducted effectively. In particular we examine how client-facing employees can foster a sense of belonging when they are not co-located. We use an abductive research approach, combining empirical material from interviews with tele-nurses with theoretical material from Goffman’s categories of “communication out of character”. We thereby theorise what we call “belonging through technology”, as the outcome of four types of team communication that contribute to the performance of effective client-facing work in a remote context. We distinguish and conceptualise functions of such team communication as coping, learning, plotting, and positioning, which together create belonging. We argue that “belonging” relates to both wellbeing and productivity, because belonging to one’s team (wellbeing) and belonging to one’s work role (productivity) are inherently connected in the performance of client-facing work. We offer insights to help practitioners in such remote work contexts.",remote work|sense of belonging|team communication|Erving Goffman|employee well-being|labor productivity|COVID-19 pandemic|coping|learning|plotting|positioning,Work-Family Balance Challenges,Sociology and Political Science,Social Sciences,Social Sciences
https://doi.org/10.1080/0960085x.2019.1627489,Information technology and innovation outcomes: is knowledge recombination the missing link?,2019,2019-06-16,John Qi Dong|Chia-Han Yang,University of Groningen|National Cheng Kung University,NL|TW,75,Open Access,"Firms’ use of information technology (IT) has been suggested to be an important enabler of knowledge production, leading to innovation outcomes in the form of patent inventions. However the innovation process through which IT use influences patent inventions is largely unclear. We draw on the knowledge recombination perspective and develop a model that explains the innovation process through which IT use influences innovation outcomes by looking into a firm’s efforts to recombine existing knowledge (i.e., knowledge recombinant intensity) and the scope of knowledge that is recombined by a firm (i.e., knowledge recombinant diversity). We also distinguish innovation outcomes in terms of patent quantity and quality. Using a large-scale panel dataset, we show that IT use has a stronger impact on knowledge recombinant intensity relative to knowledge recombinant diversity. Moreover, knowledge recombinant intensity and knowledge recombinant diversity play key mediating roles in the relationships between IT use and patent inventions. The impact of IT use on patent quantity is partially mediated, while the impact of IT use on patent quality is fully mediated. Our findings indicate that while IT use can directly affect patent quantity, its impact on patent quality must be channelled through a firm’s knowledge recombinant efforts and scope.",information technology use|knowledge recombination|patent inventions|patent quality|patent quantity|innovation outcomes|knowledge production|mediating effect,Innovation and Knowledge Management,Strategy and Management,"Business, Management and Accounting",Social Sciences
https://doi.org/10.1080/0960085x.2024.2330402,Design principles for artificial intelligence-augmented decision making: An action design research study,2024,2024-03-20,Savindu Herath|Yash Raj Shrestha|Georg von Krogh,ETH Zurich|University of Lausanne,CH|CH|CH,73,Open Access,"Artificial intelligence (AI) applications have proliferated, garnering significant interest among information systems (IS) scholars.AI-powered analytics, promising effective and low-cost decision augmentation, has become a ubiquitous aspect of contemporary organisations.Unlike traditional decision support systems (DSS) designed to support decisionmakers with fixed decision rules and models that often generate stable outcomes and rely on human agentic primacy, AI systems learn, adapt, and act autonomously, demanding recognition of IS agency within AI-augmented decision making (AIADM) systems.Given this fundamental shift in DSS; its influence on autonomy, responsibility, and accountability in decision making within organisations; the increasing regulatory and ethical concerns about AI use; and the corresponding risks of stochastic outputs, the extrapolation of prescriptive design knowledge from conventional DSS to AIADM is problematic.Hence, novel design principles incorporating contextual idiosyncrasies and practice-based domain knowledge are needed to overcome unprecedented challenges when adopting AIADM.To this end, we conduct an action design research (ADR) study within an e-commerce company specialising in producing and selling clothing.We develop an AIADM system to support marketing, consumer engagement, and product design decisions.Our work contributes to theory and practice with a set of actionable design principles to guide AIADM system design and deployment.",AI-augmented decision-making|decision support system|design principles|AI agency|AI ethics|AI regulation|e-commerce|marketing decision-making|customer engagement|product design decisions,Decision Support System Applications,Management Information Systems,"Business, Management and Accounting",Social Sciences
https://doi.org/10.1080/0960085x.2022.2088414,Adopting and integrating cyber-threat intelligence in a commercial organisation,2022,2022-07-11,James Kotsias|Atif Ahmad|Rens Scheepers,|The University of Melbourne|Deakin University,|AU|AU,71,Open Access,"Cyber-attacks are increasingly perpetrated by organised, sophisticated and persistent entities such as crime syndicates and paramilitary forces. Even commercial firms that fully comply with industry “best practice” cyber security standards cannot cope with military-style cyber-attacks. We posit that the primary reason is the increasing asymmetry between the cyber-offensive capability of attackers and the cyber-defensive capability of commercial organisations. A key avenue to resolve this asymmetry is for organisations to leverage cyber-threat intelligence (CTI) to direct their cyber-defence. How can commercial organisations adopt and integrate CTI to routinely defend their information systems and resources from increasingly advanced cyber-attacks? There is limited know-how on how to package CTI to inform the practices of enterprise-wide stakeholders. This clinical research describes a practitioner-researcher’s experiences in directing a large multinational finance corporation to adopt and integrate CTI to transform cybersecurity-related practice and behaviour. The research contributes practical know-how on the organisational adoption and integration of CTI, enacted through the transformation of cybersecurity practice, and enterprise-wide implementation of a novel solution to package CTI for commercial contexts. The study illustrates the inputs, processes, and outputs in clinical research as a genre of action research.",cyber threat intelligence|commercial organisations|cyber defense|clinical research,Information and Cyber Security,Information Systems,Computer Science,Physical Sciences
https://doi.org/10.1080/0960085x.2018.1524419,"Arousal, valence, and volume: how the influence of online review characteristics differs with respect to utilitarian and hedonic products",2018,2018-10-08,Jie Ren|Jeffrey V. Nickerson,Fordham University|Stevens Institute of Technology,US|US,69,NOT Open Access,,online reviews|review valence|review volume|utilitarian products|hedonic products|purchase decision|sales|choice architecture|Amazon,Digital Marketing and Social Media,Sociology and Political Science,Social Sciences,Social Sciences
https://doi.org/10.1080/0960085x.2022.2039563,BIBGT: combining bibliometrics and grounded theory to conduct a literature review,2022,2022-03-01,Isabelle Walsh|Frantz Rowe,SKEMA Business School|Université Côte d'Azur|Université de Nantes|Nantes Université,FR|FR,68,NOT Open Access,,bibliometric analysis|grounded theory|literature review methodology|inductive synthesis|trustworthiness|information overload,scientometrics and bibliometrics research,"Statistics, Probability and Uncertainty",Decision Sciences,Social Sciences
https://doi.org/10.1080/0960085x.2020.1863752,Preventing the digital scars of COVID-19,2021,2021-01-19,Marco Marabelli|Emmanuelle Vaast|Jingyao Lydia Li,Bentley University|McGill University,US|CA|US,66,NOT Open Access,,COVID-19 pandemic|ubiquitous computing|digital divide|digital inequality|vulnerable populations|social software|artificial intelligence and machine learning|robotics|socio-technical approach|information systems research agenda,Information Systems Theories and Implementation,Sociology and Political Science,Social Sciences,Social Sciences
https://doi.org/10.1080/0960085x.2018.1512945,An affordance lens for wearable information systems,2018,2018-09-06,Raquel Benbunan‐Fich,Baruch College|City University of New York,US,65,NOT Open Access,,affordances|wearable sensors|user experience|activity theory|wearable activity trackers|online reviews|usability problems|personal information systems,Innovative Human-Technology Interaction,Human-Computer Interaction,Computer Science,Physical Sciences
https://doi.org/10.1080/0960085x.2021.1934130,Theorising Algorithmic Justice,2021,2021-06-21,Olivera Marjanovic|Dubravka Ćećez-Kecmanović|Richard T. Vidgen,University of Technology Sydney|UNSW Sydney|University of Hull,AU|AU|AU|GB,65,NOT Open Access,,algorithmic justice|algorithmic decision-making|algorithmic harms|social justice|social services|datafication|systemic injustice|transformative services|automated decision-making,Ethics and Social Impacts of AI,Safety Research,Social Sciences,Social Sciences
https://doi.org/10.1080/0960085x.2021.2018364,"An empirical study of community cohesiveness, community attachment, and their roles in virtual community participation",2022,2022-01-16,Dan Jong Kim|Dan Jong Kim|Mark Salvacion|Mohammad Salehan|Dae Wan Kim|Dae Wan Kim,University of North Texas|Yeungnam University|California State Polytechnic University,KR|US|KR|US|KR|US|KR|US|KR|US|KR|US,65,NOT Open Access,,online communities|community cohesion|community attachment|community participation|active participation|passive participation|visitation|online community management,Knowledge Management and Sharing,Communication,Social Sciences,Social Sciences
https://doi.org/10.1080/0960085x.2022.2041372,Negativity bias in the diagnosticity of online review content: the effects of consumers’ prior experience and need for cognition,2022,2022-03-10,Hamed Qahri‐Saremi|Ali Reza Montazemi,Colorado State University|McMaster University,US|CA,65,NOT Open Access,,negativity bias|online reviews|review valence|diagnosticity|need for cognition|prior experience|consumer attitudes|online services|negative reviews|review content|response strategies,Digital Marketing and Social Media,Sociology and Political Science,Social Sciences,Social Sciences
https://doi.org/10.1057/ejis.2012.9,Adapting funding processes for agile IT projects: an empirical investigation,2012,2012-03-27,Lan Cao|Kannan Mohan|Balasubramaniam Ramesh|Sumantra Sarkar,Old Dominion University|Baruch College|Georgia State University,US|US|US|US,64,NOT Open Access,,agile software development|adaptive structuration theory|organizational adaptation|social interaction|development teams,Software Engineering Techniques and Practices,Information Systems,Computer Science,Physical Sciences
https://doi.org/10.1080/0960085x.2021.1978338,Merchants’ adoption of mobile payment in emerging economies: the case of unorganised retailers in India,2021,2021-09-27,Vishal Mishra|Isabelle Walsh|Ankur Srivastava,ICFAI Business School|ICFAI Foundation for Higher Education|SKEMA Business School|Université Côte d'Azur,IN|FR|IN,64,NOT Open Access,,mobile payment adoption|small business technology adoption|financial inclusion|digital inclusion|technology diffusion|regulatory agencies|power imbalance|bottom of the pyramid consumers|India|emerging markets,Technology Adoption and User Behaviour,Information Systems and Management,Decision Sciences,Social Sciences
https://doi.org/10.1080/0960085x.2023.2167671,Business value of SME digitalisation: when does it pay off more?,2023,2023-02-09,Nicolai Etienne Fabian|John Qi Dong|Thijs Broekhuizen|Peter C. Verhoef,University of Groningen|Nanyang Technological University,NL|SG|NL|NL,63,Open Access,"Small and medium enterprise (SME) digitalisation involves the reinforcement, modification, and renewal of business models with the help of digital technologies. It is widely considered imperative for SMEs to stay relevant in the digital age. Yet, little is known about the conditions under which SME digitalisation improves the performance of SMEs in the IS literature. Guided by the SME literature, we postulate that the business value of SME digitalisation – based on its impact on improving financial firm performance – is dependent on two factors that are particularly relevant to SMEs due to their smallness and flexibility: radical orientation and organisational rigidity. Using data from multiple waves of surveys in 2019–2020 and archival financial data from Dutch SMEs, we demonstrate that the positive impact of SME digitalisation on performance improvement strongly depends on SME characteristics. SMEs who are oriented towards radical change and are more rigid are disadvantaged and attain lower returns on SME digitalisation.",business value|financial performance|radical orientation|small and medium-sized enterprises|digital business models|digital technologies|SME characteristics,Digital Innovation in Industries,Management of Technology and Innovation,"Business, Management and Accounting",Social Sciences
https://doi.org/10.1080/0960085x.2021.1886614,Impact of mobile connectivity and freedom on fake news propensity during the COVID-19 pandemic: a cross-country empirical examination,2021,2021-02-26,Anuragini Shirish|Shirish Chandra Srivastava|Shalini Chandra,"Université Paris-Saclay|Laboratoire en Innovation, Technologies, Economie et Management|Institut Mines-Télécom Business School|Université d'Évry Val-d'Essonne|HEC Paris|S P Jain School of Global Management",FR|FR|SG,61,NOT Open Access,,fake news|COVID-19 pandemic|mobile connectivity|political freedom|economic freedom|freedom of the press|cross-national comparison|misinformation,Misinformation and Its Impacts,Sociology and Political Science,Social Sciences,Social Sciences
https://doi.org/10.1080/0960085x.2022.2057363,Towards a model of social commerce: improving the effectiveness of e-commerce through leveraging social media tools based on consumers’ dual roles,2022,2022-04-27,Xiaolin Lin|Xuequn Wang,"California State University, Sacramento|Edith Cowan University",US|AU,61,Open Access,"Social media has been integrated into traditional e-commerce, creating an innovative technology-based approach to changing business practice and service, yet few researchers have attempted to provide an understanding of how this approach is changing consumer decision-making and purchase behaviours. Combining the expectation-confirmation theory and the expectation-confirmation model and information systems continuance, we propose a model for social commerce, illustrating how social media is utilised in online shopping as a three-fold process (pre-purchase, purchase, and post-purchase stages) from a consumer perspective. The model consists of three phases: social commerce motivation, social commerce adoption, and e-commerce effectiveness. Using two rounds of surveys, we find that (1) autonomous motivation and controlled motivation have positive effects on social commerce information seeking and sharing, and (2) social commerce information seeking formulates consumers’ pre-purchase decisions, thus affecting their actual purchase outcomes, repurchase intentions, and social commerce information-sharing intentions in the post-purchase stage. In addition, our study indicates that consumers may play dual roles in social commerce: as information seekers in the pre-purchase stage and as information providers in the post-purchase stage. Our findings have important implications for literature and practice.",social commerce|social media|e-commerce effectiveness|purchase decision|purchase behaviour|expectation confirmation theory|information seeking|information sharing|autonomous motivation|controlled motivation|repurchase intention,Digital Marketing and Social Media,Sociology and Political Science,Social Sciences,Social Sciences
https://doi.org/10.1080/0960085x.2022.2078743,Digital governance mechanisms and principles that enable agile responses in dynamic competitive environments,2022,2022-05-25,Giovanni Vaia|Daria Arkhipova|William H. DeLone,Ca' Foscari University of Venice|American University,IT|IT|US,60,NOT Open Access,,IT governance|digital governance|agile organizations|decision-making speed|boundary permeability|organizational design,Information Technology Governance and Strategy,Management Information Systems,"Business, Management and Accounting",Social Sciences
https://doi.org/10.1080/0960085x.2022.2136542,Dynamic capabilities for transitioning from product platform ecosystem to innovation platform ecosystem,2022,2022-10-26,Kazem Haki|Michael Blaschke|Stephan Aier|Robert Winter|David Tilson,HES-SO Genève|University of St.Gallen|University of Rochester,CH|CH|CH|CH|US,60,Open Access,"Over recent decades, many platform-native start-ups and firms were founded and some are now among the world’s most valuable. This study, however, focuses on an incumbent firm transitioning from a long established product platform ecosystem to an innovation platform ecosystem in response to the platform-natives’ threats of disruption. We specifically investigate the dynamic capabilities needed by the incumbent firm in an enterprise software ecosystem in the transition phase. Our analysis builds on multi-perspective empirical data covering the viewpoints of all the actor types in the ecosystem, i.e., platform owner, platform partners, and end-user firms. The results imply the necessity of four dynamic capabilities: resource curation, ecosystem preservation, resource reconfiguration, and ecosystem diversification. With this study, we contribute to the emerging literature on the incumbent firms’ transition to a new ecosystem organising logic, and extend the study of dynamic capabilities specifically for the case of transitioning to innovation platform ecosystems.",dynamic capabilities|incumbent firms|platform disruption|resource curation|ecosystem preservation|resource reconfiguration|ecosystem actors,Digital Platforms and Economics,Strategy and Management,"Business, Management and Accounting",Social Sciences
https://doi.org/10.1080/0960085x.2022.2096492,Digital agility: responding to digital opportunities,2022,2022-07-02,Varun Grover,University of Arkansas System,US,57,NOT Open Access,,digital agility|agile organizations|weak signals|digital opportunities|modular design|digital culture|ambidexterity|organizational responsiveness,Information Technology Governance and Strategy,Management Information Systems,"Business, Management and Accounting",Social Sciences
https://doi.org/10.1080/0960085x.2024.2363322,Uncovering post-adoption usage of AI-based voice assistants: a technology affordance lens using a mixed-methods approach,2024,2024-07-04,Zhen Shao|Jing Zhang|Lin Zhang|Jose Benitez,Harbin Institute of Technology|Northwestern Polytechnical University|Kent State University,CN|CN|CN|US,56,NOT Open Access,,technology affordances|routine use|extended use|cognitive beliefs|usage frequency|boundary conditions|human-AI interaction|technology adoption,Technology Adoption and User Behaviour,Information Systems and Management,Decision Sciences,Social Sciences
https://doi.org/10.1080/0960085x.2017.1395545,Aesthetics in design science research,2018,2018-01-29,Richard Baskerville|Mala Kaul|Veda C. Storey,"Georgia State University|Curtin University|University of Nevada, Reno",AU|US|US|US,55,NOT Open Access,,design science research|aesthetics|artifacts|quality standards|research value|truth,Information Systems Theories and Implementation,Sociology and Political Science,Social Sciences,Social Sciences
https://doi.org/10.1080/0960085x.2020.1779621,Complementor dedication in platform ecosystems: rule adequacy and the moderating role of flexible and benevolent practices,2020,2020-06-28,Thomas Hurni|Thomas Huber|Jens Dibbern|Oliver Krancher,University of Bern|École Supérieure des Sciences Économiques et Commerciales|IT University of Copenhagen,CH|FR|CH|DK,55,Open Access,"Dedicated complementors are devoted, faithful, and willing to invest in their partnership with a platform owner. Since such complementors promise continuous value co-creation, complementor dedication is an essential objective of platform governance. However, as dedicated complementors also increase their vulnerability vis-à-vis the platform owner, platform governance needs to strike a balance between satisfying global ecosystem needs and the local partnership needs. To understand this challenge better, our study develops six hypotheses on how two fundamental governance mechanisms – i.e., rules and the way in which these rules are practised – independently and symbiotically drive complementor dedication. We test these hypotheses using survey data from 181 complementors. Our findings show that complementors become more dedicated to a platform owner, the more adequate they perceive the rules to be. Furthermore, our findings suggest two sensible strategies to actualise the potential of adequate rules. Platform owners should either refrain entirely from practising rules with situational flexibility and benevolence, thereby achieving moderate complementor dedication. Alternatively, they should practice rules with both flexibility and benevolence at the same time, thereby maximising complementor dedication. Our findings contribute to the literature on platform governance and broader governance literature.",platform ecosystems|platform governance|benevolence|value co-creation|moderating effect,Digital Platforms and Economics,Strategy and Management,"Business, Management and Accounting",Social Sciences
https://doi.org/10.1080/0960085x.2021.1876534,Effective use of information technologies by seniors: the case of wearable device use,2021,2021-01-29,Mohamed Abouzahra|Maryam Ghasemaghaei,"California State University, Monterey Bay|McMaster University",US|CA,55,NOT Open Access,,wearable devices|older adults|technology adoption|affordances|activity monitoring|planning|health technology use|consumer technology use,Technology Use by Older Adults,Demography,Social Sciences,Social Sciences
https://doi.org/10.1080/0960085x.2021.1997100,Taking DevOps mainstream: a critical review and conceptual framework,2021,2021-11-14,Michael Gall|Federico Pigni,Grenoble Ecole de Management,FR|FR,54,NOT Open Access,,DevOps|agile software development|continuous delivery|software delivery|conceptual model|software engineering practices,Software Engineering Techniques and Practices,Information Systems,Computer Science,Physical Sciences
https://doi.org/10.1080/0960085x.2022.2103046,Digital platforms in the news industry: how social media platforms impact traditional media news viewership,2022,2022-07-27,Jie Ren|Hang Dong|Aleš Popovič|Gaurav Sabnis|Jeffrey V. Nickerson,Fordham University|IE University|NEOMA Business School|Stevens Institute of Technology,US|ES|FR|US|US,53,Open Access,"We examine how social media plays the role of an attention driver for traditional media. Social media attracts and channels attention to a topic. This attention triggers people to seek further information that is reported professionally in traditional media. Specifically, the volume of social media posts about a stock influences the attention to this stock the next day, proxied by the viewership of news articles on the same stock published the next day. We test this hypothesis in the stock market context because social media is less likely than traditional media to diffuse fundamental information in the stock market. Analysing stock-related news articles and stock-related social media posts from Sina Finance and Sina Weibo, we find that the social media post volume of a stock at time t-1 is associated with the traditional media viewership of the same stock at time t. This effect is amplified when social media sentiment about the stock is more intense or positive, and with an increase in the volume of verified social media posts about the stock. Our results provide evidence that social media platforms act as attention drivers, which differ from the information channel functions discussed in prior literature.",social media|traditional media|attention economy|stock market|social media sentiment|information dissemination|Weibo,Financial Markets and Investment Strategies,Finance,"Economics, Econometrics and Finance",Social Sciences
https://doi.org/10.1080/0960085x.2024.2357123,Should PLS become factor-based or should CB-SEM become composite-based? Both!,2024,2024-05-23,Jörg Henseler|Florian Schuberth,Universidade Nova de Lisboa|University of Twente,NL|PT|NL,51,Open Access,"This paper critically discusses a recent EJIS paper entitled ""Will PLS have to become factorbased to survive and thrive?"", which laments that covariance-based structural equation modelling cannot handle composite models, postulates that PLS should become factor-based, and advocates the use of the PLSF-SEM method.We clarify that covariance-based structural equation modelling can handle composite models, e.g. using the so-called Henseler -Ogasawara specification, agree that PLS in its original form cannot consistently estimate the parameters of reflective measurement models, and reiterate that consistent PLS is a viable means to overcome this limitation.Finally, we study the performance of PLSF-SEM through scenario analyses.Based on our results, we conclude that PLSF-SEM is inferior to covariancebased structural equation modelling and consistent PLS in almost all respects.Therefore, we cannot currently recommend the use of PLSF-SEM, and it is up to future research to demonstrate potential advantages over existing structural equation modelling techniques.",partial least squares|composite model|reflective measurement models|method comparison|scenario analysis,Psychometric Methodologies and Testing,Management Science and Operations Research,Decision Sciences,Social Sciences
https://doi.org/10.1080/0960085x.2021.1981779,"Crowdwork, digital liminality and the enactment of culturally recognised alternatives to Western precarity: beyond epistemological terra nullius",2021,2021-09-29,Amany R. Elbanna|Ayomikun Idowu,Royal Holloway University of London|Economic and Social Research Council|University of Sussex,GB|GB,49,Open Access,"Research on crowdwork in developing countries considers it precarious. This reproduces its Western conceptualisation assuming that crowdworkers in developing countries imitate their Western counterparts, without close examination of their experiences and responses to work conditions. This study breaks this epistemological terra nullius to pursue an in-depth examination of workers’ lived experience in a developing country and provide a non-Western perspective. It questions how crowdworkers experience and respond to crowdwork and adopts an inductive approach in examining crowdworkers in Nigeria. Unlike the work precarity thesis, we find that crowdworkers in Nigeria transition and transform crowdwork into long-term employment, drawing on their own cultural heritage, social norms and traditions. Through the lens of the indigenous theory of liminality, we conceptualise crowdwork as liminal digital work and uncover three phases in this transformation process. The study concludes that the agency of workers, their culture and their own context play important roles in their experience of crowdwork. This demonstrates that the in-depth examination of the phenomenon in developing countries could destabilise the dominant knowledge, decoupling it from its origin of production and exposing and examining its implicit and explicit assumptions, and hence advance theorisation.",crowdwork|precarious employment|long-term employment|worker agency|cultural heritage|epistemological critique|Western knowledge production|Nigeria|developing countries|digital work,Digital Economy and Work Transformation,Sociology and Political Science,Social Sciences,Social Sciences
https://doi.org/10.1080/0960085x.2022.2147456,The differential impacts of top management support and transformational supervisory leadership on employees’ digital performance,2022,2022-11-21,Zhen Shao|Xixi Li|Yumei Luo|Jose Benitez,Harbin Institute of Technology|University of Science and Technology Beijing|Yunnan University|Ecole des Hautes Etudes Commerciales du Nord,CN|CN|CN|FR,48,NOT Open Access,,top management support|digital performance|innovation performance|data-driven culture|digital self-efficacy|digital technologies|salespeople|joint ventures,Employee Performance and Leadership,Organizational Behavior and Human Resource Management,"Business, Management and Accounting",Social Sciences
https://doi.org/10.1080/0960085x.2024.2375262,How does big data analytics capability affect firm performance? Unveiling the role of organisational resilience and environmental dynamism,2024,2024-07-08,Jiabao Lin|Shaowu Wu|Xin Robert Luo,South China Agricultural University|University of New Mexico,CN|CN|US,48,NOT Open Access,,big data analytics capability|firm performance|organizational resilience|proactive resilience|environmental dynamism|Chinese enterprises,Big Data and Business Intelligence,Management Information Systems,"Business, Management and Accounting",Social Sciences
https://doi.org/10.1080/0960085x.2020.1793698,Chasing John Snow: data analytics in the COVID-19 era,2020,2020-07-03,Jesse Pietz|Scott McCoy|Joseph Hubert Wilck IV,United States Air Force Academy|William & Mary,US|US|US,45,Open Access,"During the first half of 2020, the lives of people around the world abruptly changed due to COVID-19. Data visualisations and models related to the spread of the disease became ubiquitous. In this paper, we survey 25 different data analytics dashboards, highlight the modelling approach taken by each, and develop a multi-attribute utility theory model to assess their effectiveness in communicating key features that explain the spread of infectious disease. We show that the dashboards that feature dimensions that span the categories associated with compartmental epidemiology models tend to be relatively robust data visualisations, and we highlight that information systems need to be improved to include data on actions to reduce the spread of the disease. We analyse the actions taken by countries around the world and show that when governments employ strict measures early, particularly those that enforce social distancing and include widespread testing and comprehensive contact tracing, they are more likely to experience better outcomes. Recommendations for how countries should respond in future pandemics are detailed.",COVID-19 pandemic|data visualization|compartmental epidemic model|multi-attribute utility theory|pandemic response|social distancing|contact tracing|testing|government measures|information systems|disease transmission,Data Visualization and Analytics,Computer Vision and Pattern Recognition,Computer Science,Physical Sciences
https://doi.org/10.1080/0960085x.2023.2257168,Enabling cybersecurity incident response agility through dynamic capabilities: the role of real-time analytics,2023,2023-09-11,Humza Naseer|Kevin C. Desouza|Sean B. Maynard|Atif Ahmad,RMIT University|Queensland University of Technology|The University of Melbourne,AU|AU|AU|AU,45,Open Access,"We explore how organisations enable agility in their cybersecurity incident response (IR) process by developing dynamic capabilities using real-time analytics (RTA). Drawing on RTA practices in the IR process at three large financial organisations, we develop a framework to explain how IR teams respond to the rapidly evolving cyber threat environment by developing RTA-based microfoundations that underpin the building of sensing, seizing, and transforming dynamic IR capabilities. These dynamic IR capabilities in turn help organisations to enable agility in their IR processes by leveraging swift, flexible, and innovative IR strategies, including active threat reconnaissance, active threat defence, and pervasive learning. Our findings have implications for the discourse on cybersecurity because we demystify the black box of IR agility, for our understanding of the use of RTA to enable agility in IR, and for the discourse on dynamic capabilities.","incident response|dynamic capabilities|real-time analytics|agility|financial organisations|sensing, seizing, and transforming|pervasive learning",Information and Cyber Security,Information Systems,Computer Science,Physical Sciences
https://doi.org/10.1057/ejis.2010.70,A new perspective on de-individuation via computer-mediated communication,2011,2011-01-25,Russell P. Haines|Joan Ellen Cheney Mann,Old Dominion University,US|US,43,NOT Open Access,,deindividuation|computer-mediated communication|group influence|electronic voting|anonymity|group pressure|chat rooms|common identity|group decision making|individual participation|nonverbal cues,Team Dynamics and Performance,Social Psychology,Psychology,Social Sciences
https://doi.org/10.1080/0960085x.2022.2115410,Digital service flexibility: a conceptual framework and roadmap for digital business transformation,2022,2022-09-07,Jiban Khuntia|Terence J. V. Saldanha|Abhishek Kathuria|Mohan Rao Tanniru,University of Colorado Denver|University of Georgia|Indian School of Business|University of Arizona,US|US|IN|US,43,NOT Open Access,,IT flexibility|digital business transformation|service innovation|hospital services|business strategy alignment|customer value,Information Technology Governance and Strategy,Management Information Systems,"Business, Management and Accounting",Social Sciences
https://doi.org/10.1080/0960085x.2023.2178978,Discovering the Juxtaposed Affordances in Digitally Transformed Live Streaming E-commerce: a Mixed-Methods Study from a Vicarious Learning Perspective,2023,2023-02-28,Ying Hua|Dongyi Wang|Xin Robert Luo|Fang-Kai Chang|Yitian Xie,University of International Business and Economics|University of New Mexico|Feng Chia University|Xi’an Jiaotong-Liverpool University,CN|CN|US|TW|CN,43,NOT Open Access,,live streaming e-commerce|IT affordances|observational learning|cognitive load|purchase intention|customer decision-making|interactivity|entertainment,Digital Marketing and Social Media,Sociology and Political Science,Social Sciences,Social Sciences
https://doi.org/10.1080/0960085x.2021.1947753,The dark side of data ecosystems: A longitudinal study of the DAMD project,2021,2021-07-12,Jon Aaen|Jeppe Agger Nielsen|Andrea Carugati,Aalborg University|Aarhus University,DK|DK|DK,42,Open Access,"Data are often vividly depicted as strategic assets that organisations can (re)use to create value for myriad purposes. However, the same qualities that make data so appreciated – that is, their volume, their value for a plurality of stakeholders and their indefinite reuse capacity – also have a dark side: data reuse can lead to deviant data use that undermines the legitimacy of data analytics initiatives. To investigate this dynamic, we build on the notion of data ecosystems and provide empirical evidence from a longitudinal, 15-year case study of the emergence, expansion and eventual collapse of a large-scale data analytics project – called DAMD – in the Danish health care sector. We demonstrate that data reuse in the evolving data ecosystem elicited a data reuse dark side that was so dominant that it eventually resulted in the project’s demise. We conceptualise the reuse dark side’s three major mechanisms as function creep, stakeholder creep and data creep. Based on these insights, we develop an empirically grounded Data Analytics Ecosystem Model that extends the current understanding of data ecosystems and provides a view of these ecosystems as having both a bright and a dark side.",data ecosystems|data reuse|function creep|health data,Big Data and Business Intelligence,Management Information Systems,"Business, Management and Accounting",Social Sciences
https://doi.org/10.1080/0960085x.2023.2272608,The impact of cognitive biases on the believability of fake news,2023,2023-11-01,Aaron M. French|Veda C. Storey|Linda G. Wallace,Kennesaw State University|Georgia State University|Virginia Tech,US|US|US,42,NOT Open Access,,fake news|cognitive biases|credibility|confirmation bias|herding behavior|framing effects|overconfidence|anchoring effect|social media|misinformation|bias mitigation|theory of truth,Misinformation and Its Impacts,Sociology and Political Science,Social Sciences,Social Sciences
https://doi.org/10.1080/0960085x.2022.2125840,Understanding decentralization of decision-making power in proof-of-stake blockchains: an agent-based simulation approach,2022,2022-09-19,Christoph Müller-Bloch|Jonas Valbjørn Andersen|Jason Spasovski|Jungpil Hahn,École Supérieure des Sciences Économiques et Commerciales|IT University of Copenhagen||National University of Singapore,FR|DK||SG,41,Open Access,"Blockchain systems allow for securely keeping shared records of transactions in a decentralised way. This is enabled by algorithms called consensus mechanisms. Proof-of-work is the most prominent consensus mechanism, but environmentally unsustainable. Here, we focus on proof-of-stake, its best-known alternative. Importantly, decentralised decision-making power is not an inherent feature of blockchain systems, but a technological possibility. Numerous security incidents illustrate that decentralised control cannot be taken for granted. We therefore study how key parameters affect the degree of decentralisation in proof-of-stake blockchain systems. Based on a real-world implementation of a proof-of-stake blockchain system, we conduct agent-based simulations to study how a range of parameters impact decentralisation. The results suggest that high numbers of initial potential validator nodes, large transactions, a high number of transactions, and a very high or very low positive validator network growth rate increase decentralisation. We find weak support for an impact of changes in transaction fees and initial stake distributions. Our study highlights how blockchain challenges our understanding of decentralisation in information systems research, and contributes to understanding the governance mechanisms that lead to decentralisation in proof-of-stake blockchain systems as well as to designing proof-of-stake blockchain systems that are prone to decentralisation and therefore more secure.",proof-of-stake|decentralization|blockchain|consensus algorithms|decision-making power|blockchain security|transaction fees|blockchain governance|agent-based modeling,Blockchain Technology Applications and Security,Information Systems,Computer Science,Physical Sciences
https://doi.org/10.1080/0960085x.2022.2067490,How mindfulness decreases cyberloafing at work: a dual-system theory perspective,2022,2022-05-01,Qian Chen|Yeming Gong|Yaobin Lu|Patrick Y.K. Chau,Huazhong Agricultural University|École de management de Lyon|Huazhong University of Science and Technology|University of Nottingham Ningbo China,CN|FR|CN|CN,40,NOT Open Access,,cyberloafing|mindfulness|dual-system theory|mind wandering|smartphone use at work|employee behavior,Cyberloafing and Workplace Behavior,Demography,Social Sciences,Social Sciences
https://doi.org/10.1080/0960085x.2020.1811786,Sustainability Design Principles for a Wildlife Management Analytics System: An Action Design Research,2020,2020-09-06,Shan Ling Pan|Mingwei Li|Loo Geok Pee|M S Sandeep,UNSW Sydney|Qingdao University|Nanyang Technological University,AU|CN|SG|AU,39,NOT Open Access,,wildlife management|affordances|design principles|protected areas|action potential|materiality|boundary conditions|analytical model|Forest Department|action design research,Information Systems Theories and Implementation,Sociology and Political Science,Social Sciences,Social Sciences
https://doi.org/10.1080/0960085x.2021.1931494,Learning not to take the bait: a longitudinal examination of digital training methods and overlearning on phishing susceptibility,2021,2021-06-20,Christopher Nguyen|Matthew L. Jensen|Eric Anthony Day,Logistics Management Institute (United States)|University of Oklahoma,US|US|US,39,NOT Open Access,,phishing susceptibility|overlearning|digital training|mindfulness training|skill retention|phishing detection|automaticity|cybersecurity education|longitudinal effects,Spam and Phishing Detection,Information Systems,Computer Science,Physical Sciences
https://doi.org/10.1080/0960085x.2022.2070557,Generational differences in handling technology interruptions: a qualitative study,2022,2022-05-10,Corey Baham|Pankush Kalgotra|Forough Nasirpouri Shadbad|Ramesh Sharda,Oklahoma State University|Auburn University|Oregon State University,US|US|US|US,39,NOT Open Access,,generational differences|digital natives|digital immigrants|computer-mediated communication|ubiquitous information systems|age and gender differences,Personal Information Management and User Behavior,Information Systems and Management,Decision Sciences,Social Sciences
https://doi.org/10.1080/0960085x.2022.2078235,Antecedents and performance outcomes of employees’ data analytics skills: an adaptation structuration theory-based empirical investigation,2022,2022-05-24,Zhen Shao|Jose Benitez|Jing Zhang|Hanqing Zheng|Aseel Ajamieh,Harbin Institute of Technology|Ecole des Hautes Etudes Commerciales du Nord||Princess Sumaya University for Technology,CN|FR|CN||JO,39,NOT Open Access,,data analysis skills|data-driven culture|absorptive capacity|task performance|innovation performance|digital immigrants|digital natives|frontline workers|organizational competitive advantage|business value,Big Data and Business Intelligence,Management Information Systems,"Business, Management and Accounting",Social Sciences
https://doi.org/10.1080/0960085x.2021.1963193,Personal use of technology at work: a literature review and a theoretical model for understanding how it affects employee job performance,2021,2021-08-07,Hemin Jiang|Mikko T. Siponen|Aggeliki Tsohou,University of Science and Technology of China|University of Jyväskylä|Ionian University,CN|FI|GR,38,Open Access,"Employee personal use of technology at work (PUTW) – defined as employees’ activities using organisational or personal IT resources for non-work-related purposes while at work – is increasingly common. Our review of existing PUTW studies (n = 137) suggests that previous studies widely discussed PUTW outcomes, antecedents, and policies. The literature review also indicates that previous studies proposed opposing viewpoints regarding the effect of PUTW on employee job performance, but few studies offered empirical evidence. Consequently, the conditions under which PUTW can increase or decrease employee job performance have not been discussed. We develop a theoretical model for increasing the understanding of this issue. Our model suggests that executive attention is an important underlying mechanism through which PUTW affects employee job performance. We further suggest the effect of PUTW on executive attention (and job performance) depends on PUTW behavioural characteristics in terms of four dimensions: PUTW cognitive load, PUTW arousal level, PUTW timing, and PUTW frequency/duration. The model can advance researchers’ understanding of the possible conditions under which PUTW may increase or decrease employee job performance. The model also offers new insights into existing studies on PUTW antecedents and policies. As a result, our proposed model provides new theoretical guidance for future studies on PUTW.",employee performance|executive attention|cognitive load|arousal level|theoretical model,Cyberloafing and Workplace Behavior,Demography,Social Sciences,Social Sciences
https://doi.org/10.1080/0960085x.2022.2073278,Responsible cognitive digital clones as decision-makers: a design science research study,2022,2022-05-16,Mariia Golovianko|Svitlana Gryshko|Vagan Y. Terziyan|Tuure Tuunanen,Kharkiv National University of Radio Electronics|University of Jyväskylä,UA|UA|FI|FI,37,Open Access,"This study uses a design science research methodology to develop and evaluate the Pi-Mind agent, an information technology artefact that acts as a responsible, resilient, ubiquitous cognitive clone – or a digital copy – and an autonomous representative of a human decision-maker. Pi-Mind agents can learn the decision-making capabilities of their “donors” in a specific training environment based on generative adversarial networks. A trained clone can be used by a decision-maker as an additional resource for one’s own cognitive enhancement, as an autonomous representative, or even as a replacement when appropriate. The assumption regarding this approach is as follows: when someone was forced to leave a critical process because of, for example, sickness, or wanted to take care of several simultaneously running processes, then they would be more confident knowing that their autonomous digital representatives were as capable and predictable as their exact personal “copy”. The Pi-Mind agent was evaluated in a Ukrainian higher education environment and a military logistics laboratory. In this paper, in addition to describing the artefact, its expected utility, and its design process within different contexts, we include the corresponding proof of concept, proof of value, and proof of use.",decision-making agents|generative adversarial networks|cognitive enhancement|responsible AI|military logistics|higher education|ubiquitous computing,Artificial Intelligence Applications,Artificial Intelligence,Computer Science,Physical Sciences
https://doi.org/10.1080/0960085x.2023.2297974,Smart cities for people with disabilities: a systematic literature review and future research directions,2023,2023-12-27,Shimi Zhou|Eleanor T. Loiacono|Nima Kordzadeh,Worcester Polytechnic Institute|William & Mary,US|US|US,37,NOT Open Access,,smart cities|people with disabilities|inclusive urban planning|social inclusion|socio-technical framework|quadruple helix|stakeholder collaboration|smart technologies|quality of life|urban life,Smart Cities and Technologies,Media Technology,Engineering,Physical Sciences
https://doi.org/10.1080/0960085x.2023.2243892,Role of substantive and rhetorical signals in the market reaction to announcements on AI adoption: a configurational study,2023,2023-08-31,Rohit Nishant|Tuan Kellan Nguyen|Thompson S.H. Teo|Pei‐Fang Hsu,Université Laval|University of Exeter|National University of Singapore|National Tsing Hua University,CA|GB|SG|TW,35,Open Access,"How do shareholders respond to technologies hyped in general discourse, e.g., artificial intelligence (AI), if a common understanding is lacking and the technologies are still evolving? Do they respond primarily to substantive signals in technology announcements, such as AI capabilities, or do rhetorical signals also play a significant role? Adopting signalling theory as a theoretical lens, we conceptualise announcements of AI capabilities as substantive signals and linguistic elements in the announcements pertaining to organisational time horizon and risk-reward considerations as rhetorical signals. Departing from the typical focus on bijective relationships, we consider holistic, complex configurations of interdependent factors using the qualitative comparative analysis (QCA) methodology. Notably, announcements pertaining to AI capabilities are not necessarily associated with positive market reactions; in fact, when all three types of AI are included in announcements without explicit consideration of risks, shareholders react negatively. We find that shareholder response is based on joint evaluation of substantive and rhetorical signals, and that these signals interact in a complex way to produce positive and negative market reactions. These findings motivate several propositions for market reactions to IT announcements, providing implications for both theory and practice.",artificial intelligence adoption|shareholder reactions|market reaction|signaling theory|configurational analysis,Financial Markets and Investment Strategies,Finance,"Economics, Econometrics and Finance",Social Sciences
https://doi.org/10.1080/0960085x.2023.2214744,Security and privacy risks in drone-based last mile delivery,2023,2023-05-17,Yu-Ju Tu|Selwyn Piramuthu,National Chengchi University|University of Florida,TW|US,34,NOT Open Access,,drone security|privacy risks|UAV communication|communication signals|drone operators,UAV Applications and Optimization,Aerospace Engineering,Engineering,Physical Sciences
https://doi.org/10.1080/0960085x.2022.2103045,The impact of enterprise architecture management on information systems architecture complexity,2022,2022-09-02,Jannis Beese|Stephan Aier|Kazem Haki|Robert Winter,University of St.Gallen|HES-SO Genève,CH|CH|CH|CH,33,Open Access,"Significant investments in information systems (IS) over the past decades have led to increasingly complex IS architectures in organisations, which are difficult to understand, operate, and maintain. We investigate this development and associated challenges through a conceptual model that distinguishes four constituent elements of IS architecture complexity by differentiating technological from organisational aspects and structural from dynamic aspects. Building on this conceptualisation, we hypothesise relations between these four IS architecture complexity constructs and investigate their impact on architectural outcomes (i.e., efficiency, flexibility, transparency, and predictability). Using survey data from 249 IS managers, we test our model through a partial least squares (PLS) approach to structural equation modelling (SEM). We find that organisational complexity drives technological complexity and that structural complexity drives dynamic complexity. We also demonstrate that increasing IS architecture complexity has a significant negative impact on efficiency, flexibility, transparency, and predictability. Finally, we show that enterprise architecture management (EAM) helps to offset these negative effects by acting as a moderator in the relation between organisational and technological IS architecture complexity. Thus, organisations without adequate EAM are likely to face large increases in technological complexity due to increasing organisational complexity, whereas organisations with adequate EAM exhibit no such relation.",enterprise architecture management|organizational complexity|technological complexity|structural complexity|dynamic complexity|building flexibility|architectural transparency,Information Technology Governance and Strategy,Management Information Systems,"Business, Management and Accounting",Social Sciences
https://doi.org/10.1080/0960085x.2025.2451250,Data spaces as meta-organisations,2025,2025-01-29,Tobias Moritz Guggenberger|Chris Schlueter Langdon|Boris Otto,TU Dortmund University|Fraunhofer Institute for Software and Systems Engineering|Claremont Graduate University|Deutsche Telekom (Germany),DE|DE|US|DE,33,Open Access,"Sharing and reusing data across organisations is central to the European data strategy and its transformation towards creating a data-driven economy. Currently, data sharing, when it occurs, is typically facilitated through centralised platforms or bilateral integration solutions, which are increasingly failing to meet requirements for flexibility, trustworthiness, and self-determination over shared data. Data spaces have emerged as a promising solution, built on distributed and shared infrastructure and governance frameworks. However, widespread adoption requires consensus on the necessary organisational and technical capabilities. This paper proposes a data service model and design principles for data services to clarify choices and guide decision-making. We adopt a novel perspective by conceptualising data spaces as meta-organisations to guide an Action Design Research study, utilising privileged access to key large-scale European data space projects in the mobility and automotive sectors. This paper not only develops a nascent design theory for data spaces, but also offers a practical framework, breaking down complex challenges into actionable, scientifically validated components – for further growth and adoption of data spaces.",data spaces|data sharing|data reuse|design principles|distributed infrastructure|data governance|data economy|European Data Strategy|mobility data|vehicle data,Digital Platforms and Economics,Strategy and Management,"Business, Management and Accounting",Social Sciences
https://doi.org/10.1080/0960085x.2024.2302426,Citizens’ participation in local energy communities: the role of technology as a stimulus,2024,2024-01-13,Catarina Paisana Pires Costa das Neves|Tiago Oliveira|Saonee Sarker,Universidade Nova de Lisboa|Virginia Tech,PT|PT|US,32,Open Access,"Because of their focus on the acquisition of new technologies, local energy communities are increasingly being recognised as major players in the current energy transition and revealing the valuable role of technological solutions in sustainable development. Nevertheless, the success of these communities is not limited to the acquisition of technologies. Instead, it is strongly dependent on citizen participation. Prior literature has focused much more on the institutional and policy factors than on the roles of citizens and their participation in such communities, and indirectly on sustainability. To address the lack, this study aims to explain the determinants of citizen participation in local energy communities by developing a research model grounded on the stimulus-organism-response (S-O-R) framework, and then through a mixed-methods design, study the impact of technological factors as a stimulus on more social outcomes, namely the organism and response behaviours. Our results highlight the strong impact of sustainable technologies and gamification in citizens’ attitudes. Moreover, the research model reveals a strong influence of empowerment and pro-environmental behaviour in the citizen intention to participate in local energy communities.",local energy communities|citizen participation|energy transition|stimulus-organism-response model|environmental technology|gamification|empowerment|pro-environmental behavior|citizen attitudes|intention to participate|social outcomes,Social Acceptance of Renewable Energy,Sociology and Political Science,Social Sciences,Social Sciences
https://doi.org/10.1080/0960085x.2022.2099767,Does stress reduce violation intention? Insights from eustress and distress processes on employee reaction to information security policies,2022,2022-07-22,Adel Yazdanmehr|Yuan Li|Jingguo Wang,Baruch College|City University of New York|University of Tennessee at Knoxville|The University of Texas at Arlington,US|US|US,31,NOT Open Access,,information security policy|eustress|distress|occupational stress|challenge demands|hindrance demands|self-efficacy|planful problem solving|wishful thinking|dual-process models,Information and Cyber Security,Information Systems,Computer Science,Physical Sciences
https://doi.org/10.1080/0960085x.2024.2347950,Sociotechnical micro-foundations for digital transformation,2024,2024-05-05,Jon Iden|Bendik Bygstad,Norwegian School of Economics,NO|NO,30,Open Access,"This paper introduces sociotechnical micro-foundations for digital transformation. The concept highlights how the macro-level capabilities that enable organisations to conduct digital transformation originate from competent individuals, digital resources, and their interactions. In developing the sociotechnical micro-foundation concept, we explored the sociotechnical interactions that facilitated the digital transformation of a Nordic hotel chain and how macro- and micro-level interactions are linked throughout the transformation process. Adopting a sociotechnical perspective helped us shed light on how the synergistic effect of individuals and digital resources interacting in digital transformation enables higher-level outcomes. By developing and theorising sociotechnical micro-foundations, we offer three contributions. First, we propose a concept at the micro level, the basic building block of digital transformation, that ensures the joint consideration of social and technical elements, as well as how to combine them. By showing the interaction between the macro and micro levels, we extend the current knowledge of how organisations develop macro-level capabilities for digital transformation. Second, we contribute to the micro-foundation literature, a body of knowledge that lacks a technical dimension, by demonstrating how interactions between individuals and digital resources are key to understanding what happens at the micro level. Third, we offer practical implications for managers.",digital transformation|socio-technical interactions|organizational capabilities|electronic resources|hotel industry,Information Systems Theories and Implementation,Sociology and Political Science,Social Sciences,Social Sciences
https://doi.org/10.1080/0960085x.2023.2229787,"Salience, transparency, and self-nudging: a digital nudge to promote healthier food product choices",2023,2023-08-29,Leonard Michels|Jessica Ochmann|Kathrin Schmitt|Sven Laumer|Verena Tiefenbeck,Friedrich-Alexander-Universität Erlangen-Nürnberg,DE|DE|DE|DE|DE,29,NOT Open Access,,digital nudging|salience effects|transparency|healthy food choices|purchase decision|online supermarket|food product selection,Decision-Making and Behavioral Economics,General Decision Sciences,Decision Sciences,Social Sciences
https://doi.org/10.1080/0960085x.2023.2251927,Algorithm aversion to mobile clinical decision support among clinicians: a choice-based conjoint analysis,2023,2023-08-29,Sulemana Bankuoru Egala|Decui Liang,University of Electronic Science and Technology of China|Simon Diedong Dombo University of Business and Integrated Development Studies,CN|CN,29,NOT Open Access,,algorithm aversion|clinical decision support systems|artificial intelligence in healthcare|epistemic authority|algorithmic opacity|point-of-care decision making|clinician preferences|algorithmic decision-making,Artificial Intelligence in Healthcare and Education,Health Informatics,Medicine,Health Sciences
https://doi.org/10.1080/0960085x.2022.2062469,"What most influences consumers’ intention to use? Different motivation and trust stories for uber, airbnb, and taskrabbit",2022,2022-04-18,John F. Tripp|D. Harrison McKnight|Nancy K. Lankton,Clemson University|Michigan State University|Marshall University,US|US|US,28,NOT Open Access,,sharing economy|intention to use|consumer trust|user motivation|Uber|Airbnb|TaskRabbit|Generation Z|young consumers|trust in providers|enjoyment,Sharing Economy and Platforms,Marketing,"Business, Management and Accounting",Social Sciences
https://doi.org/10.1080/0960085x.2023.2169202,Unraveling the effect of organisational resources and top management support on e-commerce capabilities: evidence from ADANCO-SEM and fsQCA,2023,2023-02-02,Jiabao Lin|Xin Robert Luo|Lei Li|Carol W. Hsu,South China Agricultural University|University of New Mexico|Northwest A&F University|The University of Sydney,CN|US|CN|AU,28,NOT Open Access,,organizational resources|top management support|guanxi|e-commerce infrastructure|social resources|technical resources|resource-based view|moderating effect|configurational analysis,Innovation and Knowledge Management,Strategy and Management,"Business, Management and Accounting",Social Sciences
https://doi.org/10.1080/0960085x.2023.2178742,A perfect match or an arranged marriage? How chief digital officers and chief information officers perceive their relationship: a dyadic research design,2023,2023-02-27,Felix Lorenz|Arne Buchwald,Witten/Herdecke University|EBS University of Business and Law|Ghent University|Vlerick Business School,DE|BE,26,Open Access,"Several organisations have introduced a new leadership role, the Chief Digital Officer (CDO), as a centralised role in their top management team (TMT), tasked with accelerating and coordinating their digital transformation. While previous research proposes a complementary, tight alignment between the CDO and the Chief Information Officer (CIO), role redundancies and the fight for recognition and resources also suggest an inherent tension. We provide insights into the CIO-CDO collaboration quality based on role, TMT cooperation, conflict theory, and a dyadic design approach of 11 CIO-CDO relationships with 33 expert interviews in two waves. Our findings indicate that the CIO-CDO relationship may not always be as complementary as proposed in the literature; instead, in the vast majority of our dyads, there is too much role conflict to achieve tight alignment, leading to separation behaviour between the roles. We identify the involvement in the introduction of the other role, the CIO demand-side orientation, and the CDO supply-side orientation as important contingency factors determining the quality of the CIO-CDO relationship. Finally, unless the CIO-CDO relationship resembles a perfect match, a unified Chief Digital and Information Officer (CDIO) role may better resolve the challenges we identify in our sample’s dyads. Our insights extend the understanding of the CIO-CDO relationship.",chief digital officer|chief information officer|digital transformation|top management teams|role conflict|role alignment|conflict theory|leadership roles,Information Technology Governance and Strategy,Management Information Systems,"Business, Management and Accounting",Social Sciences
https://doi.org/10.1080/0960085x.2022.2115949,"Use IT again? Dynamic roles of habit, intention and their interaction on continued system use by individuals in utilitarian, volitional contexts",2022,2022-09-04,Matthias Söllner|Abhay Nath Mishra|Jan-Michael Becker|Jan Marco Leimeister,University of Kassel|Iowa State University|BI Norwegian Business School|University of St.Gallen,DE|US|NO|CH|DE,25,Open Access,"This paper employs a longitudinal perspective to examine continued system use (CSU) by individuals in utilitarian, volitional contexts when alternative systems are present . We focus on two key behavioural antecedents of CSU – habit and continuance intention – and theorise how the relationships between CSU and these antecedents evolve over time. In addition, we hypothesise how the interaction effect of habit and intention on CSU evolves temporally. Our theorising differs from extant literature in two important respects: 1) In contrast to the widespread acceptance of the diminishing effect of continuance intention on CSU in the information systems (IS) literature, we hypothesise that in our context, its impact increases with time; and 2) In contrast to the negative moderation effect of habit on the relationship between intention and CSU proposed in the literature, we posit a positive interaction effect. We collect longitudinal survey data on the use of a higher education IS from students in a European university. Our results suggest that the impact of continuance intention on CSU as well as the interaction effect between habit and intention are increasing over time. We further introduce a methodological innovation – the permutation approach to conduct the multi-group analysis with repeated measures – to the literature.",habit|continuance intention|alternative systems|university information systems|university students|temporal dynamics,Technology Adoption and User Behaviour,Information Systems and Management,Decision Sciences,Social Sciences
https://doi.org/10.1080/0960085x.2023.2166431,Management and sustenance of digital transformations in the Irish microbusiness sector: examining the key role of microbusiness owner-manager,2023,2023-02-14,Anuragini Shirish|Shirish Chandra Srivastava|Niki Panteli,"Université Paris-Saclay|Laboratoire en Innovation, Technologies, Economie et Management|Institut Mines-Télécom Business School|École des Hautes Études Commerciales|HEC Paris|Royal Holloway University of London|Norwegian University of Science and Technology",FR|DZ|FR|GB|NO,25,NOT Open Access,,digital transformation|microenterprises|digital leadership|digital capabilities|growth mindset|digital transformation readiness|online learning|digital ecosystems,Digital Innovation in Industries,Management of Technology and Innovation,"Business, Management and Accounting",Social Sciences
https://doi.org/10.1080/0960085x.2022.2035262,Uncovering a new form of digitally-enabled agility: an improvisational perspective,2022,2022-02-19,Nadège Levallet|Yolande E. Chan,University of Maine|McGill University,US|CA,24,Open Access,"Agile organisations address changes with ease and speed. These changes are tackled through the concept of ongoing agility, using a sense-respond process, composed of sensing, decision-making, and acting. Increasingly, however, unexpected events require a different agility response. In this study, we propose and empirically examine how improvisational agility – conceptualised as organisation improvisational capability, the ability to sense and respond to unexpected events with speed and creativity – is a type of agility better suited for unanticipated events. Specifically, we focus on the improvisational agility sense-respond process. Using four exploratory cases, we find that organisations can leverage existing ongoing agility mechanisms for improvisational agility and, through learning, can leverage improvisational agility in ongoing agility. We also explain how different components of information management capability support improvisational agility, depending on the unexpected events and the need for speed or creativity.",organizational agility|unexpected events|information management capability|digital agility|organizational learning|creativity|decision-making,Collaboration in agile enterprises,Management of Technology and Innovation,"Business, Management and Accounting",Social Sciences
https://doi.org/10.1080/0960085x.2024.2304030,Exploring the complementary effects of business analytics capabilities and π-shaped skills on innovation outcomes,2024,2024-01-29,A. Mohammed Abubakar|Ahmet Türkmen|Volkan Işik|Patrick Mikalef|Ofir Turel,Antalya Bilim Üniversitesi|Antalya Bilim University|Akdeniz University|Hacettepe University|University of Ljubljana|Norwegian University of Science and Technology|SINTEF Digital|The University of Melbourne,TR|TR|TR|NO|SI|AU,23,NOT Open Access,,business analytics capabilities|data-driven culture|marketing innovation|innovation performance|data assets|supervisors|human competencies|serial mediation,Big Data and Business Intelligence,Management Information Systems,"Business, Management and Accounting",Social Sciences
https://doi.org/10.1080/0960085x.2024.2395531,Reducing the incidence of biased algorithmic decisions through feature importance transparency: an empirical study,2024,2024-09-02,Sepideh Ebrahimi|Esraa Abdelhalim|Khaled Hassanein|Milena M. Head,University of Waterloo|University of Windsor|McMaster University,CA|CA|CA|CA,22,Open Access,"As firms move towards data-driven decision-making using algorithmic systems, concerns are raised regarding the lack of transparency of these systems which could have ramifications related to users’ trust and the potential for provoking discriminatory decisions. Although previous research has developed methods to improve algorithmic transparency, little empirical evidence exists regarding the extent of the effectiveness of these approaches. Drawing upon Rest’s theory of ethical decision-making and the literature on algorithmic transparency and bias, we investigate the effectiveness of feature importance (FI), a common transparency-enhancing approach, which illustrates the nature and the weights of the features utilised by an algorithm. Through an online experiment employing a fictitious tool that provided recommendations for selecting employees for a promotion-related training programme, we find that FI is effective when biased recommendations include direct discrimination (i.e. when individuals are treated less favourably on protected grounds such as gender); but is of little assistance when discrimination is indirect (i.e. when a criterion or practice that is apparently neutral, disadvantages a group of individuals who are of a protected class). Additionally, we propose a new transparency approach, using aggregated demographic information, to accompany FI in indirect discrimination circumstances and report the results of testing its effects.",algorithmic transparency|feature importance|algorithmic bias|indirect discrimination|direct discrimination|ethical decision-making|employee promotion|data-driven decision making|trust in algorithms|protected characteristics,Ethics and Social Impacts of AI,Safety Research,Social Sciences,Social Sciences
https://doi.org/10.1080/0960085x.2024.2360564,Will PLS have to become factor-based to survive and thrive?,2024,2024-05-30,Ned Kock,Texas A&M International University,US,19,NOT Open Access,,partial least squares|structural equation modeling|latent variables|factor models|hypothesis testing|type I and type II errors|covariance-based SEM|information systems research,Psychometric Methodologies and Testing,Management Science and Operations Research,Decision Sciences,Social Sciences
https://doi.org/10.1080/0960085x.2023.2232333,Data curation as anticipatory generification in data infrastructure,2023,2023-07-05,Elena Parmiggiani|Nana Kwame Amagyei|Steinar Kornelius Selebø Kollerud,Norwegian University of Science and Technology,NO|NO|NO,18,Open Access,"Data curation is crucial for data reusability.New possibilities for digital data sharing are an urgent concern for data curators, who must keep historical datasets and present data collections always ready to meet unknown future data needs.This calls for a more nuanced understanding of the temporal horizons of data curation in Information Systems research.Based on a qualitative interpretive case study of data management in an environmental monitoring infrastructure, we characterise three data curation practices to support data reuse.These practices follow three interleaving temporal perspectives: retrospective (by upgrading historical datasets), present-oriented (by monitoring ongoing data collections), and future-looking (by disseminating data).We conceptualise this work as anticipatory generification, involving continuous and temporally oriented data curation to maintain data sufficiently open-ended to anticipate future data reusability.Anticipatory generification is essential for the sustainable evolution of environmental data infrastructures.Our study contributes to the Information Systems literature by further theorising the temporal perspectives of data infrastructures and providing additional insight into how the future is anticipated in practice.",data curation|data reuse|data infrastructure|time perspective|environmental monitoring data|data management practices|data dissemination,Research Data Management Practices,Information Systems,Computer Science,Physical Sciences
https://doi.org/10.1080/0960085x.2026.2616042,Design principles for text-to-image generative artificial intelligence creativity support tools for visual design,2026,2026-01-20,Savindu Herath|Amirsiavosh Bashardoust|Yonah Bole|Yash Raj Shrestha,ETH Zurich|University of Lausanne,CH|CH|CH|CH,14,Open Access,"Generative AI (GenAI) presents significant opportunities, particularly for creative work like visual design. GenAI can effectively address creative challenges like the “blank page” problem by enabling rapid visual conceptualisation, thereby enhancing productivity in visual design tasks. However, organisations face significant challenges in integrating off-the-shelf, untamed foundation models, whose complex user interfaces are misaligned with production-oriented workflows, exacerbating issues such as AI illiteracy, employee resistance, and job displacement. To facilitate GenAI integration into creative workflows while addressing these challenges, we conduct an action design research study at Ubisoft, where we develop and introduce a GenAI-enabled creativity support tool (CST)—comprising workflow guidance and simplified user interface on Stable Diffusion models—as a bridging tool in concept art creation processes. Our user studies and evaluations indicate that the artefact increases user acceptance, improves productivity, and adds value to both concept artists and their studios. In addition to detailing the artefact’s design and evaluation, we present seven design principles for text-to-image GenAI CSTs for visual design. These principles contribute to the academic discourse on human-AI collaboration by filling a critical gap in prescriptive design knowledge and emphasising the role of GenAI in augmenting, rather than replacing, human skill and ingenuity.",generative AI|text-to-image generation|creativity support tools|visual design|concept art|design principles|human-AI collaboration|Stable Diffusion|user interface design|user acceptance|productivity|Ubisoft,Digital Media and Visual Art,Computer Graphics and Computer-Aided Design,Computer Science,Physical Sciences
https://doi.org/10.1080/0960085x.2025.2558598,Between Proactive and Reactive Coping: How Food Delivery Workers Cope With Algorithmic Management Threats,2025,2025-09-21,Matthias J. Weber|Ulrich Remus|Manfred Geiger|W. Alec Cram,Universität Innsbruck|IU International University of Applied Sciences|University of Waterloo,AT|AT|DE|CA,10,Open Access,"This study explores how gig workers in the food delivery sector cope with algorithmic management threats. Algorithmic management involves using learning algorithms to manage and control workers in online labour platforms. Although it offers opportunities for platforms, algorithmic management may present threats for workers including anxiety, burnout, and isolation. While focusing on resistance in the context of algoactivism, limited attention has been paid to how workers perceive algorithmic management threats and the emotion-focused and problem-focused coping behaviours they employ to cope with them. Using Q-methodology, the research identified four types of workers displaying unique coping strategies: the Empowered Collectivist fosters resilience through collective meaning-making and emotional support; the Savvy Opportunist leverages technical literacy; the Isolated Denier struggles with opacity and isolation; and the Anxious Conspiracist is marked by over-adapting and conspiracy theorizing. Building on this typology, the study proposes a dynamic coping model in which proactive coping strategies can support a virtuous cycle of positive reappraisal, increased agency, and resilience.In contrast, reactive coping strategies may contribute to a vicious cycle of negative reappraisal, emotional exhaustion, and disengagement. The study refines coping theory in technology mediated work, contributing to a nuanced understanding of algoactivism and redefining worker agency under algorithmic management.",algorithmic management|food delivery workers|gig work|coping strategies|worker agency|online labour platforms|worker isolation|burnout,Digital Economy and Work Transformation,Sociology and Political Science,Social Sciences,Social Sciences
https://doi.org/10.1057/ejis.2012.13,Willing to pay for quality personalization? Trade-off between quality and privacy,2012,2012-03-27,Ting Li|Till Unger,Erasmus University Rotterdam|,NL|,140,NOT Open Access,,web personalization|recommender systems|data privacy|perceived quality|willingness to pay|information disclosure|privacy violations|news services|financial services,"Privacy, Security, and Data Protection",Sociology and Political Science,Social Sciences,Social Sciences
https://doi.org/10.1057/ejis.2011.36,Analysing quadratic effects of formative constructs by means of variance-based structural equation modelling,2011,2011-09-06,Jörg Henseler|Georg Fassott|Theo K. Dijkstra|Bradley J. Wilson,Radboud University Nijmegen|Universidade Nova de Lisboa|University of Kaiserslautern|University of Groningen|RMIT University,NL|PT|DE|NL|AU,122,Open Access,"Together with the development of information systems research, there has also been increased interest in non-linear relationships between focal constructs. This article presents six Partial Least Squares-based approaches for estimating formative constructs’ quadratic effects. In addition, these approaches’ performance is tested by means of a complex Monte Carlo experiment. The experiment reveals significant and substantial differences between the approaches. In general, the performance of the hybrid approach as suggested by Wold (1982) is most convincing in terms of point estimate accuracy, statistical power, and prediction accuracy. The two-stage approach suggested by Chin et al (1996) showed almost the same performance; differences between it and the hybrid approach – although statistically significant – were unsubstantial. Based on these results, the article provides guidelines for the analysis of non-linear effects by means of variance-based structural equation modelling.",formative constructs|quadratic effects|nonlinear relationship|partial least squares|two-stage estimation|Monte Carlo simulation|statistical power|prediction accuracy,Psychometric Methodologies and Testing,Management Science and Operations Research,Decision Sciences,Social Sciences
https://doi.org/10.1057/ejis.2013.31,Learning and self-disclosure behavior on social networking sites: the case of Facebook users,2013,2013-11-12,Rui Chen|Sushil Kumar SHARMA,Ball State University,US|US,114,NOT Open Access,,Facebook|social networking sites|self-disclosure|attitude formation|learning theory|classical conditioning|operant conditioning|social learning|gender differences|user behavior,Technology Adoption and User Behaviour,Information Systems and Management,Decision Sciences,Social Sciences
https://doi.org/10.1057/ejis.2014.15,An organizational perspective on m-business: usage factors and value determination,2014,2014-06-24,Winnie Ng Picoto|France Bélanger|António Reis,University of Lisbon|ISEG - Instituto Superior de Economia e Gestão|Virginia Tech,PT|US|PT,112,Open Access,"Mobile technologies have increasingly become an integral part of individuals’ work and personal lives. Although research exists in this domain, most of it focuses on the customer’s adoption factors rather than assessing the value or the impact of mobile business (m-business) usage on firms. The present study fills this gap in the literature through the analysis of the value m-business can provide for firms. The Technology-Organization-Environment framework, Diffusion of Innovation theory and Resource-Based theory ground this research’s conceptual model for assessing the post-adoption stages of usage and value of mobile business from an organizational perspective. The value of m-business includes the impact on marketing and sales, internal operations, and procurement. This research uses a mixed method research design; interviews are first conducted to develop a model to assess m-business usage, and survey data collected from 180 Portuguese organizations is then used to test the proposed model. The results indicate that seven of the nine proposed antecedents of m-business usage are significant, and that m-business usage has a positive and significant relationship with m-business value. Furthermore, the three dimensions of value (marketing and sales, internal operations, and procurement) are significant, but only two of them have direct positive impacts on firm performance. Implications of these findings for practice and research are discussed.",mobile business|m-business|organizational values|technology adoption|technology-organization-environment framework|diffusion of innovation theory|resource-based view|firm performance|sales and marketing|internal operations|procurement,Technology Adoption and User Behaviour,Information Systems and Management,Decision Sciences,Social Sciences
https://doi.org/10.1057/ejis.2010.47,How website socialness leads to website use,2010,2010-09-21,Robin L. Wakefield|Kirk L. Wakefield|Julie A Baker|Liz C. Wang,Baylor University|Texas Christian University|University of Dallas,US|US|US|US,106,NOT Open Access,,social cues|e-commerce|online shopping|user enjoyment|user attitudes|behavioral intention|functional products|web design,Technology Adoption and User Behaviour,Information Systems and Management,Decision Sciences,Social Sciences
https://doi.org/10.1057/ejis.2010.53,How do IT capabilities create strategic value? Toward greater integration of insights from reductionistic and holistic approaches,2010,2010-11-30,Lior Fink,Ben-Gurion University of the Negev,IL,105,NOT Open Access,,IT capabilities|competitive advantage|holistic approach|resource-based view|configuration theory|mediation model|IT managers,Information Technology Governance and Strategy,Management Information Systems,"Business, Management and Accounting",Social Sciences
https://doi.org/10.1057/ejis.2010.5,Continued use of process modeling grammars: the impact of individual difference factors,2010,2010-02-01,Jan Recker,Queensland University of Technology,AU,103,Open Access,"Process modeling grammars are used by analysts to describe information systems domains in terms of the business operations an organization is conducting. While prior research has examined the factors that lead to continued usage behavior, little knowledge has been established as to what extent characteristics of the users of process modeling grammars inform usage behavior. In this study, a theoretical model is advanced that incorporates determinants of continued usage behavior as well as key antecedent individual difference factors of the grammar users, such as modeling experience, modeling background and perceived grammar familiarity. Findings from a global survey of 529 grammar users support the hypothesized relationships of the model. The study offers three central contributions. First, it provides a validated theoretical model of post-adoptive modeling grammar usage intentions. Second, it discusses the effects of individual difference factors of grammar users in the context of modeling grammar usage. Third, it provides implications for research and practice.",individual differences|intention to use|theoretical model,Business Process Modeling and Analysis,Management Information Systems,"Business, Management and Accounting",Social Sciences
https://doi.org/10.1057/ejis.2014.35,Insufficient theoretical contribution: a conclusive rationale for rejection?,2014,2014-10-28,Pär J. Ågerfalk,Uppsala University,SE,103,Open Access,"Have you ever received a rejection letter that goes something like this?The manuscript presents an exciting empirical study of an important and timely phenomenon. However, the reviewers, who are al...",manuscript rejection|theoretical contributions|peer review|rejection letters|editorial decision-making|information systems research,Academic Writing and Publishing,History and Philosophy of Science,Arts and Humanities,Social Sciences
https://doi.org/10.1057/ejis.2014.27,"Toward a theory of perceived benefits, affective commitment, and continuance intention in social virtual worlds: cultural values (indulgence and individualism) matter",2014,2014-09-09,Zhongyun Zhou|Xiaoling Jin|Yulin Fang|Doug Vogel,Tongji University|Shanghai University|City University of Hong Kong|Harbin Institute of Technology,CN|CN|HK|CN,102,NOT Open Access,,social virtual worlds|Second Life|perceived benefits|affective commitment|continuance intention|cultural values|indulgences|individualism|utilitarian value|hedonic value|relational capital|cross-cultural comparison,Technology Adoption and User Behaviour,Information Systems and Management,Decision Sciences,Social Sciences
https://doi.org/10.1057/ejis.2010.45,Government website service quality: a study of the Irish revenue online service,2010,2010-09-07,Regina Connolly|Frank Bannister|Aideen Kearney,Dublin City University|Trinity College Dublin,IE|IE|IE,98,NOT Open Access,,e-government|online service quality|tax return filing|tax collection|E-S-QUAL|perceived value|ease of use|efficiency|intention to use|government websites,E-Government and Public Services,Political Science and International Relations,Social Sciences,Social Sciences
https://doi.org/10.1057/ejis.2012.16,Top management support in multiple-project environments: an in-practice view,2012,2012-04-24,Amany R. Elbanna,Royal Holloway University of London,GB,98,NOT Open Access,,top management support|information system implementation|enterprise resource planning|project interdependencies|actor-network theory|international organizations|project management,ERP Systems Implementation and Impact,Management Information Systems,"Business, Management and Accounting",Social Sciences
https://doi.org/10.1057/ejis.2013.27,Managing the introduction of information security awareness programmes in organisations,2013,2013-10-01,Aggeliki Tsohou|Maria Karyda|Spyros Kokolakis|Evangelos Kiountouzis,University of Oulu|University of the Aegean|Athens University of Economics and Business,FI|GR|GR|GR,97,NOT Open Access,,information security awareness|organizational change|actor-network theory|structuration theory|contextualism|public sector organizations,Information and Cyber Security,Information Systems,Computer Science,Physical Sciences
https://doi.org/10.1057/ejis.2012.17,"The effect of colors of e-commerce websites on consumer mood, memorization and buying intention",2012,2012-05-22,Jean‐Éric Pelet|Panagiota Papadopoulou,Université de Nantes|Nantes Université|National and Kapodistrian University of Athens,FR|GR,93,Open Access,"This paper aims at studying the effect of the colors of e-commerce websites on consumer mood, memorization and buying intention. On the basis of a literature review a conceptual model is proposed, showing the effects of the color of e-commerce websites and specifically of its components, hue and brightness on the behavioral responses of the consumer, memorization and buying intention. These responses are conveyed by mood. Data collection was carried out during a laboratory experiment in order to control for the measurement of the colored appearance of e-commerce websites. Participants visited one of the eight versions of a website designed for the research, selling music CDs. Data analysis using ANOVA, regressions and general linear models show a significant effect of color on memorization, conveyed by mood. The interaction of hue and brightness, using chromatic colors for the background and foreground supports memorization and buying intention, when contrast is based on low brightness. A negative mood infers better memorization but a decreasing buying intention. Implications for theory and practice are discussed.",e-commerce platforms|consumer mood|memorization|purchase intention|hue|brightness|color contrast|chromatic color|consumer behavior,Color perception and design,Social Psychology,Psychology,Social Sciences
https://doi.org/10.1057/ejis.2010.15,Proposing the online community self-disclosure model: the case of working professionals in France and the U.K. who use online communities,2010,2010-03-09,Clay Posey|Paul Benjamin Lowry|Tom Roberts|Selwyn Ellis,University of Arkansas at Little Rock|University of Central Florida|Brigham Young University|Virginia Tech|University of Kansas|Louisiana Tech University,US|US|US|US,93,Open Access,"The global use of online communities has exploded to involve hundreds of millions of users. Despite the tremendous social impact and business opportunities afforded by these communities, little information systems (IS) research has addressed them – especially in a cross-cultural context. Our research proposes an online community self-disclosure model, tested in a cross-cultural setting using data provided by French and British working professionals. Our model is based on social exchange theory (SET) and social penetration theory (SPT), as well as on cross-cultural theory related to individualism-collectivism. SET explains that individuals engage in relationships when the perceived costs associated with the relationship are less than the expected benefits. SPT extends SET to explain that individuals participate in self-disclosure to foster relationships – reciprocation is the primary benefit of self-disclosure, whereas risk is the foundational cost of self-disclosure. Our study established several important findings: positive social influence to use an online community increases online community self-disclosure; reciprocity increases self-disclosure; online community trust increases self-disclosure; and privacy risk beliefs decrease self-disclosure. Meanwhile, a tendency toward collectivism increases self-disclosure. We further found that French participants had higher scores on horizontal individualism than British participants. Several other findings and their implications for practice are also discussed.",online communities|self-disclosure|social exchange theory|social penetration theory|cross-cultural comparison|individualism-collectivism|horizontal individualism|reciprocity|social influence|working professionals,"Privacy, Security, and Data Protection",Sociology and Political Science,Social Sciences,Social Sciences
https://doi.org/10.1057/ejis.2015.16,"Web assurance seal services, trust and consumers’ concerns: an investigation of e-commerce transaction intentions across two nations",2015,2015-12-22,Dan Jong Kim|Myung-Seong Yim|Vijayan Sugumaran|Hejamadi Raghav Rao,"University of North Texas|Sahmyook University|Oakland University|University at Buffalo, State University of New York",US|KR|US|US,93,NOT Open Access,,e-commerce trust|consumer concerns|perceived effectiveness|privacy concerns|cross-cultural comparison|United States consumers|Korean consumers,Technology Adoption and User Behaviour,Information Systems and Management,Decision Sciences,Social Sciences
https://doi.org/10.1057/ejis.2011.57,"Qualitative methods research in information systems: motivations, themes, and contributions",2012,2012-01-24,Kieran Conboy|Guy Fitzgerald|Lars Mathiassen,,||,91,Open Access,"In the course of conducting studies in information systems (IS), researchers must oftentimes investigate, design, and develop sound methods or approaches to best conduct their research. While new t...",qualitative research|information systems research|research methodology development|research design|methodological approaches,Information Systems Theories and Implementation,Sociology and Political Science,Social Sciences,Social Sciences
https://doi.org/10.1057/ejis.2010.60,A theory-grounded framework of Open Source Software adoption in SMEs,2011,2011-02-01,Robert D. Macredie|Kabiru Mijinyawa,Brunel University of London,GB|GB,90,Open Access,"The increasing popularity and use of Open Source Software (OSS) has led to significant interest from research communities and enterprise practitioners, notably in the small business sector where this type of software offers particular benefits given the financial and human capital constraints faced. However, there has been little focus on developing valid frameworks that enable critical evaluation and common understanding of factors influencing OSS adoption. This paper seeks to address this shortcoming by presenting a theory-grounded framework for exploring these factors and explaining their influence on OSS adoption, with the context of study being small- to medium-sized Information Technology (IT) businesses in the U.K. The framework has implications for this type of business – and, we will suggest, more widely – as a frame of reference for understanding, and as tool for evaluating benefits and challenges in, OSS adoption. It also offers researchers a structured way of investigating adoption issues and a base from which to develop models of OSS adoption. The study reported in this paper used the Decomposed Theory of Planned Behaviour (DTPB) as a basis for the research propositions, with the aim of: (i) developing a framework of empirical factors that influence OSS adoption; and (ii) appraising it through case study evaluation with 10 U.K. Small- to medium-sized enterprises in the IT sector. The demonstration of the capabilities of the framework suggests that it is able to provide a reliable explanation of the complex and subjective factors that influence attitudes, subjective norms and control over the use of OSS. The paper further argues that the DTPB proved useful in this research area and that it can provide a variety of situation-specific insights related to factors that influence the adoption of OSS.",open source software adoption|small and medium-sized enterprises|IT companies|decomposed theory of planned behavior|technology adoption factors|subjective norms|adoption framework,Open Source Software Innovations,Computer Science Applications,Computer Science,Physical Sciences
https://doi.org/10.1057/ejis.2012.32,Information technology offshoring in India: a postcolonial perspective,2012,2012-07-18,M. N. Ravishankar|Shan Ling Pan|Michael David Myers,Loughborough University|National University of Singapore|University of Auckland,GB|SG|NZ,89,Open Access,"In recent years India has become the information technology (IT) offshoring destination of choice for many Western organizations. From the perspective of vendor organizations in India, however, the IT offshoring phenomenon is more than just a business relationship with Western firms. It is also embedded within the context of the longstanding imbalances of power in the relationship between the West and the East, the implications of which have been largely ignored in empirical work on offshoring within the information systems (IS) discipline. Drawing on concepts from postcolonial theory and using data from our ethnographic fieldwork, we explore the experiences and responses of one Indian vendor organization to asymmetries of power in its relationship with Western client organizations. Our analysis demonstrates how a postcolonial reading and interpretation of IT offshoring adds an important new dimension to previous IS research and also helps to develop a more comprehensive understanding of the strategies deployed by vendor organizations.",IT offshoring|postcolonialism|power imbalance|East-West relations|client-vendor relationships|Indian IT industry,Outsourcing and Supply Chain Management,Management Information Systems,"Business, Management and Accounting",Social Sciences
https://doi.org/10.1057/ejis.2013.34,"Who do you think you are? A review of the complex interplay between information systems, identification and identity",2013,2013-12-27,Edgar A. Whitley|Uri Gal|Annemette Kjærgaard,London School of Economics and Political Science|The University of Sydney|Copenhagen Business School,GB|AU|DK,89,NOT Open Access,,identity|identification|personal identity|organizational identity|information systems|identity management|self-representation,Information Systems Theories and Implementation,Sociology and Political Science,Social Sciences,Social Sciences
https://doi.org/10.1057/ejis.2015.1,Flexible generification: ICT standardization strategies and service innovation in health care,2015,2015-04-14,Ole Hanseth|Bendik Bygstad,University of Oslo,NO|NO,88,NOT Open Access,,ICT standardization|standardization strategy|service innovation|health care|integrated solutions|ICT-enabled services|service economy|organizational evolution,Information Systems Theories and Implementation,Sociology and Political Science,Social Sciences,Social Sciences
https://doi.org/10.1057/ejis.2014.23,Using quantitative data in mixed-design grounded theory studies: an enhanced path to formal grounded theory in information systems,2014,2014-08-26,Isabelle Walsh,NEOMA Business School,FR,83,NOT Open Access,,grounded theory|mixed methods research design|sensemaking|information systems research,Qualitative Research Methods and Applications,Education,Social Sciences,Social Sciences
https://doi.org/10.1057/ejis.2014.20,Mobile technology in mobile work: contradictions and congruencies in activity systems,2014,2014-09-01,Stan Karanasios|David Allen,University of Leeds,GB|GB,82,NOT Open Access,,mobile technology|mobile work|activity theory|policing,Information Systems Theories and Implementation,Sociology and Political Science,Social Sciences,Social Sciences
https://doi.org/10.1080/0960085x.2018.1495893,Directions for research on gender imbalance in the IT profession,2018,2018-09-17,Elena Gorbacheva|Jenine Beekhuyzen|Jan vom Brocke|Jörg Becker,University of Münster|European Research Center for Information Systems|Griffith University|University of Liechtenstein,DE|AU|LI|DE,82,Open Access,"There is a significant shortage of expert Information Technology (IT) personnel in Europe and elsewhere and a marked under-representation of women in the field. This paper identifies important gaps in research on gender imbalance in the IT profession and motivates future Information Systems research to address each of them. First among these gaps is the lack of research on the far-reaching consequences of gender imbalance in the IT profession. Second, despite a considerable body of research, there is the lack of coherent explanation for this imbalance. Third, although many intervention programmes have been implemented in this area, gender diversity in practice has not improved significantly. This research field also requires theorisation based on the cumulative research efforts in the field, comparative studies in various contexts, and longitudinal studies. We point to opportunities to investigate each of these issues and recommend directions for future research and actionable research questions.",gender imbalance|women in IT|IT workforce shortage|gender diversity|underrepresentation of women|research gaps|future research directions|longitudinal study|comparative analysis,Gender and Technology in Education,Gender Studies,Social Sciences,Social Sciences
https://doi.org/10.1057/ejis.2010.67,Doing critical information systems research – arguments for a critical research methodology,2010,2010-12-28,Dubravka Ćećez-Kecmanović,UNSW Sydney,AU,81,NOT Open Access,,critical research methodology|research paradigms|positivism|interpretivism|critical ethnography|methodological framework,Information Systems Theories and Implementation,Sociology and Political Science,Social Sciences,Social Sciences
https://doi.org/10.1057/ejis.2012.2,Mediating the intersections of organizational routines during the introduction of a health IT system,2012,2012-02-21,Laurie Lovett Novak|JoAnn M. Brooks|Cynthia S. Gadd|Shilo H. Anders|Nancy M. Lorenzi,Vanderbilt University|Syracuse University,US|US|US|US|US,81,Open Access,"Public interest in the quality and safety of health care has spurred examination of specific organizational routines believed to yield risk in health care work. Medication administration routines, in particular, have been the subject of numerous improvement projects involving information technology development, and other forms of research and regulation. This study draws from ethnographic observation to examine how the common routine of medication administration intersects with other organizational routines, and why understanding such intersections is important. We present three cases describing intersections between medication administration and other routines, including a pharmacy routine, medication administration on the next shift and management reporting. We found that each intersection had ostensive and performative dimensions; and furthermore, that IT-enabled changes to one routine led to unintended consequences in its intersection with others, resulting in misalignment of ostensive and performative aspects of the intersection. Our analysis focused on the activities of a group of nurses who provide technology use mediation (TUM) before and after the rollout of a new health IT system. This research offers new insights on the intersection of organizational routines, demonstrates the value of analyzing TUM activities to better understand the relationship between IT introduction and changes in routines, and has practical implications for the implementation of technology in complex practice settings.",organizational routines|health information technology implementation|medication administration|unintended consequences|nurses|management reporting|healthcare quality and safety,Information Systems Theories and Implementation,Sociology and Political Science,Social Sciences,Social Sciences
https://doi.org/10.1057/ejis.2010.22,Getting pragmatic,2010,2010-06-01,Pär J. Ågerfalk,,,80,Open Access,"Information systems (IS) is often seen as a pragmatic discipline with an emphasis on applied research and practical implications (in addition to theoretical implications, of course). When EJIS edit...",pragmatism|information systems discipline|applied research|practical implications|theoretical implications|research paradigms,Information Systems Theories and Implementation,Sociology and Political Science,Social Sciences,Social Sciences
https://doi.org/10.1057/ejis.2014.1,Why would we care about privacy?,2014,2014-03-01,Tamara Dinev,Florida Atlantic University,US,79,NOT Open Access,,privacy|value of privacy|privacy concerns|information systems,"Privacy, Security, and Data Protection",Sociology and Political Science,Social Sciences,Social Sciences
https://doi.org/10.1057/ejis.2010.23,Opening the black box of system usage: user adaptation to disruptive IT,2010,2010-04-27,Christophe M. Elie-Dit-Cosaque|Detmar W. Straub,Dauphine Recherches en Management|Université Paris Dauphine-PSL|Georgia State University,FR|US,79,NOT Open Access,,user adaptation|perceived control,Technology Adoption and User Behaviour,Information Systems and Management,Decision Sciences,Social Sciences
https://doi.org/10.1057/ejis.2013.5,Rethinking the place of the artefact in IS using Heidegger's analysis of equipment,2013,2013-03-26,Kai Riemer|Robert B. Johnston,The University of Sydney|University College Dublin,AU|IE,79,NOT Open Access,,IT artefacts|Martin Heidegger|equipment|Being and Time|IT implementation|user practices|identity|research practices|design|phenomenology,Information Systems Theories and Implementation,Sociology and Political Science,Social Sciences,Social Sciences
https://doi.org/10.1057/ejis.2011.21,Focus groups and critical social IS research: how the choice of method can promote emancipation of respondents and researchers,2011,2011-05-03,Bernd Carsten Stahl|Monica Chiarini Tremblay|Cynthia LeRouge,De Montfort University|Florida International University|Saint Louis University,GB|US|US,79,NOT Open Access,,focus groups|emancipation|critical research methodology|Jürgen Habermas|Michel Foucault|ideal speech situation|regimes of truth,Focus Groups and Qualitative Methods,Sociology and Political Science,Social Sciences,Social Sciences
https://doi.org/10.1080/0960085x.2018.1485619,Designing an Internet-of-Things (IoT) and sensor-based in-home monitoring system for assisting diabetes patients: iterative learning from two case studies,2018,2018-07-03,Samir Chatterjee|Jongbok Byun|Kaushik Dutta|Rasmus Ulslev Pedersen|Akshay Pottathil|Harry Xie,Claremont Graduate University|The University of Arizona Global Campus|University of South Florida|Copenhagen Business School|San Diego State University,US|US|US|DK|US|US,79,NOT Open Access,,diabetes self-management|home monitoring|Internet of Things|wireless sensors|motivational messages|blood glucose prediction|dietary behaviour|activity monitoring|older adults|chronic disease management,Context-Aware Activity Recognition Systems,Computer Vision and Pattern Recognition,Computer Science,Physical Sciences
https://doi.org/10.1057/ejis.2010.38,The ontological deficiencies of process modeling in practice,2010,2010-06-15,Jan Recker|Marta Indulska|Michael Rosemann|Peter F. Green,Queensland University of Technology|The University of Queensland,AU|AU|AU|AU,77,Open Access,"Business process modeling is widely regarded as one of the most popular forms of conceptual modeling. However, little is known about the capabilities and deficiencies of process modeling grammars and how existing deficiencies impact actual process modeling practice. This paper is a first contribution towards a theory-driven, exploratory empirical investigation of the ontological deficiencies of process modeling with the industry standard Business Process Modeling Notation (BPMN). We perform an analysis of BPMN using a theory of ontological expressiveness. Through a series of semi-structured interviews with BPMN adopters we explore empirically the actual use of this grammar. Nine ontological deficiencies related to the practice of modeling with BPMN are identified, for example, the capture of business rules and the specification of process decompositions. We also uncover five contextual factors that impact on the use of process modeling grammars, such as tool support and modeling conventions. We discuss implications for research and practice, highlighting the need for consideration of representational issues and contextual factors in decisions relating to BPMN adoption in organizations.",business process modeling|BPMN|conceptual modeling|process decomposition,Business Process Modeling and Analysis,Management Information Systems,"Business, Management and Accounting",Social Sciences
https://doi.org/10.1057/ejis.2012.10,To share or not to share: a critical research perspective on knowledge management systems,2012,2012-03-20,Mei‐Lien Young|Feng‐Yang Kuo|Michael David Myers,Nanhua University|National Sun Yat-sen University|University of Auckland,TW|TW|NZ,76,Open Access,"This paper looks at Knowledge Management Systems (KMS) from the perspective of critical research. Using the concepts of ‘gaze’ and ‘face’, we examine the development and use of a web-based KMS in Taiwan. The findings indicate that, although a web-based KMS was developed to enable knowledge sharing, the capabilities for surveillance inherent in the KMS severely limited sharing. This study raises broader questions about the relationship between cultural values and the production of knowledge in KMS.",knowledge management systems|knowledge sharing|gaze|face|surveillance|cultural values|knowledge production|critical research|Taiwan,Knowledge Management and Sharing,Communication,Social Sciences,Social Sciences
https://doi.org/10.1057/ejis.2010.8,Building a successful relationship in business process outsourcing: an exploratory study,2010,2010-03-09,Sangeeta Shah Bharadwaj|Kul Bhushan Saxena|Murthy Halemane,Management Development Institute|Erasmus University Rotterdam,IN|IN|NL,76,NOT Open Access,,business process outsourcing|business process management|information technology management|offshoring,Outsourcing and Supply Chain Management,Management Information Systems,"Business, Management and Accounting",Social Sciences
https://doi.org/10.1057/ejis.2015.9,Factors influencing the intention to comply with data protection regulations in hospitals: based on gender differences in behaviour and deterrence,2015,2015-09-08,Michael Foth,UMIT TIROL - Private University for Health Sciences and Health Technology,AT,75,NOT Open Access,,data protection compliance|hospitals|theory of planned behavior|general deterrence theory|gender differences|hospital staff|attitudes|subjective norms|perceived behavioral control|compliance intention|privacy,Information and Cyber Security,Information Systems,Computer Science,Physical Sciences
https://doi.org/10.1057/ejis.2010.25,"The infological equation extended: towards conceptual clarity in the relationship between data, information and knowledge",2010,2010-05-11,William J. Kettinger|Yuan Li,University of Memphis|Columbia College - South Carolina|Columbia University,US|US,74,NOT Open Access,,information processing|conceptual model|knowledge domains|information systems|decision-making|state measurement|conceptual clarity,Knowledge Management and Technology,Management Science and Operations Research,Decision Sciences,Social Sciences
https://doi.org/10.1057/ejis.2014.44,How to get the most from a business intelligence application during the post implementation phase? Deep structure transformation at a U.K. retail bank,2015,2015-01-20,Alena Audzeyeva|Robert S. Hudson,Keele University|University of Hull,GB|GB,74,Open Access,"This paper focuses on the process of maximizing the benefits from a business intelligence (BI) application. A general theoretical framework of analysis is formulated based on previous research into organizational deep structure and inertia. Our framework is applied to a case study of a U.K. retail bank which used an existing customer profitability BI application to transform its marketing strategy. We find that an organization’s ability to extract strategic BI benefits is influenced by its deep structure (core beliefs, organizational structures, control systems and distribution of power) and also by its ability to overcome the effects of the multiple inertia sources that the deep structure generates. Organizations should therefore carefully consider the effects of multidimensional organizational inertia and aim to manage inertia sources in respect to information from BI applications when links that embed the BI into an organization as a whole are developed and maintained. We also present generally applicable insights into enhancing the delivery of informative long-term BI decision support for organizations.",business intelligence|post-implementation evaluation|organizational inertia|customer profitability analysis|retail banking|marketing strategy|decision support|organizational change|power distribution|control systems,Big Data and Business Intelligence,Management Information Systems,"Business, Management and Accounting",Social Sciences
https://doi.org/10.1057/ejis.2013.25,"The roles of psychological climate, information management capabilities, and IT support on knowledge-sharing: an MOA perspective",2013,2013-10-08,William J. Kettinger|Yuan Li|Joshua M. Davis|Lynda D. Kettinger,University of Memphis|Columbia College - South Carolina|Columbia University|College of Charleston|,US|US|US|,74,NOT Open Access,,knowledge sharing|psychological climate|information management capability|IT support|ability-motivation-opportunity framework|organizational knowledge management|knowledge work|organizational climate,Knowledge Management and Sharing,Communication,Social Sciences,Social Sciences
https://doi.org/10.1057/ejis.2011.3,"Priorities, policies and practice of e-government in a developing country context: ICT infrastructure and diffusion in Jamaica",2011,2011-04-29,David H. Brown|Sheryl Thompson,Lancaster University,GB|GB,74,Open Access,"This paper presents the findings of recent research into e-government policies and initiatives undertaken by the Government of Jamaica within the context of selective intervention facilitated through financial and technical assistance. In the specific context of a developing economy it highlights the use of infrastructure building and government intervention to aid diffusion of information and communication technology (ICT) and draws attention to the differences between developed and developing countries in their approach to e-government. A case of the Jamaica Customs Department is provided to exemplify the implementation of e-government in practice. Using institutional factor analysis for IT innovation the interaction of policy and practice is analysed. Four significant themes are identified that characterise the context for e-government policy, together with the associated institutional factors. The relative importance of these factors is demonstrated with Innovation Directive, Standards and Subsidy shown to be prime. These findings contribute to both institutional factor analysis for IT innovation and to ICT adoption theory, and together signal the importance of the inclusion of policy-based intervention in a future research agenda for e-government in a developing country context.",e-government|e-government policy|ICT infrastructure|ICT diffusion|developing countries|Jamaica|standards|subsidies|state intervention,E-Government and Public Services,Political Science and International Relations,Social Sciences,Social Sciences
https://doi.org/10.1057/ejis.2010.7,Project failureen masse: a study of loose budgetary control in ISD projects,2010,2010-05-18,Kieran Conboy,Ollscoil na Gaillimhe – University of Galway,IE,72,Open Access,"This paper investigates the tightness of budgetary control over projects in a large systems development multinational. This represents a case of extreme information systems development (ISD) failure en masse, where all but two of the 22 projects in a business unit went over budget, causing senior executives to refocus their strategic priorities and cancel all current and potential projects that followed. This study focuses specifically on the two best performing (12 and 4% under budget) and worst performing (223 and 320% over budget) of these projects. Using a framework drawn from control systems theory, this study examines the ‘tightness’ of budgetary control exerted over each project, and what was done or could have been done to avert such failure. The study then identifies a set of emerging factors affecting tight budgetary control in ISD.",information system development|project failure|cost overruns|budget control|control theory|project performance|multinational corporations|IT project management|strategic prioritization,Accounting and Organizational Management,Management Information Systems,"Business, Management and Accounting",Social Sciences
https://doi.org/10.1057/ejis.2013.12,Associating consumer perceived value with business models for digital services,2013,2013-06-18,Aaron M. Baird|T. S. Raghu,Georgia State University|Arizona State University,US|US,71,NOT Open Access,,customer perceived value|personal health records|business model selection|consumer valuation,"Health, Technology, Consumer Behavior",Health Information Management,Health Professions,Health Sciences
https://doi.org/10.1057/ejis.2010.19,Orchestrating Smart Business Network dynamics for innovation,2010,2010-04-13,Javier Busquets,Esade,ES,71,NOT Open Access,,network dynamics|innovation management|management functions|commitment|dynamic capabilities|network boundaries|digital platforms|centripetal and centrifugal forces|structural dynamics,Innovation and Knowledge Management,Strategy and Management,"Business, Management and Accounting",Social Sciences
https://doi.org/10.1057/ejis.2009.51,Expectations and outcomes in electronic identity management: the role of trust and public value,2010,2010-02-01,Philip Seltsikas|Robert M O'Keefe,The University of Sydney|University of Surrey,AU|GB,71,NOT Open Access,,public value|trust|stakeholder concerns|relational risk|public services|national differences,E-Government and Public Services,Political Science and International Relations,Social Sciences,Social Sciences
https://doi.org/10.1080/0960085x.2018.1497929,"A study of information systems issues, practices, and leadership in Europe",2018,2018-07-24,Leon A. Kappelman|Vess Johnson|Russell Torres|Chris Maurer|Ephraim R. McLean,University of North Texas|University of Arkansas System|University of Virginia|Georgia State University,US|US|US|US|US,71,NOT Open Access,,information technology management|CIO leadership|IT executives|IT spending|IT investment|cloud computing|cybersecurity|digital transformation|organizational agility|information technology workforce|IT strategy alignment|data analytics|ERP,Information Technology Governance and Strategy,Management Information Systems,"Business, Management and Accounting",Social Sciences
https://doi.org/10.1057/ejis.2015.19,Identity metamorphoses in digital disruption: a relational theory of identity,2015,2015-11-24,Anastasia Utesheva|Jason R. Simpson|Dubravka Ćećez-Kecmanović,UNSW Sydney|University of Canberra,AU|AU|AU,70,Open Access,"Digital technologies have disrupted a variety of organizations; however, Information Systems research has yet to explore in-depth why this may be occurring or the implications of this process for those involved. In this paper we present an exemplary case of digital technology disruption in a newspaper company – an organization in the midst of an identity crisis. On the basis of ethnographic data, we explore the changes that resulted from the introduction of the digital medium, and how this has led to the evolution of the newspaper, as well as the metamorphosis of identities of the company, the company’s practitioners, and the consumers of the company’s content. Our findings suggest that shifts in the evolutionary trajectory of an organization can be traced to the rate and nature of identity metamorphoses among its key actors. Hence, in order to navigate and adapt to digital disruptions, we argue that an ongoing strategic renegotiation of the identities of all the actors involved is not only possible, but is required for an organization’s survival. In doing so, we provide a relational theory of identity.",digital disruption|organizational identity|newspaper industry|digital transformation|organizational evolution|organizational survival,Management and Organizational Studies,Organizational Behavior and Human Resource Management,"Business, Management and Accounting",Social Sciences
https://doi.org/10.1057/ejis.2011.26,Grounded theorizing for electronically mediated social contexts,2011,2011-06-21,Emmanuelle Vaast|Geoff Walsham,McGill University|University of Cambridge,CA|GB,69,NOT Open Access,,grounded theory|computer-mediated interaction|theory development|data collection|data analysis|qualitative and quantitative methods|information systems research,Qualitative Research Methods and Applications,Education,Social Sciences,Social Sciences
https://doi.org/10.1057/ejis.2013.9,Integrated clinical pathway management for medical quality improvement – based on a semiotically inspired systems architecture,2013,2013-05-28,Weizi Li|Kecheng Liu|Hongqiao Yang|Changrui Yu,University of Reading|Shanghai University of Finance and Economics,GB|GB|GB|CN,69,Open Access,"Clinical pathway is an approach to standardise care processes to support the implementations of clinical guidelines and protocols. It is designed to support the management of treatment processes including clinical and non-clinical activities, resources and also financial aspects. It provides detailed guidance for each stage in the management of a patient with the aim of improving the continuity and coordination of care across different disciplines and sectors. However, in the practical treatment process, the lack of knowledge sharing and information accuracy of paper-based clinical pathways burden health-care staff with a large amount of paper work. This will often result in medical errors, inefficient treatment process and thus poor quality medical services. This paper first presents a theoretical underpinning and a co-design research methodology for integrated pathway management by drawing input from organisational semiotics. An approach to integrated clinical pathway management is then proposed, which aims to embed pathway knowledge into treatment processes and existing hospital information systems. The capability of this approach has been demonstrated through the case study in one of the largest hospitals in China. The outcome reveals that medical quality can be improved significantly by the classified clinical pathway knowledge and seamless integration with hospital information systems.",care pathways|clinical pathway management|healthcare quality improvement|organisational semiotics|system architecture|hospital information systems|knowledge sharing|medical errors|continuity of care|co-design|clinical guidelines implementation,Clinical practice guidelines implementation,"Public Health, Environmental and Occupational Health",Medicine,Health Sciences
https://doi.org/10.1057/s41303-016-0025-y,Information systems security policy implementation in practice: from best practices to situated practices,2017,2017-01-01,Elina Niemimaa|Marko Ilmari Niemimaa,Tampere University of Technology|University of Turku|Turku Centre for Computer Science,FI|FI,68,NOT Open Access,,information systems security|security policy implementation|best practices|situated practice|practice theory|data classification|translation mechanisms|organizational practices|employee engagement|IT service providers,Information and Cyber Security,Information Systems,Computer Science,Physical Sciences
https://doi.org/10.1057/ejis.2013.26,Towards mindful case study research in IS: a critical analysis of the past ten years,2013,2013-10-08,Marcus Keutel|Bjoern Michalik|Janek Richter,University of Cologne,DE|DE|DE,67,NOT Open Access,,case study research|information systems research|research methodology|positivism|interpretive research|research practices|methodological critique,Information Systems Theories and Implementation,Sociology and Political Science,Social Sciences,Social Sciences
https://doi.org/10.1057/ejis.2012.55,Understanding online customers' ties to merchants: the moderating influence of trust on the relationship between switching costs and e-loyalty,2012,2012-12-25,Michelle Carter|Ryan T. Wright|Jason Bennett Thatcher|Richard Anthony Klein,University of Nebraska at Omaha|University of Massachusetts Amherst|Clemson University|Florida International University,US|US|US|US,67,NOT Open Access,,e-loyalty|customer switching costs|consumer trust|trust as moderator|online customer loyalty|online travel services|loyalty programs|e-commerce,Customer Service Quality and Loyalty,Organizational Behavior and Human Resource Management,"Business, Management and Accounting",Social Sciences
https://doi.org/10.1057/ejis.2011.4,Us and them: a social capital perspective on the relationship between the business and IT departments,2011,2011-02-22,Bart van den Hooff|Maarten de Winter,Vrije Universiteit Amsterdam|,NL|,67,NOT Open Access,,social capital|business-IT relationship|knowledge sharing|occupational communities|IT department|business organization|structural social capital|relational social capital|cognitive social capital|information sharing,Information Systems Theories and Implementation,Sociology and Political Science,Social Sciences,Social Sciences
https://doi.org/10.1057/ejis.2012.44,Exploring value networks: theorising the creation and capture of value with open source software,2012,2012-09-18,Lorraine Morgan|Joseph Feller|Patrick Finnegan,Ollscoil na Gaillimhe – University of Galway|Lero|University College Cork|UNSW Sydney,IE|IE|AU,67,NOT Open Access,,open source software|value networks|value creation|value capture|interorganizational networks|complementors|network density|governance mechanisms|knowledge sharing|peer production,Open Source Software Innovations,Computer Science Applications,Computer Science,Physical Sciences
https://doi.org/10.1057/ejis.2014.11,Mobile information systems and organisational control: beyond the panopticon metaphor?,2014,2014-05-20,Aurélie Leclercq‐Vandelannoitte|Henri Isaac|Michel Kalika,Centre National de la Recherche Scientifique|Institut d'Economie Scientifique Et de Gestion|Lille Économie Management|Dauphine Recherches en Management|Université Paris Dauphine-PSL,FR|FR|FR,66,NOT Open Access,,mobile information systems|organizational control|consultants|workplace mobility|trust|organizational norms|discipline|authority|control logic,Information Systems Theories and Implementation,Sociology and Political Science,Social Sciences,Social Sciences
https://doi.org/10.1080/0960085x.2020.1728201,Architectural alignment of process innovation and digital infrastructure in a high-tech hospital,2020,2020-02-27,Bendik Bygstad|Egil Øvrelid,University of Oslo,NO|NO,66,Open Access,"Two central approaches to IT-enabled organisational change are process innovation and digital infrastructure research. In this study, we investigate the alignment between them, both from a theoretical and a practical perspective. They have quite different basic assumptions on evolution; process innovation is a top-down approach, while digital infrastructures evolve bottom-up and are partly outside direct managerial control. Our research question is, how can a process innovation initiative successfully align with an underlying digital infrastructure? Our empirical evidence is an in-depth case study at a new high-tech hospital in Norway. Building on a proposed framework of alignment between process innovation and digital infrastructure, we identify, analyse three architectural alignment mechanisms. We found that (i) the careful deployment of lightweight IT in onsite configuration, loosely coupled from the infrastructure activities, allows for fast process innovation while leveraging the slow and nonlinear evolution of infrastructure (ii) the interaction between lightweight IT and large clinical systems by a set of boundary resources resolves the tension between innovation and infrastructure. For practitioners, we show that lightweight IT can serve as a mediating technology in the configuration.",process innovation|digital infrastructure|architectural alignment|boundary resources|clinical information systems|mediating technologies,Information Technology Governance and Strategy,Management Information Systems,"Business, Management and Accounting",Social Sciences
https://doi.org/10.1057/ejis.2014.28,Knowledge sharing intention in the United States and China: a cross-cultural study,2014,2014-09-30,Yu-Wei Chang|Ping‐Yu Hsu|Wen‐Lung Shiau|Chung-Chih Tsai,China Jiliang University|National Central University|Ming Chuan University,CN|TW|TW|TW,65,NOT Open Access,,knowledge sharing|knowledge sharing intention|cultural values|individualism-collectivism|uncertainty avoidance|social exchange theory|reward|reciprocity|knowledge self-efficacy|reputation|cross-cultural comparison|United States|China|employee behavior,Knowledge Management and Sharing,Communication,Social Sciences,Social Sciences
https://doi.org/10.1057/ejis.2010.37,User experience of museum technologies: the phenomenological scales,2010,2010-07-06,Jessie Pallud|Emmanuel Monod,Humans and management in society|Université de Strasbourg|Université Paris Dauphine-PSL,FR|FR,65,NOT Open Access,,user experience|museum technology|visitor experience|phenomenology|postphenomenology|interpretive archaeology|cultural heritage|audio guides|interactive kiosks|tourist expectations|information technology evaluation,Museums and Cultural Heritage,Museology,Arts and Humanities,Social Sciences
https://doi.org/10.1057/ejis.2014.21,When mobile is the norm: researching mobile information systems and mobility as post-adoption phenomena,2014,2014-09-01,Catherine A. Middleton|Rens Scheepers|Virpi Kristiina Tuunainen,Toronto Metropolitan University|Deakin University|Aalto University,CA|AU|FI,64,Open Access,"In 2006, European Journal of Information Systems (EJIS) published a special issue on mobile user behaviour. In that issue, scholars explored topics related to the rise of the mobile phenomenon at t...",mobile information systems|mobility,Technology Adoption and User Behaviour,Information Systems and Management,Decision Sciences,Social Sciences
https://doi.org/10.1057/ejis.2011.43,Information systems development as situated socio-technical change: a process approach,2011,2011-10-18,Laurie McLeod|Bill Doolin,Auckland University of Technology,NZ|NZ,64,NOT Open Access,,information system development|process approach|qualitative research methodology|longitudinal case study|conceptual model|emergence timing|contingency|organizational change,Information Systems Theories and Implementation,Sociology and Political Science,Social Sciences,Social Sciences
https://doi.org/10.1057/s41303-016-0001-6,Examining the intended and unintended consequences of organisational privacy safeguards,2016,2016-07-27,Rachida F. Parks|Heng Xu|Chao‐Hsien Chu|Paul Benjamin Lowry,Quinnipiac University|Pennsylvania State University|University of Hong Kong,US|US|US|HK,64,Open Access,"Research shows that despite organisational efforts to achieve privacy compliance, privacy breaches continue to rise. The extant studies on organisational privacy compliance concentrate on the extent to which privacy threats can be alleviated through a combination of technical and human controls and the positive (and often intended) influences of these controls. This focus inadvertently neglects unintended consequences such as impeded workflow in medical practices. To address this research conflict, this study uses an interpretive grounded theory research approach to investigate the consequences of privacy safeguard enactment in medical practices, including whether it influences their ability to meet privacy requirements and whether workflows are impeded. Our central contribution is a theoretical framework, the unintended consequences of privacy safeguard enactment (UCPSE) framework, which explicates the process by which privacy safeguards are evaluated and subsequently bypassed and the resulting influence on organisational compliance. The UCPSE highlights the importance of the imbalance challenge, which is the result of unintended consequences outweighing the intended consequences of privacy safeguard enactment. Failure to address the imbalance challenge leads to the adoption of workarounds that may ultimately harm the organisation’s privacy compliance. Despite several research calls, the consequences and effectiveness of organisational privacy efforts are largely missing from both information systems and health informatics research. This study is one of the first attempts to both systematically identify the impacts of privacy safeguard enactment and to examine its implications for privacy compliance in the healthcare domain. The findings also have practical implications for healthcare executives on the UCPSE and how they could alleviate the imbalance challenge to thwart workarounds and the subsequent negative effects on privacy compliance.",privacy compliance|unintended consequences|medical practice|healthcare privacy|workflow disruption|privacy violations,Thoreau and American Literature,Information Systems,Computer Science,Physical Sciences
https://doi.org/10.1057/s41303-017-0038-1,"Interorganizational dependence, information transparency in interorganizational information systems, and supply chain performance",2017,2017-02-15,Bangho Cho|Sung Yul Ryoo|Kyung Kyu Kim,Yonsei University|Daejin University,KR|KR|KR,64,Open Access,"To explain the large disparity between the potential and practice of interorganizational information systems (IOSs), this study investigates asymmetric information transparency in an IOS from a dyadic perspective. When there is asymmetric dependency in a dyad, an IOS may not completely eliminate asymmetric information transparency between supply chain (SC) partners but may change the nature of information asymmetry. Consistent with resource dependence theory, this study includes joint dependence and dependence asymmetry as antecedents of information transparency in an IOS. The data used in this study were collected from 111 matched pairs of intermediate component manufacturers and their immediate suppliers in heavy manufacturing industries. The results show that asymmetric information transparency in an IOS is prevalent in SC relationships. Regarding the antecedents of information transparency in an IOS, both joint dependence and each partner’s dependence advantage are significant. Furthermore, information transparency in an IOS positively influences SC performance measured by SC relationship quality and relationship-specific performance, whereas asymmetric information transparency negatively influences joint profit performance.",interorganizational systems|information transparency|information asymmetry|resource dependence theory|joint dependence|supply chain performance|supply chain relationships|heavy manufacturing,Quality and Supply Management,Management Information Systems,"Business, Management and Accounting",Social Sciences
https://doi.org/10.1057/ejis.2014.24,Personal information management effectiveness of knowledge workers: conceptual development and empirical validation,2014,2014-08-26,Yujong Hwang|William J. Kettinger|Mun Yong Yi,DePaul University|Kyung Hee University|University of Memphis|Korea Advanced Institute of Science and Technology,KR|US|US|KR,63,NOT Open Access,,personal information management|knowledge workers|employee performance|information management capability|information orientation|need for cognition|proactive behavior|information sharing|transparency|information sensing|information processing|information maintenance|scale development,Personal Information Management and User Behavior,Information Systems and Management,Decision Sciences,Social Sciences
https://doi.org/10.1057/ejis.2009.49,Competing pressures of risk and absorptive capacity potential on commitment and information sharing in global supply chains,2010,2010-01-19,Vicky Arnold|Tanya L. Benford|Clark Hampton|Steve G. Sutton,University of Central Florida|The University of Melbourne|University of Waterloo,AU|US|US|CA|US,62,Open Access,"Organizations’ competitiveness and success are no longer dependent solely on their own performance, but rather are dependent on the competitiveness of the supply chains in which they participate. Increasingly, these supply chains are globally distributed introducing the possibility of greater benefits, as well as greater risk. This study examines the countervailing impact of a global supply chain partner's business-to-business e-commerce business risk and absorptive capacity on an organization's willingness to commit to and share information with that supply chain partner. We survey 207 organizations on their perceptions of specific offshore outsourcing and supply chain partners across dimensions of risk, absorptive capacity, commitment, and information sharing. The results support the theorized relationships indicating that a supply chain partner's increased levels of perceived risk has a strong negative effect on an organization's commitment and information sharing; conjointly, increases in a supply chain partner's absorptive capacity has a strong positive effect on commitment and information sharing. For both risk and absorptive capacity, commitment partially mediates the relationship with information sharing. Testing for systemic effects from geographical/cultural location on the relationship factors provides no evidence of a regional effect on measured items.",global supply chains|business risk|absorptive capacity|information sharing|offshore outsourcing|supply chain partners|B2B e-commerce|regional effects,Outsourcing and Supply Chain Management,Management Information Systems,"Business, Management and Accounting",Social Sciences
https://doi.org/10.1080/0960085x.2018.1534039,Designed entrepreneurial legitimacy: the case of a Swedish crowdfunding platform,2018,2018-10-16,Claire Ingram Bogusz|Robin Teigland|Emmanuelle Vaast,Stockholm School of Economics|McGill University,SE|SE|CA,62,Open Access,"Digital entrepreneurs face the liability of newness, like any other entrepreneur. However, this liability of newness is manifested differently: it is mediated by an artefact, in this case a platform. This paper examines how a digital entrepreneur mediated by a platform can build legitimacy, something hitherto thought to be embedded within a social relationship (that is, one that a digital platform may be unable to have). Based on a qualitative research design, we develop the concept of “designed legitimacy”, and we point to how trust may not be enough to overcome the liability of newness. Rather, legitimacy is needed to attract users and resources, and thus for growth and success. We further highlight the means through which a platform may come to be seen as legitimate, namely by designing with legitimacy in mind: by using symbols in design, asymmetric legitimacy building, and sequential two-stage legitimacy building. We end the paper with propositions for further study and the implications of this research for digital entrepreneurship and platforms.",entrepreneurial legitimacy|liability of newness|crowdfunding platforms|digital entrepreneurship|legitimacy building|trust|user attraction,Digital Platforms and Economics,Strategy and Management,"Business, Management and Accounting",Social Sciences
https://doi.org/10.1057/s41303-017-0064-z,Adverse consequences of access to individuals’ information: an analysis of perceptions and the scope of organisational influence,2017,2017-08-24,Sabrina Karwatzki|Manuel Trenz|Virpi Kristiina Tuunainen|Daniel J Veit,University of Augsburg|Aalto University,DE|DE|FI|DE,61,NOT Open Access,,data privacy|access to personal data|customer data collection|consumer perception|organisational influence|psychological impact|data protection regulation,"Privacy, Security, and Data Protection",Sociology and Political Science,Social Sciences,Social Sciences
https://doi.org/10.1057/ejis.2011.32,Building contextual ambidexterity in a software company to improve firm-level coordination,2011,2011-09-13,Nannette P. Napier|Lars Mathiassen|Daniel Robey,Georgia Gwinnett College|Georgia State University,US|US|US,59,NOT Open Access,,contextual ambidexterity|software companies|exploration and exploitation|radical and incremental innovation|software development process|software management,Innovation and Knowledge Management,Strategy and Management,"Business, Management and Accounting",Social Sciences
https://doi.org/10.1057/ejis.2011.24,Using a grounded theory approach to study online collaboration behaviors,2011,2011-07-05,Susan Gasson|Jim Waters,Drexel University|Cabrini University,US|US,59,NOT Open Access,,online collaboration|online collaborative learning|grounded theory|philosophy of action|community of inquiry|thought leaders|observational learning|online students|reflection-in-action,Qualitative Research Methods and Applications,Education,Social Sciences,Social Sciences
https://doi.org/10.1057/ejis.2010.28,Do organisational and environmental factors moderate the effects of Internet-based interorganisational systems on firm performance?,2010,2010-07-20,Ismail Sila,University of Saskatchewan,CA,58,NOT Open Access,,firm performance|operational performance|business process performance|financial performance|technology adoption|moderating effect|firm type|firm age|ownership type|environmental dynamism|environmental complexity|environmental hostility,ERP Systems Implementation and Impact,Management Information Systems,"Business, Management and Accounting",Social Sciences
https://doi.org/10.1057/ejis.2013.28,Forming an intention to act on recommendations given via online social networks,2013,2013-10-15,Sabine Matook|Susan A. Brown|Johanna Rolf,The University of Queensland|University of Arizona|Volkswagen Group (Germany),AU|US|DE,58,NOT Open Access,,social networking sites|word-of-mouth recommendation|recommendation trust|intention to act|relationship closeness|similarity|posting behavior|purchase decision|social marketing,Digital Marketing and Social Media,Sociology and Political Science,Social Sciences,Social Sciences
https://doi.org/10.1057/ejis.2013.15,The longitudinal impact of enterprise system users’ pre-adoption expectations and organizational support on post-adoption proficient usage,2013,2013-06-25,John F. Veiga|Marcus Matthias Keupp|Steven W. Floyd|Franz Willi Kellermanns,University of Connecticut|ETH Zurich|University of Massachusetts Amherst|University of North Carolina at Charlotte|WHU – Otto Beisheim School of Management,US|CH|US|DE|US,58,NOT Open Access,,enterprise systems|system adoption|user proficiency|organizational support|underutilization|financial analysts|banking sector,Technology Adoption and User Behaviour,Information Systems and Management,Decision Sciences,Social Sciences
https://doi.org/10.1057/ejis.2012.53,A process model for analyzing and managing flexibility in information systems,2013,2013-01-08,Ram L. Kumar|Antonis C. Stylianou,University of North Carolina at Charlotte,US|US,58,NOT Open Access,,organizational flexibility|IT infrastructure flexibility|process model|flexibility management|information systems management|stakeholder identification|corporate responsiveness,Information Technology Governance and Strategy,Management Information Systems,"Business, Management and Accounting",Social Sciences
https://doi.org/10.1057/ejis.2010.30,Perspectives on challenges facing women in IS: the cognitive gender gap,2010,2010-06-08,Margaret Reid|Myria Watkins Allen|Deborah J. Armstrong|Cynthia K. Riemenschneider,University of Arkansas at Fayetteville|Florida State University|Baylor University,US|US|US|US,56,NOT Open Access,,gender gap|gender expectations|male-dominated occupations|barriers to women's advancement|masculine values|gender perception|organizational culture change|gender diversity in computing,Gender and Technology in Education,Gender Studies,Social Sciences,Social Sciences
https://doi.org/10.1057/ejis.2012.33,The role of online seller reviews and product price on buyers' willingness-to-pay: a risk perspective,2012,2012-07-03,Jianan Wu|Edgardo Arturo Ayala Gaytán,Louisiana State University|Tecnológico de Monterrey,US|MX,56,NOT Open Access,,product price|willingness to pay|risk preferences|risk aversion|risk seeking|online reviews|purchase decision|third-party review,Consumer Market Behavior and Pricing,Marketing,"Business, Management and Accounting",Social Sciences
https://doi.org/10.1057/ejis.2011.58,Information systems as a discipline in the making: comparing EJIS and MISQ between 1995 and 2008,2012,2012-01-10,José‐Rodrigo Córdoba‐Pachón|Alan Pilkington|Edward W. N. Bernroider,Royal Holloway University of London|Vienna University of Economics and Business,GB|GB|AT,56,NOT Open Access,,information systems discipline|disciplinary development|co-citation analysis|citation analysis|positivism|interpretivism|constructivism|technology adoption|technology diffusion|innovation,Information Systems Theories and Implementation,Sociology and Political Science,Social Sciences,Social Sciences
https://doi.org/10.1057/ejis.2011.19,Managing e-Government system implementation: a resource enactment perspective,2011,2011-04-26,Calvin M. L. Chan|Ray Hackney|Shan Ling Pan|Tzu‐Chuan Chou,Singapore University of Social Sciences|Brunel University of London|National University of Singapore|National Taiwan University of Science and Technology,SG|GB|SG|TW,55,NOT Open Access,,e-government|system implementation|resource-based view|enactment theory|sensemaking|complementary resources|knowledge resources|social resources|leadership resources|coevolution|implementation stages,E-Government and Public Services,Political Science and International Relations,Social Sciences,Social Sciences
https://doi.org/10.1057/ejis.2012.58,Interpretive accounts and fairy tales: a critical polemic against the empiricist bias in interpretive IS research,2013,2013-02-12,Bernd Carsten Stahl,De Montfort University,GB,55,NOT Open Access,,interpretivism|empiricism|hermeneutics|phenomenology|fairy tales|empirical data|research quality criteria|positivism|research paradigms,Information Systems Theories and Implementation,Sociology and Political Science,Social Sciences,Social Sciences
https://doi.org/10.1057/ejis.2014.8,Time and information technology in teams: a review of empirical research and future research directions,2014,2014-06-03,Zixing Shen|Kalle Lyytinen|Youngjin Yoo,Dakota State University|Case Western Reserve University|Temple University,US|US|US,54,NOT Open Access,,concept of time|experienced time|temporal context,Team Dynamics and Performance,Social Psychology,Psychology,Social Sciences
https://doi.org/10.1057/ejis.2009.48,The effects of infrastructure and policy on e-business in Latin America and Sub-Saharan Africa,2010,2010-02-01,Chitu Okoli|Victor W. A. Mbarika|Scott McCoy,Concordia University|Southern University and Agricultural and Mechanical College|William & Mary,CA|US|US,54,NOT Open Access,,e-commerce|ICT infrastructure|ICT policy|e-business policy|e-business capability|government institutions|business infrastructure|developing countries|Latin America|sub-Saharan Africa|expert opinion,ICT Impact and Policies,Media Technology,Engineering,Physical Sciences
https://doi.org/10.1057/ejis.2010.59,Exploring the impact of instant messaging on subjective task complexity and user satisfaction,2011,2011-03-01,Han Li|Ashish Gupta|Xin Robert Luo|Merrill E. Warkentin,Minnesota State University Moorhead|University of New Mexico|Mississippi State University,US|US|US|US,54,NOT Open Access,,instant messaging|workplace communication|interruptions|job satisfaction|knowledge workers|information processing|task prioritization,Personal Information Management and User Behavior,Information Systems and Management,Decision Sciences,Social Sciences
https://doi.org/10.1057/ejis.2010.20,The impact of the nature of globally distributed work arrangement on work–life conflict and valence: the Indian GSD professionals’ perspective,2010,2010-03-30,Saonee Sarker|Suprateek Sarker|Debasish Jana,Copenhagen Business School|Washington State University|,DK|US|DK|US|,54,NOT Open Access,,work-life conflict|offshore software development|human resource issues,Work-Family Balance Challenges,Sociology and Political Science,Social Sciences,Social Sciences
https://doi.org/10.1057/ejis.2011.2,Is information systems a discipline? Foucauldian and Toulminian insights,2011,2011-02-15,Nik Rushdi Hassan,"University of Minnesota, Duluth",US,54,NOT Open Access,,disciplinary status|Michel Foucault|Toulmin|doxa|disciplinary identity|discursive formations|theory development|concept formation|pluralism|professional associations|field of study,Information Systems Theories and Implementation,Sociology and Political Science,Social Sciences,Social Sciences
https://doi.org/10.1057/ejis.2013.14,A ‘sweet spot’ change strategy for a least developed country: leveraging e-Government in Bangladesh,2013,2013-07-09,Shirley Diane Gregor|Ahmed Imran|Tim Turner,Australian National University|Australian Defence Force Academy|UNSW Canberra,AU|AU|AU,54,Open Access,"Information systems have the potential to improve societal conditions in developing countries, and yet design theory to inform interventions to encourage uptake and use of these systems is sparse. This paper reports on an action design research project that addressed the problem of limited adoption of e-Government in Bangladesh. Inadequate knowledge of the nature of e-Government systems had been identified as an underlying cause of many other problems in this ‘wicked’ problem context. The project aimed to reduce knowledge deficiencies among key decision makers through activities that included the delivery of a custom-made training program and a handbook targeted at senior government officers. The project had modest resources and yet yielded significant outcomes. Critical reflection established a number of design principles for a ‘sweet spot change strategy’ for interventions of this type, with the most important principle being to first identify a ‘sweet spot’, a point of maximum leverage, and then to act on it.",e-government adoption|least developed countries|Bangladesh|government training programs|wicked problems,E-Government and Public Services,Political Science and International Relations,Social Sciences,Social Sciences
https://doi.org/10.1080/0960085x.2020.1782277,Understanding how DevOps aligns development and operations: a tripartite model of intra-IT alignment,2020,2020-07-02,Anna Wiedemann|Manuel Wiesche|Heiko Gewald|Helmut Krcmar,Neu-Ulm University of Applied Sciences|TU Dortmund University|Technical University of Munich,DE|DE|DE|DE,54,Open Access,"A top priority of organisations around the globe is to achieve IT-business alignment at all levels of the organisation. This paper addresses operational alignment within IT functions. Traditionally, IT functions are divided into highly independent subunits. In the face of pressure to adapt to rapidly changing customer demands and to manage increasingly complex IT architectures, many organisations have begun implementing joint, cross-functional DevOps teams, which integrate tasks, knowledge and skills pertaining to planning, building, and running software product activities. In this study, we examine eight cases of DevOps implementation. We apply grounded theory to identify three mechanisms comprising a tripartite model of intra-IT alignment: individual componentization, integrated responsibility, and multidisciplinary knowledge. Our model provides insights into how alignment between development and operations can be achieved in DevOps teams within the IT function.",DevOps|cross-functional teams|IT function|tripartite model|componentization|multidisciplinary knowledge|business-IT alignment|software development teams,Software Engineering Techniques and Practices,Information Systems,Computer Science,Physical Sciences
https://doi.org/10.1057/ejis.2013.3,Blending bureaucratic and collaborative management styles to achieve control ambidexterity in IS projects,2013,2013-03-12,Robert Wayne Gregory|Mark Keil,University of Göttingen|Georgia State University,DE|US,53,NOT Open Access,,IS project management|management style|bureaucratic management|co-management|information system implementation|financial services,Information Systems Theories and Implementation,Sociology and Political Science,Social Sciences,Social Sciences
https://doi.org/10.1057/ejis.2010.11,Connectivity and concentration in airline networks: a complexity analysis of Lufthansa's network,2010,2010-03-16,Aura Reggiani|Peter J. Nijkamp|Alessandro Cento,University of Bologna|Vrije Universiteit Amsterdam|,IT|NL|,53,Open Access,"Information, communication and transport networks have always been in a state of flux, while they also influence each other. Extensive research efforts have been made to investigate the dynamics in the structure and use of networks, for example, by means of network geometries, Small-World effects and Scale-Free phenomena. We will illustrate these new developments on the basis of airline network evolution. Using Lufthansa's networks as an example, this paper aims to show the empirical relevance of various network indicators – such as connectivity and concentration – for understanding changing patterns in airline network configurations. After an extensive discussion of various statistical results, a decision-aid method, viz. multi-criteria analysis, is used to investigate the robustness of our findings. The results highlight the actual strategic choices made by Lufthansa for its own network, as well in combination with its partners in Star Alliance.",airline networks|network connectivity|network concentration|Lufthansa|Star Alliance|network evolution|small-world networks|scale-free networks|network indicators|multi-criteria decision making,Complex Network Analysis Techniques,Statistical and Nonlinear Physics,Physics and Astronomy,Physical Sciences
https://doi.org/10.1057/s41303-017-0044-3,Design and evaluation of a model-driven decision support system for repurposing electric vehicle batteries,2017,2017-09-06,Benjamin Klör|Markus Monhof|Daniel Beverungen|Sebastian Bräuer,University of Münster|European Research Center for Information Systems|Paderborn University,DE|DE|DE|DE,53,Open Access,"The diffusion of electric vehicles suffers from immature and expensive battery technologies. Repurposing electric vehicle batteries for second-life application scenarios may lower the vehicles’ total costs of ownership and increases their ecologic sustainability. However, identifying the best – or even a feasible – scenario for which to repurpose a battery is a complex and unresolved decision problem. In this exaptation research, we set out to design, implement, and evaluate the first decision support system that aids decision-makers in the automobile industry with repurposing electric vehicle batteries. The exaptation is done by classifying decisions on repurposing products as bipartite matching problems and designing two binary integer linear programs that identify (a) all technical feasible assignments and (b) optimal assignments of products and scenarios. Based on an empirical study and expert interviews, we parameterize both binary integer linear programs for repurposing electric vehicle batteries. In a field experiment, we show that our decision support system considerably increases the decision quality in terms of hit rate, miss rate, precision, fallout, and accuracy. While practitioners can use the implemented decision support system when repurposing electric vehicle batteries, other researchers can build on our results to design decision support systems for repurposing further products.",second-life batteries|decision support system|exaptation|bipartite matching|binary integer linear programming|automotive industry|decision quality,Electric Vehicles and Infrastructure,Electrical and Electronic Engineering,Engineering,Physical Sciences
https://doi.org/10.1080/0960085x.2018.1524420,"Critical review of organisation-technology sensemaking: towards technology materiality, discovery, and action",2018,2018-10-18,Mostafa Mesgari|Chitu Okoli,Elon University|SKEMA Business School|Université Côte d'Azur,US|FR,53,NOT Open Access,,discovery|perception|action orientation|user experience|critical realism|ecological approach|information technology adoption|meaning-making,Information Systems Theories and Implementation,Sociology and Political Science,Social Sciences,Social Sciences
https://doi.org/10.1080/0960085x.2019.1709575,Conceptualisation and validation of system use reduction as a self-regulatory IS use behaviour,2020,2020-01-02,Babajide Osatuyi|Ofir Turel,"Pennsylvania State University|University of Southern California|California State University, Fullerton",US|US,53,NOT Open Access,,social networking sites|self-regulation,Technology Adoption and User Behaviour,Information Systems and Management,Decision Sciences,Social Sciences
https://doi.org/10.1057/ejis.2011.44,The teaching of qualitative research methods in information systems: an explorative study utilizing learning theory,2011,2011-10-25,Robert D. Galliers|Jimmy Huang,Bentley University|University of Warwick,US|GB,52,NOT Open Access,,information systems education|positivism|interpretivism|methodological pluralism|experiential learning|social learning|learning theory|grounded theory|research training,Qualitative Research Methods and Applications,Education,Social Sciences,Social Sciences
https://doi.org/10.1057/s41303-017-0035-4,The public procurement of information systems: dialectics in requirements specification,2017,2017-03-01,Carl Erik Moe|Mike Newman|Maung Kyaw Sein,University of Agder|University of Turku|University of Manchester|Luleå University of Technology,NO|FI|GB|NO|SE,52,Open Access,"When acquiring information systems, public entities face a dilemma. On the one hand, they want to procure the system that best suits their needs, which often requires lengthy dialogues with vendors. At the same time, they are restricted by government regulations that mandate limited dialogue in the interests of transparency and equal opportunities for all vendors. To examine how public entities deal with this, we followed three procurement projects in Norway. We show that this dilemma manifests itself as a dialectic between the thesis of getting the system requirements right and the antithesis of strictly adhering to regulations. Public entities search for a resolution of this dialectic through two syntheses: selecting an appropriate tendering procedure, and learning how to specify requirements through networks of peer public entities. Our findings reveal that the syntheses are possible because the dialectic is actually complimentary, both the thesis and the antithesis are needed to create the joint outcome that satisfies both. The resolution of the dialectic unfolds differently over time. Our study contributes to the relatively neglected stream of IS research on dialectics that explicitly searches for a synthesis while revealing the complementarity of the dialectic. We show how time plays a nuanced role in the resolution of the dialectic situation.",public procurement|information systems|requirements specification|dialectics|public sector organizations|government regulation|tendering procedures|peer networks|transparency|complementarity,Public Procurement and Policy,Strategy and Management,"Business, Management and Accounting",Social Sciences
https://doi.org/10.1057/s41303-016-0024-z,Mixed results in strategic IT alignment research: a synthesis and empirical study,2017,2017-01-01,Magno Queiroz,Utah State University,US,51,NOT Open Access,,organizational performance|strategic orientation|theory testing,Information Technology Governance and Strategy,Management Information Systems,"Business, Management and Accounting",Social Sciences
https://doi.org/10.1080/0960085x.2018.1457194,Understanding social networking site (SNS) identity from a dual systems perspective: an investigation of the dark side of SNS use,2018,2018-04-19,Greta L. Polites|Christina I. Serrano|Jason Bennett Thatcher|Kevin D. Matthews,Kent State University|Colorado State University|University of Alabama|Ohio University,US|US|US|US,51,NOT Open Access,,social networking sites|IT identity|self-identification|dual-system theory|self-regulation|technology addiction|university students|normative pressure,Impact of Technology on Adolescents,Sociology and Political Science,Social Sciences,Social Sciences
https://doi.org/10.1057/ejis.2012.19,Responsible research and innovation in information systems,2012,2012-03-20,Bernd Carsten Stahl,De Montfort University,GB,50,Open Access,"The field of information systems (IS) is characterised by a plurality of positions and approaches that defy simple definitions or characterisations. One aspect that I believe many, if not most, IS ...",responsible research and innovation|information systems|research ethics|responsible innovation,Information Systems Theories and Implementation,Sociology and Political Science,Social Sciences,Social Sciences
https://doi.org/10.1080/0960085x.2022.2062468,How synchronous participation affects the willingness to subscribe to social live streaming services: the role of co-Interactive behavior on Twitch,2022,2022-04-22,Simon Bründl|Christian Matt|Thomas H. Hess|Simon Engert,Ludwig-Maximilians-Universität München|University of Bern,DE|CH|DE|DE,50,NOT Open Access,,Twitch|social influence|user engagement|value capture|second-person perspective,Digital Marketing and Social Media,Sociology and Political Science,Social Sciences,Social Sciences
https://doi.org/10.1057/ejis.2014.32,Knowledge-acquisitions and post-acquisition innovation performance: a comparative hazards model,2014,2014-10-14,Pratim Milton Datta|Yaman Roumani,Kent State University|Eastern Michigan University,US|US,49,NOT Open Access,,mergers and acquisitions|knowledge acquisition|vertical integration|ambidexterity|patenting|new product launch|Google|Yahoo,Innovation and Knowledge Management,Strategy and Management,"Business, Management and Accounting",Social Sciences
https://doi.org/10.1057/ejis.2011.12,Assessing moderating effect in meta-analysis: a re-analysis of top management support studies and suggestions for researchers,2011,2011-04-26,Mark I. Hwang|Frank L. Schmidt,Central Michigan University|University of Iowa,US|US,49,NOT Open Access,,moderator analysis|top management support|task interdependence|measurement error|fixed effects regression|q-statistics|subgroup analysis|confidence intervals|information system implementation,Meta-analysis and systematic reviews,"Statistics, Probability and Uncertainty",Decision Sciences,Social Sciences
https://doi.org/10.1057/ejis.2012.56,Using organizational influence processes to overcome IS implementation barriers: lessons from a longitudinal case study of SPI implementation,2013,2013-01-22,Ojelanki K. Ngwenyama|Peter Axel Nielsen,University of Cape Town|Toronto Metropolitan University|University of Agder|Aalborg University,CA|ZA|DK|NO,49,Open Access,"A fundamental tenet of the information systems (IS) discipline holds that: (a) a lack of formal power and influence over the organization targeted for change, (b) weak support from top management, and (c) organizational memories of prior failures are barriers to implementation success. Our research, informed by organization influence, compellingly illustrates that such conditions do not necessarily doom a project to failure. In this paper, we present an analysis of how an IS implementation team designed and enacted a coordinated strategy of organizational influence to achieve implementation success despite these barriers. Our empirical analysis also found that technology implementation and change is largely an organizational influence process (OIP), and thus technical-rational approaches alone are inadequate for achieving success. Our findings offer managers important insights into how they can design and enact OIPs to effectively manage IS implementation. Further, we show how the theory of organizational influence can enhance understanding of IS implementation dynamics and advance the development of a theory of effective IS change agentry.",information system implementation|implementation barriers|top management support|implementation success,Information Systems Theories and Implementation,Sociology and Political Science,Social Sciences,Social Sciences
https://doi.org/10.1057/s41303-016-0019-9,Triggered essential reviewing: the effect of technology affordances on service experience evaluations,2016,2016-09-13,Gabriele Piccoli,Louisiana State University,US,49,NOT Open Access,,technology affordances|mobile computing|evaluative bias|IT design,Digital Marketing and Social Media,Sociology and Political Science,Social Sciences,Social Sciences
https://doi.org/10.1080/0960085x.2018.1436025,"The IT artifact and its spirit: a nexus of human values, affordances, symbolic expressions, and IT features",2018,2018-03-01,Mustapha Cheikh‐Ammar,Western University|Ivey Business School,CA,49,NOT Open Access,,IT artifacts|affordances|symbolic expression|human values|essence of technology|technology appropriation|levels of abstraction|Aristotle|Martin Heidegger|action possibilities,Information Systems Theories and Implementation,Sociology and Political Science,Social Sciences,Social Sciences
https://doi.org/10.1080/0960085x.2020.1820912,Does the end justify the means?Information systems and control society in the age of pandemics,2020,2020-10-13,Aurélie Leclercq‐Vandelannoitte|Jeremy Aroles,Centre National de la Recherche Scientifique|Université de Lille|Institut d'Economie Scientifique Et de Gestion|Lille Économie Management|Durham University,FR|GB,49,Open Access,"As the COVID-19 pandemic unfolds, governments across the globe are enforcing various Information Systems (IS)-based systems of control that, we contend, augur a new organisation of our freedoms, raising concerns related to issues of surveillance and control. Presented as ways to curb the immediate progression of the pandemic, these systems have progressively appertained our lives, thus becoming the new “normal”. Drawing from the concept of “control societies” developed by Deleuze, we explore how, through a logic of “the end justifies the means”, these new systems are being normalised. Beyond Deleuzian studies that describe modern society as a control society, we contend that Deleuze provides useful insights to critically analyse the progressive “normalization” of new forms of digitally enabled control, as well as the implications of this normalisation process. The analysis of this normalisation process highlights the ways in which the current pandemic and its response (i.e., new forms of technological control) are “sociomaterially constructed” through a historic, discursive, and material process. Contributing to MIS research on privacy and surveillance, this reflection on the sociomaterial construction of the control society and of its digitally enabled control systems during the current COVID-19 crisis paves the way to possible forms of resistance and solutions.",COVID-19 pandemic|society of control|surveillance|digital control systems|normalization|Gilles Deleuze|sociomateriality|privacy|information systems|government pandemic response|resistance,COVID-19 Digital Contact Tracing,Information Systems,Computer Science,Physical Sciences
https://doi.org/10.1057/ejis.2011.31,Does ethical ideology affect software piracy attitude and behaviour? An empirical investigation of computer users in China,2011,2011-08-30,Ricky Y. K. Chan|Jennifer W. M. Lai,Hong Kong Polytechnic University,HK|HK,48,NOT Open Access,,software piracy|ethical ideology|moral relativism|ethical idealism|attitude-behavior relationship|computer users|Chinese users,Copyright and Intellectual Property,Marketing,"Business, Management and Accounting",Social Sciences
https://doi.org/10.1057/ejis.2014.29,The effect of culture on requirements: a value-based view of prioritization,2014,2014-09-30,Tuure Tuunanen|I-Te Kuo,University of Jyväskylä|University of Auckland,FI|NZ,47,NOT Open Access,,requirements prioritization|user value|mobile services|cross-cultural comparison,Software Engineering Techniques and Practices,Information Systems,Computer Science,Physical Sciences
https://doi.org/10.1057/ejis.2010.32,Customers’ preference of online store visit strategies: an investigation of demographic variables,2010,2010-06-01,Chee Wei Phang|Atreyi Kankanhalli|Karthik Ramakrishnan|Krishnamurthy S. Raman,Fudan University|National University of Singapore|,CN|SG||SG,46,NOT Open Access,,online shopping|demographic segmentation|clickstream data|online consumer behaviour|consumer involvement|consumer characteristics|age|income|gender|e-commerce,Consumer Retail Behavior Studies,Marketing,"Business, Management and Accounting",Social Sciences
https://doi.org/10.1057/ejis.2014.40,Transforming healthcare: policy discourses of IT and patient-centred care,2015,2015-04-28,Ela Klecuń,London School of Economics and Political Science,GB,46,Open Access,"Information Technology (IT) is increasingly seen in policy and academic literature as key to the modernization of healthcare provision and to making healthcare patient-centred. However, the concept of Patient-Centred Care (PCC) and the role of IT in the transformation of healthcare are not straightforward. Their meanings need unpacking in order to reveal assumptions behind different visions and their implications for IT-enabled healthcare transformation. To this end, this paper reviews literature on PCC and IT and analyses England’s health policy between 1989 and 2013. English policy has set out to transform healthcare from organization-centric to patient-centred and has placed IT as central to this process. This policy vision is based on contested conceptualizations of PCC. IT implementation is problematic and this is at least partly because of the underpinning goals and visions of healthcare policy. If this misalignment is not addressed then producing technologically superior systems, or better IT implementation strategies, is unlikely to result in widespread and substantial changes to the way healthcare is delivered and experienced. For IT to support a healthcare service that is truly patient-centred, patients’ needs and wants need to be identified and designed into IT-enabled services rather than simply added on afterwards.",patient-centered care|health information technology|healthcare policy|policy discourse|healthcare transformation|IT implementation,Electronic Health Records Systems,Health Information Management,Health Professions,Health Sciences
https://doi.org/10.1057/ejis.2013.2,Do you see what I see? The search for consensus among executives’ perceptions of IT business value,2013,2013-03-12,Paul P. Tallon,Loyola University Maryland,US,46,NOT Open Access,,business value of IT|sensegiving|CIO leadership|IT investment evaluation,Information Technology Governance and Strategy,Management Information Systems,"Business, Management and Accounting",Social Sciences
https://doi.org/10.1080/0960085x.2020.1832868,Exploitation and exploration of IT in times of pandemic: from dealing with emergency to institutionalising crisis practices,2020,2020-11-01,Andrea Carugati|Lapo Mola|Loïc Plé|Marion Lauwers|Antonio Giangreco,"Centre National de la Recherche Scientifique|Aarhus University|Lille Économie Management|University of Verona|SKEMA Business School|Groupe de Recherche en Droit, Économie, Gestion|Université Catholique de Lille",DK|FR|FR|IT|FR|FR|FR,46,Open Access,"When looking at changes in IT adoption and use in organisations, our theories rely – for the most part – on slow adoption timespans or – to a lesser extent – abrupt crises of short duration. We lack a model of IT adoption during a crisis of extended duration. This paper tackles this gap by looking at the IT-explorative and -exploitative teaching-related practices of university lecturers in response to the COVID-19 crisis. Based on qualitative data from three European higher education institutions and their responses to the COVID-19 crisis, we propose a process model of IT exploration/exploitation under a condition of extended crisis. The model shows that IT use and practices in response to a prolonged crisis go through phases, presenting predictable challenges that management can alleviate with a well-timed approach.",COVID-19 pandemic|crisis management|information technology adoption|university lecturers|higher education|emergency remote teaching|process model,Education during COVID-19 pandemic,Education,Social Sciences,Social Sciences
https://doi.org/10.1057/ejis.2011.25,Enriching our theoretical repertoire: the role of evolutionary psychology in technology acceptance,2011,2011-06-21,Chon Abraham|Marie‐Claude Boudreau|Iris A. Junglas|Richard Thomas Watson,William & Mary|University of Georgia|Accenture (United States),US|US|US|US,45,NOT Open Access,,evolutionary psychology|technology acceptance|technology acceptance model|evolved psychological mechanisms|technology adoption|information systems theory|sociocognitive perspective,Technology Adoption and User Behaviour,Information Systems and Management,Decision Sciences,Social Sciences
https://doi.org/10.1057/ejis.2011.50,The action researchvsdesign science debate: reflections from an intervention in eGovernment,2011,2011-11-15,Nikolaos Papas|Robert M O'Keefe|Philip Seltsikas,University of Surrey|University of London|Royal Holloway University of London|The University of Sydney,GB|GB|AU,45,NOT Open Access,,action research|design science|e-government|digital signatures|research methodology|epistemology of research|artifacts|intervention evaluation,Information Systems Theories and Implementation,Sociology and Political Science,Social Sciences,Social Sciences
https://doi.org/10.1080/0960085x.2020.1817802,Knowledge sharing in two cultures: the moderating effect of national culture on perceived knowledge quality in online communities,2020,2020-10-06,Christine Möser|Dirk Deichmann,Vrije Universiteit Amsterdam|Erasmus University Rotterdam,NL|NL,45,Open Access,"Online communities have been identified as key platforms for innovation and knowledge sharing. While many studies have consistently identified that social capital and cultural factors are important for online knowledge sharing, their joint effect has to date received less attention. Addressing this gap helps us to move away from a one-size-fits-all approach of managing online communities to one which takes into account that social capital (i.e., trust, reciprocity, and a shared vision) may have differential effects on the sharing of high-quality knowledge. We therefore ask: To what extent does national culture shape the effect of social capital on perceived knowledge quality? We use survey data from two online communities from Germany and the Netherlands and demonstrate that the relationship between social capital and perceived knowledge quality differs in the two different national cultures, in particular for effects of reciprocity and shared vision. Besides practical contributions, we add to the literature by first integrating a social capital and online knowledge sharing lens and highlighting the moderating effect of national culture. Second, we provide a fine-grained understanding of the influence of national culture on knowledge sharing by delving deeper into differences between national cultures often regarded as similar.",knowledge sharing|online communities|national culture|social capital|reciprocity|shared vision|trust|moderating effect|cross-cultural comparison|Germany|Netherlands,Knowledge Management and Sharing,Communication,Social Sciences,Social Sciences
https://doi.org/10.1057/ejis.2013.7,An empirical evaluation of existing IS change theories for the case of IOIS evolution,2013,2013-04-30,Kai Reimers|Robert B. Johnston|Stefan P. Klein,RWTH Aachen University|University College Dublin|University of Münster,DE|IE|DE,44,NOT Open Access,,interorganizational systems|electronic ordering|pharmaceutical industry|practice theory|organizational change,Information Systems Theories and Implementation,Sociology and Political Science,Social Sciences,Social Sciences
https://doi.org/10.1057/ejis.2012.3,Conceptualising improvisation in information systems security,2012,2012-02-07,Kennedy Njenga|Irwin Brown,University of Johannesburg|University of Cape Town,ZA|ZA,44,NOT Open Access,,improvisation|information systems security|security management|rational choice|adaptive management|dynamic uncertain environments|hermeneutic analysis|security professionals,Information and Cyber Security,Information Systems,Computer Science,Physical Sciences
https://doi.org/10.1057/ejis.2009.47,"Dressage, control, and enterprise systems: the case of NASA's Full Cost initiative",2010,2010-02-01,Nicholas Berente|Uri Gal|Youngjin Yoo,Case Western Reserve University|Temple University,US|US|US,44,NOT Open Access,,dressage|enterprise resource planning|activity-based costing|NASA|Michel Foucault|organizational control|public compliance,Accounting and Organizational Management,Management Information Systems,"Business, Management and Accounting",Social Sciences
https://doi.org/10.1057/ejis.2014.30,The impact of decision support system features on user overconfidence and risky behavior,2014,2014-09-30,Chi-Wen Chen|Marios Koufaris,Baruch College|City University of New York,US|US,44,NOT Open Access,,decision support system|overconfidence|risk-taking|illusion of control|user choice|training|stock investment|user satisfaction|decision bias,Decision-Making and Behavioral Economics,General Decision Sciences,Decision Sciences,Social Sciences
https://doi.org/10.1080/0960085x.2019.1620477,A critical perspective of engagement in online health communities,2019,2019-05-30,Inkyoung Hur|Karlene C. Cousins|Bernd Carsten Stahl,Nova Southeastern University|Florida International University|De Montfort University,US|US|GB,44,NOT Open Access,,online health communities|online engagement|emancipation|childhood immunization|physician-patient relationship|institutional power|sensemaking|collective intelligence|online health information|critical discourse analysis,Health Literacy and Information Accessibility,General Health Professions,Health Professions,Health Sciences
https://doi.org/10.1080/0960085x.2020.1808540,Effects of structural and trait competitiveness stimulated by points and leaderboards on user engagement and performance growth: A natural experiment with gamification in an informal learning environment,2020,2020-10-09,Laura Amo|Ruochen Liao|Rajiv Kishore|Hejamadi Raghav Rao,"University at Buffalo, State University of New York|The University of Texas at Arlington|University of Nevada, Las Vegas|The University of Texas at San Antonio",US|US|US|US,44,NOT Open Access,,gamification|structural competitiveness|trait competitiveness|points|leaderboards|user engagement|social comparison|informal learning|museum exhibits|badges|inverted-U effect,Educational Games and Gamification,Developmental and Educational Psychology,Psychology,Social Sciences
https://doi.org/10.1057/ejis.2015.5,Understanding champion behaviour in a health-care information system development project – how multiple champions and champion behaviours build a coherent whole,2015,2015-04-28,Joeri van Laere|Lena Aggestam,University of Skövde,SE|SE,43,NOT Open Access,,health information systems|information systems adoption|organizational networks|health care organization,Information Systems Theories and Implementation,Sociology and Political Science,Social Sciences,Social Sciences
https://doi.org/10.1057/ejis.2010.14,Team leader strategies for enabling collaboration technology adaptation: team technology knowledge to improve globally distributed systems development work,2010,2010-04-01,Dominic M. Thomas|Robert P. Bostrom,Emory University|University of Georgia,US|US,43,NOT Open Access,,team leaders|technology adaptation|collaboration technologies|information system development|socio-technical perspective|task interdependence|project success,Team Dynamics and Performance,Social Psychology,Psychology,Social Sciences
https://doi.org/10.1080/0960085x.2017.1390188,Assessing the robustness of meta-analytic results in information systems: publication bias and outliers,2018,2018-01-02,Sven Kepes|Manoj Abraham Thomas,Virginia Commonwealth University,US|US,43,NOT Open Access,,publication bias|outliers|information systems research|cumulative knowledge|evidence-based practice|research trustworthiness,Meta-analysis and systematic reviews,"Statistics, Probability and Uncertainty",Decision Sciences,Social Sciences
https://doi.org/10.1080/0960085x.2018.1435232,Philosophical foundations for informing the future(S) through IS research,2018,2018-03-01,Mike W. Chiasson|Elizabeth Davidson|Jenifer Sunrise Winter,"University of British Columbia|University of British Columbia, Okanagan Campus|University of Hawaiʻi at Mānoa",CA|US|US,43,Open Access,"Information systems (IS) scholars have suggested IS researchers have a responsibility to consider how information and communication technologies could, in the future, influence sociotechnical practices and outcomes. However, research focused specifically on “the future” has yet to gain a strong foothold within the scholarly IS field. In this essay, we suggest a philosophical foundation and epistemological basis for futures-oriented research to advance such scholarship in the IS field. We first highlight epistemic assumptions about futures-oriented research drawn from the discourse of futures studies. We then draw on Feenberg’s philosophy of “potentiality and actuality” of technology as a foundation to consider how knowledge generated through IS research about the sociotechnical past and present might inform futures-oriented inquiry. We illustrate these arguments with examples from the emerging arena of “big data” research.",philosophy of information systems|epistemology|futures studies|potentiality and actuality|Feenberg|sociotechnical practices|big data research|information and communication technologies|research responsibility,Information Systems Theories and Implementation,Sociology and Political Science,Social Sciences,Social Sciences
https://doi.org/10.1080/0960085x.2020.1718009,Gamifying knowledge sharing in humanitarian organisations: a design science journey,2020,2020-02-02,Adrian Holzer|Bruno Kocher|Samuel Bendahan|Isabelle Vonèche Cardia|Jorge Mazuze|Denis Gillet,University of Neuchâtel|University of Lausanne|École Polytechnique Fédérale de Lausanne|,CH|CH|CH|CH||CH,43,Open Access,"Humanitarian organisations provide invaluable work to improve the lives of individuals impacted by natural and anthropogenic hazards. While humanitarian organisations are highly knowledge intensive, they often fail to manage knowledge effectively. Providing adequate incentives to foster knowledge sharing on a knowledge management system is a challenge for many organisations. It is especially important in the humanitarian context where organisational efficiency leads to saving more lives. We argue that gamification (i.e., the integration of game-like features, such as points or badges in non-game systems) is a viable solution to address the lack of knowledge sharing often encountered. To do so, we embark on a design science journey with Doctors Without Borders to investigate how gamification within (e.g., using a personal profile) and outside (e.g., using a connected ambient object) a knowledge management system can improve knowledge sharing. Our findings demonstrate that well-designed gamification can increase engagement and knowledge sharing, in particular for altruistic individuals.",gamification|knowledge sharing|knowledge management systems|humanitarian organizations|incentive design|user engagement|altruism|personal profile|Médecins Sans Frontières,Knowledge Management and Sharing,Communication,Social Sciences,Social Sciences
https://doi.org/10.1080/0960085x.2020.1756701,Curbing cyberloafing: studying general and specific deterrence effects with field evidence,2020,2020-05-03,Przemysław G. Hensel|Agnieszka Kacprzak,University of Warsaw,PL|PL,43,Open Access,"Although the General Deterrence Theory has frequently been employed to study the prevention of misconduct associated with computer use, the common reliance on survey data makes it difficult to measure the general and specific deterrence effects. We use one-group pre-test-post-test quasi-experiment based on data from a monitoring system covering 230 employees for nine months to study general and specific effects of two interventions: the reminder about possible punishment and the actual punishment. The interrupted time series analysis (ITSA) with ARIMA modelling employed to study the longitudinal effects of the interventions allowed to deliver novel findings. Punishing the violators of organisational policy affected both the punished and unpunished employees (decrease in cyberloafing by 41% and 24%, respectively). The effect was maintained for three months, that is until the end of our dataset. The punishment had a stronger effect on unpunished employees located closer in the organisational structure to the punished ones than on the remaining unpunished employees. Moreover, we show that reminder about the possibility of punishment brought no statistically significant effect, likely due to the earlier experience of punishment avoidance. We discuss implications for theory and designing organisational policies intended to curb cyberloafing.",cyberloafing|general deterrence|specific deterrence|punishment|employee misconduct|organizational policy|computer use in the workplace|punishment avoidance|organizational structure,Cyberloafing and Workplace Behavior,Demography,Social Sciences,Social Sciences
https://doi.org/10.1080/0960085x.2021.1890530,Accounting for social media effects to improve the accuracy of infection models: combatting the COVID-19 pandemic and infodemic,2021,2021-02-25,Sujin Bae|Eunyoung Sung|Ohbyung Kwon,Kyung Hee University|Montana State University,KR|US|KR,43,NOT Open Access,,COVID-19 pandemic|social media|infodemic|SEIR model|information dissemination|social learning theory|uses and gratifications theory|misinformation|disease prevention|Monte Carlo simulation,COVID-19 epidemiological studies,Modeling and Simulation,Mathematics,Physical Sciences
https://doi.org/10.1057/ejis.2010.51,Requirements engineering blinders: exploring information systems developers’ black-boxing of the emergent character of requirements,2010,2010-11-02,Jonny Holmström|Steve Sawyer,Umeå University|Syracuse University,SE|US,42,NOT Open Access,,requirements engineering|black-boxing|requirements gathering|social learning|interpersonal conflict|negotiation|project teams|social competence,Software Engineering Techniques and Practices,Information Systems,Computer Science,Physical Sciences
https://doi.org/10.1057/ejis.2013.21,Governing IT in inter-organizational relationships: Issues and future research,2013,2013-08-21,Gerald G. Grant|Felix B. Tan,Carleton University|Auckland University of Technology,CA|NZ,42,Open Access,"It is axiomatic that business firms and other organizations in the public and private sectors increasingly operate as part of highly distributed ecosystems. These arrangements, whether operationali...",IT governance|interorganizational relationships|business ecosystems|organizational collaboration|information technology management,Information Technology Governance and Strategy,Management Information Systems,"Business, Management and Accounting",Social Sciences
https://doi.org/10.1057/s41303-017-0055-0,"Stakeholders’ enactment of competing logics in IT governance: polarization, compromise or synthesis?",2017,2017-08-24,Albert Boonstra|U. Yeliz Eseryel|van Marjolein Offenbeek,University of Groningen,NL|NL|NL,42,Open Access,"Governing IT while incorporating stakeholders with diverse institutional backgrounds remains a challenge. Stakeholder groups are typically socialized differently and may have different perspectives on IT governance dilemmas. Yet, extant literature offers only limited insight on socialized views on IT governance. This study uses an institutional logics lens to examine how competing institutional logics get connected in IT governance practices through dominant stakeholders’ enactment patterns and how these enactment patterns may affect the organization’s IT performance. We find that logics were coupled to the three dominant stakeholder groups, but only loosely so. Congruence between the three logics they enacted depended on the IT governance dilemma at hand. Our findings demonstrate how within a triad of competing logics, switching rivalry among hybrid logics may develop. Here, the enactments led to two hybrid logics, none of which became dominant. Remarkably, the IT professionalism logic accommodated polarization between medical professionalism and the managerial logic, causing unstable IT governance. We propose that IT professionalism offers room for agency and is crucial in determining the resulting enactment patterns: polarizing, compromising or even synthesizing. This study may raise managers’ awareness of the competing logics underlying IT governance practices and clarify the pivotal role of IT professionalism in IT governance debates.",IT governance|institutional logics|competing logics|hybrid logic|medical professionalism|managerial logic|polarization|compromise|synthesis|IT performance,Information Technology Governance and Strategy,Management Information Systems,"Business, Management and Accounting",Social Sciences
https://doi.org/10.1057/ejis.2014.33,A legitimacy challenge of a cross-cultural interorganizational information system,2014,2014-09-30,Carol W. Hsu|Yu-Tzu Lin|Tawei Wang,National Taiwan University|National Kaohsiung Normal University|University of Hawaiʻi at Mānoa,TW|TW|US,41,NOT Open Access,,interorganizational systems|cross-cultural adoption|institutional legitimacy|legitimation strategies|diffusion of innovations|institutional theory,Technology Adoption and User Behaviour,Information Systems and Management,Decision Sciences,Social Sciences
https://doi.org/10.1057/ejis.2010.17,A motivational model for technology-supported cross-organizational and cross-border collaboration,2010,2010-04-01,Nicholas Romano|James B. Pick|Narcyz Roztocki,Oklahoma State University|Bocconi University|University of Redlands|SUNY New Paltz,IT|US|US|US,41,Open Access,"The academic popularity of the topic of electronic cross-organizational and cross-border collaboration is perhaps best evident in the large number of publications on this topic. For example, a systematic review of 1180 papers published between 2000 and 2007 in only six information systems (IS) journals reveals that 80 papers are related to electronic cross-organizational and cross-border collaboration. This EJIS special issue attracted a record number of 66 paper submissions of which eight were finally accepted for publication. In the context of this special issue, we define the focus of interest as ‘the integration of people, systems, processes and infrastructure across organizations, borders, nations and world regions to enable productive teamwork towards accomplishing mutual goals’.",cross-border cooperation|motivation|motivation model|technology-supported collaboration|teamwork|inter-organizational integration|e-commerce,Information Systems Theories and Implementation,Sociology and Political Science,Social Sciences,Social Sciences
https://doi.org/10.1080/0960085x.2018.1445462,Considering the social impacts of artefacts in information systems design science research,2018,2018-03-04,Gerard De Leoz|Stacie Petter,University of Tampa|Baylor University,US|US,41,NOT Open Access,,design science research|artifacts|information system design|research guidelines|social interaction,Information Systems Theories and Implementation,Sociology and Political Science,Social Sciences,Social Sciences
https://doi.org/10.1080/0960085x.2020.1762127,Enabling collaboration and innovation in Denver’s smart city through a living lab: a social capital perspective,2020,2020-05-24,Valerie L. Bartelt|Andrew Urbaczewski|Andrew G. Mueller|Suprateek Sarker,University of Denver|University of Virginia,US|US|US|US,41,NOT Open Access,,smart cities|living labs|social capital|knowledge transfer|collaboration|innovation|public administration|public sector IT|urban data,Innovative Approaches in Technology and Social Development,Management of Technology and Innovation,"Business, Management and Accounting",Social Sciences
https://doi.org/10.1080/0960085x.2020.1816145,From semantics to pragmatics: where IS can lead in Natural Language Processing (NLP) research,2020,2020-09-24,Li Yan|Manoj Abraham Thomas|Dapeng Liu,Claremont Graduate University|The University of Sydney|UNSW Sydney,US|AU|AU,41,NOT Open Access,,natural language processing|information systems research|semantics|pragmatics|research trends|research roadmap|human-computer interaction,Natural Language Processing Techniques,Artificial Intelligence,Computer Science,Physical Sciences
https://doi.org/10.1057/ejis.2011.5,Scalable growth in IT-enabled service provisioning: a sensemaking perspective,2011,2011-03-01,Mark O Lewis|Lars Mathiassen|Arun Rai,Bentley University|Georgia State University,US|US|US,40,NOT Open Access,,IT-enabled services|service delivery|scalability|organizational sensemaking|equivocality|structural separation|market segmentation|service modularization|collective identity|business units|process redundancy|cognitive limitations,Management and Organizational Studies,Organizational Behavior and Human Resource Management,"Business, Management and Accounting",Social Sciences
https://doi.org/10.1057/ejis.2012.43,Everyday power struggles: living in an IOIS project,2012,2012-09-04,Riitta Hekkala|Cathy Urquhart,Aalto University|Manchester Metropolitan University,FI|GB,40,NOT Open Access,,interorganizational systems|power in organisations|everyday power|lived experience|project management structure|formal authority|project complexity,Information Systems Theories and Implementation,Sociology and Political Science,Social Sciences,Social Sciences
https://doi.org/10.1057/ejis.2013.23,An empirical investigation of Technology Readiness among medical staff based in Greek hospitals,2013,2013-08-13,Christos Melas|Leonidas A. Zampetakis|Anastasia Dimopoulou|Vassilis S. Moustakis,Hellenic Mediterranean University|Hellenic Open University|Technical University of Crete|Penteli General Children's Hospital|FORTH Institute of Computer Science|Foundation for Research and Technology Hellas,GR|GR|GR|GR,39,NOT Open Access,,technology readiness|healthcare workers|physicians|nurses|health information technology|Technology Readiness Index|ICT knowledge|computer use|technology acceptance|Greek hospitals,Technology Adoption and User Behaviour,Information Systems and Management,Decision Sciences,Social Sciences
https://doi.org/10.1057/ejis.2014.16,The effective promotion of informal control in information systems offshoring projects,2014,2014-06-24,Martin J. Wiener|Ulrich Remus|Jakob Heumann|Magnus Mähring,Stockholm School of Economics|Friedrich-Alexander-Universität Erlangen-Nürnberg|Universität Innsbruck,DE|SE|AT|DE|SE,39,NOT Open Access,,informal social control|clan control|self-control|interorganizational systems|client-vendor relationships|project performance|formal control|national cultural values|control effectiveness,Outsourcing and Supply Chain Management,Management Information Systems,"Business, Management and Accounting",Social Sciences
https://doi.org/10.1057/ejis.2010.69,Satisfaction with employee relationship management systems: the impact of usefulness on systems quality perceptions,2011,2011-01-18,Yang Yang|Thomas F. Stafford|Mark L. Gillenson,|University of Memphis,|US|US,39,NOT Open Access,,job satisfaction|internal customers|human resource information systems|system design|user requirements,Technology Adoption and User Behaviour,Information Systems and Management,Decision Sciences,Social Sciences
https://doi.org/10.1057/s41303-017-0067-9,Stimulating dialog between information systems research and practice,2017,2017-11-01,Dov Te’eni|Stefan Seidel|Jan vom Brocke,Tel Aviv University|University of Liechtenstein,IL|LI|LI,39,NOT Open Access,,information systems research|research-practice dialogue|research agenda,Information Systems Theories and Implementation,Sociology and Political Science,Social Sciences,Social Sciences
https://doi.org/10.1080/0960085x.2018.1524418,The paradoxical effects of digital artefacts on innovation practices,2018,2018-10-01,Raffaele Ciriello|Alexander Richter|Gerhard Schwabe,IT University of Copenhagen|University of Zurich,DK|DK|CH,39,Open Access,"Digital artefacts are increasingly used for supporting innovation practices, implying a growing need to better understand their role in different contexts. In this paper, we study how digital artefacts enable and constrain innovation practices by means of an in-depth, multi-year qualitative field study at a software firm. Analysing the usage of PowerPoint, as a dominant digital innovation artefact, we identify three paradoxes – conflicting yet interdependent tensions of digital artefacts in innovation practices: (1) Freedom and Captivity, (2) Clarity and Ambiguity, and (3) Scarcity and Abundance. Via a dialectic synthesis of the three paradoxes and an extension to modelling tools, we develop a substantive theory of the paradoxical effects of digital artefacts on innovation practices. We discuss theoretical implications for research on affordances and outline a path for research on IT paradoxes. We also offer practical implications by illustrating the paradoxical effects of using digital innovation artefacts and suggesting appropriate coping strategies.",digital artifacts|innovation practices|paradox|PowerPoint|affordances|scarcity and abundance|software companies|substantive theory|coping strategies,Information Systems Theories and Implementation,Sociology and Political Science,Social Sciences,Social Sciences
https://doi.org/10.1057/ejis.2011.20,Coping with rapid information technology change in different national cultures,2011,2011-05-03,Xiang Fang|John ‘Skip’ Benamati|Albert L. Lederer,Miami University|University of Kentucky,US|US|US,38,NOT Open Access,,information technology change|coping strategies|national culture|GLOBE study|IT organizations|vendor support|education and training|internal procedures|endurance|cross-cultural comparison|China|United States|multinational corporations|IT executives,Global and Cross-Cultural Management,Anthropology,Social Sciences,Social Sciences
https://doi.org/10.1057/ejis.2011.42,Conversation as a source of satisfaction and continuance in a question-and-answer site,2011,2011-10-25,Daphne Ruth Raban,University of Haifa,IL,38,NOT Open Access,,customer satisfaction|continuance intention|expectation confirmation theory|conversation|social interaction|question-and-answer websites|commercial information services|switching costs|customer relationship management|web-based information services,Technology Adoption and User Behaviour,Information Systems and Management,Decision Sciences,Social Sciences
https://doi.org/10.1057/ejis.2015.20,Publishing and getting published in EJIS : marshaling contributions for a diversity of genres,2015,2015-11-01,Dov Te’eni|Frantz Rowe|Pär J. Ågerfalk|Jong Seok Lee,|Laboratoire d'Economie et de Management de Nantes Atlantique|Nantes Université,|FR||,38,Open Access,"With this issue we conclude 2015 and are about to enter 2016, closing a quarter of a century, which has taken the European Journal of Information Systems (EJIS) out of the 20th century, in which th...",journal publishing|manuscript submission|research genres|scholarly communication|information systems research,Academic Writing and Publishing,History and Philosophy of Science,Arts and Humanities,Social Sciences
https://doi.org/10.1080/0960085x.2021.1907234,PUBLIC MANAGEMENT CHALLENGES IN THE DIGITAL RISK SOCIETY: A Critical Analysis of the Public Debate on Implementation of the Danish NemID,2021,2021-05-07,Ojelanki K. Ngwenyama|Helle Zinner Henriksen|Daniel Hardt,University of Cape Town|Toronto Metropolitan University|Copenhagen Business School,CA|ZA|DK|DK,38,Open Access,"The rise of the digital society is accompanied by incalculable social risks, but very little IS research has examined the implications of the new digital society. Drawing on concepts from Beck’s critical theory of the risk society and critical discourse analysis, this study examines the public discourse on risk events during the launch of NemID, a personal digital identifier for Danish citizens. This research illustrates our difficulties and challenges in managing some of the fundamental social risks from societal digitalisation. Limited institutional capabilities for digital technologies force public officials to depend on private companies motived by profit instead of the public interest. Beliefs in digital technology as the primary determinant of social and economic progress also present many public management dilemmas. When digital risk events occur and citizens’ fears are stoked by news media and public discourse, public officials seem to have no other strategy for managing the escalating fears than systematically distorted communication. The continued rise of the digital risk society demands that IS research respond to the challenge of generating knowledge for its public management.",risk society|public sector management|public discourse|critical discourse analysis|digitalization|institutional capacity|public officials|risk communication,E-Government and Public Services,Political Science and International Relations,Social Sciences,Social Sciences
https://doi.org/10.1057/ejis.2010.34,"The enactment of significance: a unified conception of information, systems and technology",2010,2010-07-06,Paul Beynon‐Davies,Cardiff University,GB,37,NOT Open Access,,information systems and technologies|Inca Empire|khipu|organizational theory|information systems theory,Information Systems Theories and Implementation,Sociology and Political Science,Social Sciences,Social Sciences
https://doi.org/10.1057/s41303-017-0065-y,Taking stock of organisations’ protection of privacy: categorising and assessing threats to personally identifiable information in the USA,2017,2017-08-23,Clay Posey|Uzma Raja|Robert E. Crossler|A. J. Burns,University of Central Florida|University of Alabama|Washington State University|The University of Texas at Tyler,US|US|US|US,37,Open Access,"Many organisations create, store, or purchase information that links individuals’ identities to other data. Termed personally identifiable information (PII), this information has become the lifeblood of many firms across the globe. As organisations accumulate their constituencies’ PII (e.g. customers’, students’, patients’, and employees’ data), individuals’ privacy will depend on the adequacy of organisations’ information privacy safeguards. Despite existing protections, many breaches still occur. For example, US organisations reported around 4,500 PII-breach events between 2005 and 2015. With such a high number of breaches, determining all threats to PII within organisations proves a burdensome task. In light of this difficulty, we utilise text-mining and cluster analysis techniques to create a taxonomy of various organisational PII breaches, which will help drive targeted research towards organisational PII protection. From an organisational systematics perspective, our classification system provides a foundation to explain the diversity among the myriad of threats. We identify eight major PII-breach types and provide initial literature reviews for each type of breach. We detail how US organisations differ regarding their exposure to these breaches, as well as how the level of severity (i.e. number of records affected) differs among these PII breaches. Finally, we offer several paths for future research.",personally identifiable information|data breaches|data privacy|privacy preservation,"Privacy, Security, and Data Protection",Sociology and Political Science,Social Sciences,Social Sciences
https://doi.org/10.1057/ejis.2014.25,Twenty years of the European information systems academy at ECIS: emergent trends and research topics,2014,2014-08-26,Mari‐Klara Stein|Robert D. Galliers|Edgar A. Whitley,Copenhagen Business School|Bentley University|London School of Economics and Political Science,DK|US|GB,36,Open Access,"While the information systems (IS) community is increasingly international, it is reasonable to expect that different regions might display different research approaches, interests and publication orientations. This paper contributes to the growing number of historical accounts in the IS field by further developing the profile of European IS research that was reported on in EJIS following the first 10 years of the European Conference on Information Systems (ECIS). On the basis of an analysis of all papers published in ECIS proceedings during the 10-year period 2003–2012, the paper highlights three key characteristics of the developing European IS research profile: (1) continuation of the traditional European IS research profile as developed in the first decade; (2) convergence with aspects of the North American tradition and (3) development of a distinct approach to design science. We place these observed characteristics within broader historical and contextual features such as the changing European academic landscape, with increasing pressures to ‘publish or perish’ in order to be internationally competitive. Our contribution lies in providing a contemporaneous account of the dominant contextual factors influencing the European IS academy in recent years as well as our interpretation of the developing research profile, thus informing future understanding of European IS research and the choices facing individual IS researchers.",ECIS|research profile|design science|publish or perish|international competitiveness|research trends,Information Systems Theories and Implementation,Sociology and Political Science,Social Sciences,Social Sciences
https://doi.org/10.1057/ejis.2011.14,"Is traditional, open-source, or on-demand first choice? Developing an AHP-based framework for the comparison of different software models in office suites selection",2011,2011-04-19,Alexander Benlian,Ludwig-Maximilians-Universität München,DE,36,NOT Open Access,,software acquisition|open source software|on-demand software|software delivery models|analytic hierarchy process|software selection criteria|proprietary software,Multi-Criteria Decision Making,Management Science and Operations Research,Decision Sciences,Social Sciences
https://doi.org/10.1057/ejis.2011.13,An historically grounded critical analysis of research articles in IS,2011,2011-04-19,François‐Xavier de Vaujany|Isabelle Walsh|Nathalie Mitev,Université Paris Dauphine-PSL|EM Strasbourg Business School|London School of Economics and Political Science,FR|FR|GB,36,Open Access,"In order to explore scientific writing in Information Systems (IS) journals, we adopt a combination of historical and rhetorical approaches. We first investigate the history of universities, business schools, learned societies and scientific articles. This perspective allows us to capture the legacy of scientific writing standards, which emerged in the 18th and 19th centuries. Then, we focus on two leading IS journals (EJIS and MISQ). An historical analysis of both outlets is carried out, based on data related to their creation, evolution of editorial statements, and key epistemological and methodological aspects. We also focus on argumentative strategies found in a sample of 436 abstracts from both journals. Three main logical anchorages (sometimes combined) are identified, and related to three argumentative strategies: ‘deepening of knowledge’, ‘solving an enigma’ and ‘addressing a practical managerial issue’. We relate these writing norms to historical imprints of management and business studies, in particular: enigma-focused rhetorics, interest in institutionalized literature, neglect for managerially grounded rhetoric and lack of reflexivity in scientific writing. We explain this relation as a quest for academic legitimacy. Lastly, some suggestions are offered to address the discrepancies between these writing norms and more recent epistemological and theoretical stances adopted by IS researchers.",scientific writing|information systems research|history of scientific writing|argumentation strategies|abstracts|academic legitimacy|rhetoric|reflexivity|scientific journals|university history|business schools|learned societies,Academic Writing and Publishing,History and Philosophy of Science,Arts and Humanities,Social Sciences
https://doi.org/10.1057/s41303-017-0040-7,A half-moon on my skin: a memoir on life with an activity tracker,2017,2017-03-27,Elpida Prasopoulou,Coventry University,GB,36,NOT Open Access,,memoirs|wearable devices|wearable activity trackers|Internet of Things|embodiment|affect|everyday life|human-technology interaction,Innovative Human-Technology Interaction,Human-Computer Interaction,Computer Science,Physical Sciences
https://doi.org/10.1080/0960085x.2020.1782276,"Orchestrating automation and sharing in DevOps teams: a revelatory case of job satisfaction factors, risk and work conditions",2020,2020-07-14,Aymeric Hemon|Frantz Rowe|Laetitia Monnier-Senicourt,Laboratoire d'Economie et de Management de Nantes Atlantique|ESSCA School of Management|Nantes Université|SKEMA Business School,FR|FR|FR,36,NOT Open Access,,DevOps|agile software development|job satisfaction|automation|knowledge sharing|risk amplification|working conditions|Herzberg's two-factor theory|continuous integration and delivery|development and operations integration,Software Engineering Techniques and Practices,Information Systems,Computer Science,Physical Sciences
https://doi.org/10.1080/0960085x.2020.1803154,Smartphone Addiction and Conflict: An Incentive-Sensitisation Perspective of Addiction for Information Systems,2020,2020-08-20,Jungwon Kuem|Soumya Ray|Pei‐Fang Hsu|Lara Khansa,"State University of New York|University at Albany, State University of New York|National Tsing Hua University|Virginia Tech",US|TW|TW|US,36,NOT Open Access,,smartphone addiction|technology addiction|nomological network|perceived usefulness|perceived enjoyment|personal innovativeness|loneliness,Impact of Technology on Adolescents,Sociology and Political Science,Social Sciences,Social Sciences
https://doi.org/10.1057/ejis.2012.36,Leveraging the IT competence of non-IS workers: social exchange and the good corporate citizen,2012,2012-07-03,Joshua M. Davis,College of Charleston,US,35,NOT Open Access,,IT competence|organizational citizenship behavior|social exchange theory|business professionals|information systems department|perceived organizational support|volunteering intention,Knowledge Management and Sharing,Communication,Social Sciences,Social Sciences
https://doi.org/10.1080/0960085x.2020.1863751,Designing for the future in the age of pandemics: a future-ready design research (FRDR) process,2021,2021-01-16,Loo Geok Pee|Shan Ling Pan|Jingyuan Wang|Junjie Wu,Nanyang Technological University|UNSW Sydney|Beihang University,SG|AU|CN|CN,35,NOT Open Access,,futures studies|pandemic|COVID-19 pandemic|foresight|information system design|privacy concerns|design guidelines,Information Systems Theories and Implementation,Sociology and Political Science,Social Sciences,Social Sciences
https://doi.org/10.1080/0960085x.2020.1780963,From Elements to Structures: An Agenda for Organisational Gamification,2020,2020-06-25,Ali Khan|Farzam Boroomand|Jane Webster|Xerxes Minocher,Queen's University|University of Wisconsin–Madison,CA|CA|CA|US,34,NOT Open Access,,adaptive structuration theory|gamification framework|research agenda|gamification implementation|employee motivation,Educational Games and Gamification,Developmental and Educational Psychology,Psychology,Social Sciences
https://doi.org/10.1057/ejis.2012.21,Creating value through governing IT deployment in a public/private-sector inter-organisational context: a human agency perspective,2012,2012-06-19,Carla L. Wilkin|John Campbell|Stephen Moore,Monash University|University of Canberra,AU|AU|AU,33,NOT Open Access,,IT governance|value creation|human agency|interorganizational systems|ISO/IEC 38500|stakeholder engagement|stakeholder value,Information Technology Governance and Strategy,Management Information Systems,"Business, Management and Accounting",Social Sciences
https://doi.org/10.1057/ejis.2011.47,Escaping ‘localisms’ in IT sourcing: tracing changes in institutional logics in an Italian firm,2011,2011-11-29,Lapo Mola|Andrea Carugati,University of Verona|Institut d'Economie Scientifique Et de Gestion|Aarhus University,FR|IT|DK|FR,33,NOT Open Access,,IT sourcing|institutional logics|localism|institutional change|hiring practices|steel industry|small and medium-sized enterprises,Outsourcing and Supply Chain Management,Management Information Systems,"Business, Management and Accounting",Social Sciences
https://doi.org/10.1080/0960085x.2022.2046515,Exploring the value of IoT data as an enabler of the transformation towards servitization: an action design research approach,2022,2022-03-24,Kuan-Lin Chen|Astrid Heidemann Lassen|Chen Li|Charles Møller,Aalborg University,DK|DK|DK|DK,33,NOT Open Access,,servitization|Internet of Things|data value|resource-based view|manufacturing transformation|strategic decision-making|cross-functional teams|digitalization|competitive advantage,Service and Product Innovation,Marketing,"Business, Management and Accounting",Social Sciences
https://doi.org/10.1057/ejis.2013.20,The competitive impact of information technology: can commodity IT contribute to competitive performance?,2013,2013-07-16,Gabriele Piccoli|Tsz-Wai Lui,University of Pavia|Chinese University of Hong Kong,IT|HK,32,NOT Open Access,,competitive performance|self-service kiosks|organizational resources|complementary resources|hotels|hotel industry|technology adoption,Information Technology Governance and Strategy,Management Information Systems,"Business, Management and Accounting",Social Sciences
https://doi.org/10.1057/ejis.2011.39,Top management support and IS implementation: further support for the moderating role of task interdependence,2011,2011-10-04,Rajeev Sharma|Phillip W. Yetton,University of Wollongong|UNSW Sydney,AU|AU,32,Open Access,"Sharma and Yetton, in 2003, hypothesized and found empirical support for the moderating effect of task interdependence on the relationship between management support and implementation success. In this issue of EJIS, Hwang and Schmidt critique Sharma and Yetton's meta-analysis protocol, arguing that a random-effects model should have been employed, rather than the fixed-effect model they used. Further, Hwang and Schmidt claim that the moderating effect hypothesized by Sharma and Yetton is not supported when a random-effects model is employed. We re-analyze Sharma and Yetton's data by employing a dedicated, commercially available package for conducting random-effects meta-analysis. Our analysis finds no support for Hwang and Schmidt's claim. The random-effects meta-analysis supports Sharma and Yetton's original findings: task interdependence moderates the effect of management support on implementation success.",top management support|information system implementation|task interdependence|moderating effect|implementation success|random-effects meta-analysis|fixed-effects meta-analysis|meta-analysis critique,Information Systems Theories and Implementation,Sociology and Political Science,Social Sciences,Social Sciences
https://doi.org/10.1057/ejis.2010.57,The inflation of academic intellectual capital: the case for design science research in Europe,2010,2010-12-07,Iris A. Junglas|Björn Niehaves|Sarah Spiekermann|Bernd Carsten Stahl|Tim Weitzel|Robert Winter|Richard Baskerville,,||||||,32,Open Access,"In this issue, EJIS is publishing ‘Memorandum on Design Oriented Information Systems Research’, an opinion that has engendered much debate in the German-speaking Information Systems (IS) community....",design science research|information systems research|research agenda,Information Systems Theories and Implementation,Sociology and Political Science,Social Sciences,Social Sciences
https://doi.org/10.1057/ejis.2012.7,Everywhere and nowhere: nearshore software development in the context of globalisation,2012,2012-03-13,Pamela Y. Abbott|Matthew Jones,Brunel University of London|University of Cambridge,GB|GB,32,Open Access,"Offshore software development has been identified as one of the most striking manifestations of contemporary globalisation and as evidence of placelessness, the idea that information and communication technologies have rendered location irrelevant. Research in the International Business and Information Systems fields, in contrast, has suggested that all locations are not equal and has identified a number of characteristics that may influence the attractiveness of a location for multinational investment and offshoring, respectively. These literatures, however, focus almost exclusively on quantitative, economic characteristics that are seen as fixed and applying uniformly throughout a whole country. They therefore offer little guidance on the suitability of particular locations as offshoring destinations, especially in countries without a track record in offshore software development. Drawing on two cases of nearshore software development centres set up by offshore service providers in the Caribbean, this paper illustrates that, while the initial decision to establish the ventures reflected a logic of placelessness, characteristics of these particular locations affected their subsequent success. Through the findings, we therefore develop a typology of espoused, unanticipated and remediable locational characteristics, which illustrates that locational attractiveness may vary significantly within countries and that offshore service providers and government agencies can modify locational characteristics to their advantage.",offshore software development|globalization|placelessness|locational characteristics|Caribbean|multinational investment|information and communication technologies,Outsourcing and Supply Chain Management,Management Information Systems,"Business, Management and Accounting",Social Sciences
https://doi.org/10.1057/ejis.2016.5,"Fragmentation or cohesion? Visualizing the process and consequences of information system diversity, 1993–2012",2016,2016-03-22,Liu Yong|Hongxiu Li|Jorge Gonçalves|Vassilis Kostakos|Bei Xiao,Aalto University|University of Turku|University of Oulu|Åbo Akademi University,FI|FI|FI|FI|FI,32,NOT Open Access,,information systems research|research fragmentation|research topic evolution|co-word analysis|research subfields,scientometrics and bibliometrics research,"Statistics, Probability and Uncertainty",Decision Sciences,Social Sciences
https://doi.org/10.1080/0960085x.2018.1472196,Opinion seeking in a social network-enabled product review website: a study of word-of-mouth in the era of digital social networks,2018,2018-05-18,Camille Grangé|Izak Benbasat,HEC Montréal|University of British Columbia,CA|CA,32,NOT Open Access,,opinion seeking|electronic word of mouth|social networking sites|social capital|exploitation and exploration|online shopping|restaurant reviews|Facebook|social network theory,Digital Marketing and Social Media,Sociology and Political Science,Social Sciences,Social Sciences
https://doi.org/10.1080/0960085x.2020.1728200,The complementarity of autonomy and control in mobile work,2020,2020-02-27,Amanda J. Porter|Bart van den Hooff,Vrije Universiteit Amsterdam,NL|NL,32,Open Access,"In this paper, we investigate how the use of mobile technologies contributes to the emergence of a complementary control system, in which both employee autonomy and management control are enhanced. We apply an affordance lens to understand the affordances (and constraints) for complementary control that emerge in the use of mobile technologies by both employees and managers. Based on a qualitative case study of the implementation and use of a mobile Sales Force Automation tool at a multinational company, we identify three informational affordances for control and analyse how these were actualised to enhance both management control and employee autonomy. Our study contributes to extant literature on the relation between mobile technologies and autonomy and control by showing the central role of mobile technologies’ affordances in redistributing informational demands and benefits of control in the interaction between managers, employees, and mobile devices.",mobile technology|employee autonomy|management control|complementary control|affordances|sales automation|mobile work,Information Systems Theories and Implementation,Sociology and Political Science,Social Sciences,Social Sciences
https://doi.org/10.1080/0960085x.2020.1860656,Transformative rare events: Leveraging digital affordance actualisation,2021,2021-01-05,Stefan Henningsson|William J. Kettinger|Chen Guang Zhang|Nageswaran Vaidyanathan,Copenhagen Business School|Clemson University|University of Memphis,DK|US|US|DK,32,Open Access,"This paper conceptualises the COVID-19 pandemic as a “rare event.” Rare events channel managerial attention to magnified issues and foster resource mobilisation and learning. We draw on a case study of a US consumer lender to develop a model explaining how organisations actualise digital affordances as part of their rare event response and, in doing so, leverage the transformative experience towards establishing a “new normal.” The model and its instantiation contribute conceptual understanding and advice for how IS managers may effectively address rare events and, in particular, the COVID-19 pandemic, including the aftermath of its lockdown and the transition to the new business status quo. The model emphasises the importance of understanding the evolution of digital affordances as possessing teleological paths where affordances are developed in steps corresponding to where an organisation focuses its managerial attention, with indirect consequences of possibilities to attend to other objectives enabled by digital technologies. Overall, the model contributes to theory by explaining the role of rare events in the evolution of affordances, including some that can be transformative and introducing the rare events literature into the IS discipline.",rare events|digital affordances|COVID-19 pandemic|consumer credit|new normal|managerial attention|resource mobilization|organizational learning|information systems management|transformative change,Information Systems Theories and Implementation,Sociology and Political Science,Social Sciences,Social Sciences
https://doi.org/10.1080/0960085x.2022.2027824,Digital-enabled strategic agility: it’s time we examine the sensing of weak signals,2022,2022-01-22,Alain Pinsonneault|Inmyung Choi,McGill University|Texas Tech University,CA|US,32,NOT Open Access,,strategic agility|weak signals|sensing|digital technologies|social network theory,Information Technology Governance and Strategy,Management Information Systems,"Business, Management and Accounting",Social Sciences
https://doi.org/10.1057/ejis.2010.26,Using the theory of the professions to understand the IS identity crisis,2010,2010-05-04,Mark John Somers,"Rutgers, The State University of New Jersey|New Jersey Institute of Technology",US,31,NOT Open Access,,information systems discipline|identity crisis|academic information system|professionalization|disciplinary boundaries,Information Systems Theories and Implementation,Sociology and Political Science,Social Sciences,Social Sciences
https://doi.org/10.1057/ejis.2010.9,Evaluating cross-organizational impacts of information technology – an empirical analysis,2010,2010-03-02,Rajiv D. Banker|Hsihui Chang|Yi-Ching Kao,Temple University|Drexel University|University of Colorado Denver,US|US|US,31,NOT Open Access,,IT investment|production costs|public accounting firms|audit engagement|IT complexity|cybersecurity|IT documentation|product pricing,Outsourcing and Supply Chain Management,Management Information Systems,"Business, Management and Accounting",Social Sciences
https://doi.org/10.1057/ejis.2014.37,Challenges in learning and improving continuously,2015,2015-01-01,Dov Te’eni,,,31,NOT Open Access,,journal improvement|scholarly publishing,Publishing and Scholarly Communication,History and Philosophy of Science,Arts and Humanities,Social Sciences
https://doi.org/10.1057/ejis.2015.7,Cross-cultural IS research: perspectives from Eastern and Western traditions,2015,2015-05-01,Merrill E. Warkentin|Brigitte Charles‐Pauvers|Patrick Y.K. Chau,Mississippi State University|Laboratoire d'Economie et de Management de Nantes Atlantique|Nantes Université,US|FR|US|US,31,Open Access,"Information systems (IS) and IS research have been transformed by the globalization of organizations, of IT processes, and of perspectives on IT phenomena. China and other Eastern cultures are cont...",cross-cultural research|information systems research|Eastern and Western traditions|globalization|China,Information Systems Theories and Implementation,Sociology and Political Science,Social Sciences,Social Sciences
https://doi.org/10.1057/s41303-017-0053-2,The role of context in IT assimilation: A multi-method study of a SaaS platform in the US nonprofit sector,2017,2017-05-11,Ryan T. Wright|Nicholas Roberts|David Wilson,University of Virginia|Colorado State University|University of Oklahoma,US|US|US,31,NOT Open Access,,software as a service|nonprofit organizations|technology adoption|organizational readiness|top management participation,Technology Adoption and User Behaviour,Information Systems and Management,Decision Sciences,Social Sciences
https://doi.org/10.1057/s41303-017-0051-4,Alternative genres in information systems research,2017,2017-05-01,Michel Avital|Lars Mathiassen|Ulrike Schultze,Copenhagen Business School|Georgia State University|Southern Methodist University,DK|US|US,31,Open Access,"In this special issue, we advocate a critical stance toward the presentational conventions that we – as authors, reviewers, and editors – accept as the academic article genre. We seek to highlight and illustrate the generative capacity and the significant role of genres in the production of knowledge. Furthermore, we wish to encourage Information Systems (IS) scholars to leverage a wider array of alternative genres to present their research in order to develop new insights on subject matters of interest to the IS discipline, as well as expand on how contemporary and emergent phenomena of interest are conceived and studied. Adopting a broad view of alternative genres, we solicited articles that apply unconventional presentational modalities to expand or challenge the prevailing modus operandi of communicating IS scholarship and practice. Six articles survived a rather lengthy and challenging review process. We briefly discuss the nature of the academic article genre and the role of alternative ways of writing. We also introduce the six exemplars of alternative genres in the special issue, namely conversation, French new novel, meditation, memoir, allegory, and crowdsourced research. We highlight key insights and contemplate their implications for current and future IS research.",information systems research|conversation|French new novel|meditation|memoirs|allegory|crowdsourced research|knowledge production,Information Systems Theories and Implementation,Sociology and Political Science,Social Sciences,Social Sciences
https://doi.org/10.1080/0960085x.2018.1527189,Elaborating ADR while drifting away from its essence: A commentary on Mullarkey and Hevner,2018,2018-10-01,Maung Kyaw Sein|Matti Rossi,Luleå University of Technology|University of Agder|Aalto University,NO|SE|FI,31,Open Access,"In their insightful critique of Action Design Research, Hevner and Mullarkey (this issue) proposed an enhancement of ADR by juxtaposing concepts from a well cited framework of Design Science Research (DSR) developed by Peffers et al. (2007). In this commentary, we argue that while we agree with some of their elaborations, such as unpacking the specific stages of ADR to make them more transparent and accessible and incorporating formalization of learning in every stage, we also disagree with Hevner and Mullarkey on two key areas. The first is depicting multiple different entry points to an ADR project, which goes against the essential spirit of ADR’s single entry point, problem formulation. More importantly, in juxtaposing the Peffers et al. framework of DSR on to ADR, they are combining two approaches that are epistemologically incommensurate. Peffers et al. take a deductive design approach while ADR employs principally an inductive epistemology by giving primacy to the guided emergence of the artifact. In spite of our disagreements, we conclude that both approaches are premised upon pragmatism where researchers are guided more by utility and usefulness rather than an abstract notion of truth. Our disagreements are essential characteristics of a healthy academic discourse.",action design research|design science research|problem formulation|pragmatism|research methodology critique,Information Systems Theories and Implementation,Sociology and Political Science,Social Sciences,Social Sciences
https://doi.org/10.1080/0960085x.2020.1718008,The impact of control styles and control modes on individual-level outcomes: a first test of the integrated IS project control theory,2020,2020-02-10,Ulrich Remus|Martin J. Wiener|Carol Saunders|Magnus Mähring,Universität Innsbruck|Technische Universität Dresden|University of South Florida|Stockholm School of Economics,AT|DE|US|SE,31,Open Access,"While IS development (ISD) projects are essential for deploying digital technologies in organisations, they are notoriously challenging to control and complete successfully. Prior ISD project control research mostly conceptualises control activities in terms of formal and informal control modes and frequently focuses on performance effects at the project level. We argue that new insight can be gained by moving beyond these conventions to include control enactment as well as individual-level control effects. In this study, we present new findings that could precipitate a change in how researchers think about, and practitioners exercise, control in ISD projects. Specifically, we provide a first test of the recently proposed Integrated IS Project Control Theory by analysing the impacts of control modes (what) and control styles (how) on project team members’ task performance and job satisfaction. Employing data from 171 ISD projects, we find significant support for this theory by confirming the positive impact of an enabling control style on both task performance and job satisfaction, and by demonstrating that control style is more important than control modes in explaining individual-level control effects. Further, the results of a post-hoc analysis suggest complex interaction effects between an enabling control style and formal controls.",control style|control modes|formal control|informal social control|task performance|job satisfaction|project team members|information systems development projects,Software Engineering Techniques and Practices,Information Systems,Computer Science,Physical Sciences
https://doi.org/10.1080/0960085x.2023.2224973,Affective information processing of fake news: evidence from NeuroIS,2023,2023-06-19,Bernhard Lutz|Marc T. P. Adam|Stefan Feuerriegel|Nicolas Pröllochs|Dirk Neumann,University of Freiburg|University of Newcastle Australia|Ludwig-Maximilians-Universität München|Justus-Liebig-Universität Gießen,DE|AU|DE|DE|DE,31,NOT Open Access,,fake news|emotional processing|cognitive dissonance theory|heart rate variability|eye tracking|fixation duration|misinformation detection|NeuroIS,Misinformation and Its Impacts,Sociology and Political Science,Social Sciences,Social Sciences
https://doi.org/10.1057/ejis.2014.12,Changing information retrieval behaviours: an empirical investigation of users’ cognitive processes in the choice of location-based services,2014,2014-05-20,Ioanna Constantiou|Christiane Lehrer|Thomas H. Hess,Copenhagen Business School|Ludwig-Maximilians-Universität München,DK|DE|DE,30,NOT Open Access,,location-based services|behavioral decision making|cognitive processes|smartphone users|heuristics|mobile data services,Technology Adoption and User Behaviour,Information Systems and Management,Decision Sciences,Social Sciences
https://doi.org/10.1057/ejis.2014.34,Economic decision criteria for the migration to cloud storage,2014,2014-09-30,Maurizio Naldi|Loretta Mastroeni,University of Rome Tor Vergata|Roma Tre University,IT|IT,30,NOT Open Access,,net present value|memory requirements|risk measures|insurance pricing|real options|decision criteria|hedging,Cloud Computing and Resource Management,Information Systems,Computer Science,Physical Sciences
https://doi.org/10.1080/0960085x.2018.1473932,From sovereign IT governance to liberal IT governmentality? A Foucauldian analogy,2018,2018-05-04,Aurélie Leclercq‐Vandelannoitte|Emmanuel Bertin,Centre National de la Recherche Scientifique|Lille Économie Management|Orange (France),FR|FR,30,Open Access,"Changes in the technological and societal environments that surround organisations have disrupted the classic governance frameworks that corporate and information technology (IT) managers have designed to align IT uses with organisational missions, strategy, and values. The formerly “sovereign territory” of IT departments has been invaded, jeopardised by the autonomy of individual users and the changing nature of IT. Thus questions of IT governance in the age of IT consumerisation are highly critical. In response, this theoretical article introduces an alternative approach, relying on the philosophy of Michel Foucault and his concept of governmentality. The proposed liberal model of IT governance provides a sound foundation to address the challenges associated with modern technological and societal environments in which today’s organisations must evolve. The inferences and analytic implications related to this new liberal model of IT governance lead to the development of a set of governance principles and propositions to guide practice and further research.",IT governance|governmentality|Michel Foucault|user autonomy|governance principles|information technology management,Information Technology Governance and Strategy,Management Information Systems,"Business, Management and Accounting",Social Sciences
https://doi.org/10.1080/0960085x.2018.1445461,An information system design theory for the comparative judgement of competences,2018,2018-03-04,Tanguy Coenen|Liesje Coertjens|Peter Vlerick|Marije Lesterhuis|Anneleen Viona Mortier|Vincent Donche|Pieter Ballon|Sven De Mæyer,Vrije Universiteit Brussel|IMEC|UCLouvain|Ghent University|University of Antwerp,BE|BE|BE|BE|BE|BE|BE|BE,29,NOT Open Access,,competency assessment|design principles|learning support|system requirements|prototype system,Competency Development and Evaluation,Social Psychology,Psychology,Social Sciences
https://doi.org/10.1080/0960085x.2020.1814681,Containing COVID-19 through physical distancing: the impact of real-time crowding information,2020,2020-09-02,Martin Adam|Dominick Werner|Charlotte Wendt|Alexander Benlian,Technische Universität Darmstadt,DE|DE|DE|DE,29,Open Access,"With the rise of COVID-19, decision support systems (DSS) increasingly display crowding information (CI) (e.g. how crowded a medical practice is) to encourage physical distancing when users select locations. Despite important implications for containing COVID-19, little is known about the causal effect of CI on user selection behaviour and how the immediacy of CI (e.g. “updated 2 minutes ago“) as well as users’ health anxiety further influence the effect of CI. Drawing on literature on digital choice environments and construal level theory, we conducted a multi-national online experiment to investigate the effect of CI on selecting differently crowded medical practices. Our results demonstrate that present (vs. absent) CI in DSS increases the likelihood of users selecting less crowded medical practices, while the effect is strongest when employed with real-time (vs. historical average) CI and, surprisingly, when users’ health anxiety is low (vs. high). Overall, our study adds to the growing body of research on IS in the age of pandemics and provides actionable insights for DSS providers and policymakers to endow users with information to identify and select less crowded locations, thus containing COVID-19 through improved physical distancing without paternalistically restricting users’ freedom of choice.",COVID-19 pandemic|social distancing|real-time information|decision support system|location choice|health anxiety|construal level theory|pandemic containment|paternalism,Communication and COVID-19 Impact,Communication,Social Sciences,Social Sciences
https://doi.org/10.1057/s41303-016-0030-1,Modeling interferences in information systems design for cyberphysical systems: Insights from a smart grid application,2017,2017-04-12,Tobias Brandt|Stefan Feuerriegel|Dirk Neumann,Erasmus University Rotterdam|University of Freiburg,NL|DE|DE,28,Open Access,"In this paper, we analyze possible interferences that occur when developing information systems for cyberphysical systems – hybrids containing legacy technical components and added IT modules. In particular, the enhancement of electricity systems through IT components, resulting in smart grid and smart home solutions, is experiencing increasing adoption rates in advanced and developing countries alike. Due to the substantial interdependence with and reliance on often decades-old legacy infrastructure, these cyberphysical systems present particular opportunities and challenges for the associated information systems. We propose that one channel through which information systems improve cyberphysical systems is by enhancing the components of the legacy system with new features. Introducing the Design–Interference Model, we conceptualize IS design for cyberphysical systems and outline possible obstacles and interferences associated with it. Using a simulation experiment for a smart grid application as a showcase, we derive insights into how to address these challenges. We condense these results into actionable advice that, first, seeks to validate existing guidelines for design-oriented research, second, extends and focuses them on cyberphysical system applications and, third, provides guidance to researchers and practitioners in this increasingly relevant area of information system development.",cyber-physical systems|information system design|legacy systems|smart grid|home automation|IT integration|design-oriented research|design guidelines|simulation experiments,Information Systems Theories and Implementation,Sociology and Political Science,Social Sciences,Social Sciences
https://doi.org/10.1080/0960085x.2018.1524417,A generic cloud migration process model,2018,2018-10-14,Mahdi Fahmideh|Farhad Daneshgar|Fethi Rabhi|Ghassan Beydoun,UNSW Sydney|S P Jain School of Global Management|University of Technology Sydney,AU|AU|AU|AU,28,Open Access,"The cloud computing literature provides various ways to utilise cloud services, each with a different viewpoint and focus and mostly using heterogeneous technical-centric terms. This hinders efficient and consistent knowledge flow across the community. Little, if any, research has aimed on developing an integrated process model which captures core domain concepts and ties them together to provide an overarching view of migrating legacy systems to cloud platforms that is customisable for a given context. We adopt design science research guidelines in which we use a metamodeling approach to develop a generic process model and then evaluate and refine the model through three case studies and domain expert reviews. This research benefits academics and practitioners alike by underpinning a substrate for constructing, standardising, maintaining, and sharing bespoke cloud migration models that can be applied to given cloud adoption scenarios.",cloud migration|process model|legacy systems|cloud computing|metamodeling|generic model|cloud computing adoption|knowledge sharing|model standardization,Cloud Computing and Resource Management,Information Systems,Computer Science,Physical Sciences
https://doi.org/10.1080/0960085x.2019.1701956,"IT-based reminders for medication adherence: systematic review, taxonomy, framework and research directions",2019,2019-12-23,Neetu Singh|Upkar Varshney,University of Illinois at Springfield|Georgia State University,US|US,28,NOT Open Access,,medication adherence|health information systems|patient support interventions|research directions,Medication Adherence and Compliance,Family Practice,Medicine,Health Sciences
https://doi.org/10.1080/0960085x.2020.1782275,Effects of peers and network position on user participation in a firm-hosted software community: the moderating role of network centrality,2020,2020-07-23,Xiaolei Wang|Terence T. Ow|Luning Liu|Yuqiang Feng|Yuan Liang,Harbin Institute of Technology|Marquette University|,CN|US|CN|CN|,28,NOT Open Access,,user participation|developer communities|peer effects|network centrality|closeness centrality|betweenness centrality|source credibility|knowledge seeking|knowledge contribution|social influence|social capital theory|co-creation|online communities,Knowledge Management and Sharing,Communication,Social Sciences,Social Sciences
https://doi.org/10.1080/0960085x.2021.1978344,Beyond technical measures: a value-focused thinking appraisal of strategic drivers in improving information security policy compliance,2021,2021-09-21,Charlette Donalds|Corlane Barclay,University of the West Indies|,JM|,28,NOT Open Access,,information security policy|policy compliance|value-focused thinking|strategic drivers|developing countries|risk mitigation|security countermeasures|security strategy,Information and Cyber Security,Information Systems,Computer Science,Physical Sciences
https://doi.org/10.1080/0960085x.2022.2119172,Exploring physicians’ continuous use of clinical decision support systems,2022,2022-09-06,Mohamed Abouzahra|Dale Guenter|Joseph Tan,"California State University, Monterey Bay|McMaster University",US|CA|CA,28,NOT Open Access,,clinical decision support systems|physician behaviour|physician satisfaction|health information technology adoption|theoretical framework,Electronic Health Records Systems,Health Information Management,Health Professions,Health Sciences
https://doi.org/10.1080/0960085x.2018.1476015,Population targeted requirements acquisition,2018,2018-06-04,Tuure Tuunanen|Ken Peffers,"University of Jyväskylä|University of Nevada, Las Vegas",FI|US,27,NOT Open Access,,requirements acquisition|functional requirements|design principles|personal construct theory|diffusion of innovations|media richness|information system development,Software Engineering Techniques and Practices,Information Systems,Computer Science,Physical Sciences
https://doi.org/10.1080/0960085x.2018.1496882,A nomological network of customers’ privacy perceptions: linking artifact design to shopping efficiency,2018,2018-07-24,Hartmut Hoehle|John A. Aloysius|Soheil Goodarzi|Viswanath Venkatesh,University of Mannheim|University of Arkansas at Fayetteville,DE|US|US|US,27,Open Access,"The explosive growth of mobile devices and their widespread acceptance by customers along with the potential benefits of autoID technologies have prompted retailers to consider adoption of emerging technologies. Their motives are to enhance in-store customer shopping experience and to acquire an advantage in the competitive retail environment. Two interrelated issues nevertheless have been a hindrance: mobile shopping application usability and customers’ privacy concerns. Drawing on a recently developed conceptualisation of mobile application usability and the multidimensional developmental theory of privacy, we tackle these two issues. We theorise about the impact of artifact design on mobile application usability and the consequent impact of usability on customers’ privacy concerns and shopping efficiency. We tested our hypotheses in two retail store laboratory studies in which the participants were assigned to two different shopping tasks: general browsing (n = 194) and goal-directed shopping (n = 190). We found that adhering to mobile application usability principles could mitigate privacy concerns and consequently, improve shopping efficiency. Our findings suggest new avenues to alleviate customers’ privacy concerns using artifact design, thus complementing conventional approaches that focus on preventive measures to deal with the issue of privacy concerns.",software usability|artifact design|retail technology adoption|in-store shopping experience|privacy theory|mobile shopping,"Privacy, Security, and Data Protection",Sociology and Political Science,Social Sciences,Social Sciences
https://doi.org/10.1080/0960085x.2021.1980444,Can peers help reduce violations of information security policies? The role of peer monitoring,2021,2021-09-21,Adel Yazdanmehr|Jingguo Wang,Baruch College|City University of New York|The University of Texas at Arlington,US|US,26,NOT Open Access,,peer monitoring|information security policy|trust|collective responsibility|organizational information security|employee behavior|moderating effect of trust,Information and Cyber Security,Information Systems,Computer Science,Physical Sciences
https://doi.org/10.1080/0960085x.2022.2041371,Governing innovation platforms in multi-business organisations,2022,2022-03-07,Maximilian Schreieck|Manuel Wiesche|Helmut Krcmar,Technical University of Munich|University of Pennsylvania|TU Dortmund University,DE|US|DE|DE,26,Open Access,"Innovation platforms enable companies to create broad and dynamic portfolios of applications, which can be developed internally and externally. An increasing number of established companies from traditional industries have begun to explore the potential of innovation platforms. These companies are often organised as multi-business organisations (MBOs). When introducing innovation platforms, they face tensions between the corporate centre that runs such platforms and business units that develop applications on the platform. Established approaches to information technology (IT) governance in MBOs are ineffective in addressing these tensions because they focus on cross-business-unit synergies, rather than on innovation from business units. To explore this issue further, we conducted a longitudinal case study of an automotive manufacturer that introduced an innovation platform in its infotainment system. The company faced four tensions: rigidity, alteration, mistrust, and competition. To address these tensions, the company evolved its IT governance, allowing for more flexibility for business units, supporting their development efforts, and prioritising them over external complementors. The role of the corporate centre evolved from a gatekeeper to an enabler of innovation. Our findings link the literature on IT governance in MBOs with that of platform governance, providing insights into how MBOs benefit from innovation platforms.",innovation platforms|IT governance|platform governance|business units|car manufacturers|infotainment systems|rigidity|distrust|competition|organizational tensions,Information Technology Governance and Strategy,Management Information Systems,"Business, Management and Accounting",Social Sciences
https://doi.org/10.1080/0960085x.2022.2081096,Engaging with self-tracking applications: how do users respond to their performance data?,2022,2022-05-30,Ioanna Constantiou|Alivelu Manga Mukkamala|Mimmi Sjöklint|Matthias Trier,Copenhagen Business School|Paderborn University,DK|DK|DK|DE,26,Open Access,"Self-tracking devices and applications have become popular in recent years and changed user behaviour. Previous research has primarily focused on the adoption of self-tracking devices and their effects on self-assessment. As adoption increases, user engagement becomes prominent for the continuous use of the devices and the applications. In this study, we focus on user engagement with activity tracking applications, e.g., Fitbit Flex and Jawbone Up that offer data on user performance. We collected data from semi-structured interviews with 54 participants. We propose a process model comprising four stages which involve distinct user interactions with data: review, react, reflect, and respond. We advance research in this domain by the proposed process model that explicates user engagement in two cases: when the user encounters satisfactory or unsatisfactory results. In the latter case, we depict four response tactics when users are confronted with unsatisfactory results.",self-tracking|user engagement|performance data|process model|Fitbit|jaw bone|self-assessment,Innovative Human-Technology Interaction,Human-Computer Interaction,Computer Science,Physical Sciences
https://doi.org/10.1080/0960085x.2023.2174050,Lawfulness by design – development and evaluation of lawful design patterns to consider legal requirements,2023,2023-03-01,Ernestine Dickhaut|Andreas Janson|Matthias Söllner|Jan Marco Leimeister,University of Kassel|University of St.Gallen,DE|CH|DE|CH|DE,26,Open Access,"New political objectives, emerging regulatory regimes for the digital sphere, and higher penalties for violations have intensified the pressure to develop lawful IT artefacts. As the adaptation of existing IT artefacts to new regulations can be expensive and arduous, a more attractive approach would be to design IT artefacts lawfully from the beginning. A major challenge is that the law is generally technology-neutral, and lawful design requires legal expertise throughout the development, which is costly and time consuming due to communication challenges between legal experts and developers. One possible approach to proactively consider IT regulations in the systems development is design patterns that convey legal design knowledge and support developers in determining the appropriate design options. Consequently, we develop a framework for lawful design patterns and demonstrate their feasibility and advantages using the example of developing AI-based assistants and the regulation of the General Data Protection Regulation (GDPR). Using the design pattern framework, we develop design patterns for lawful AI-based assistants and evaluate them using (a) an experimental approach to show the usefulness of the patterns for developers and (b) rely on a legal simulation study to holistically evaluate how design patterns contribute to lawful IT.",design patterns|legal requirements|General Data Protection Regulation|legal simulation|law and technology|privacy regulation|AI regulation,"Digitalization, Law, and Regulation",Law,Social Sciences,Social Sciences
https://doi.org/10.1057/ejis.2012.11,Understanding overbidding behavior in C2C auctions: an escalation theory perspective,2012,2012-03-13,Sang Cheol Park|Mark Keil|Jong UK Kim|Gee‐Woo Bock,Georgia State University|Sungkyunkwan University,US|US|KR|KR,24,NOT Open Access,,overbidding|online auctions|sunk costs|self-justification|competition intensity|winner's curse,Auction Theory and Applications,Management Science and Operations Research,Decision Sciences,Social Sciences
https://doi.org/10.1080/0960085x.2020.1841573,When your data has COVID-19: how the changing context disrupts data collection and what to do about it,2020,2020-12-15,Barbara Prommegger|Jason Bennett Thatcher|Manuel Wiesche|Helmut Krcmar,Technical University of Munich|Temple University|TU Dortmund University,DE|US|DE|DE,24,Open Access,"Global crises, such as the COVID-19 pandemic, change the context for research and bring with them many professional challenges for IS researchers – not the least of which is disrupting carefully thought-out data collection efforts. In this confessional tale, we describe how moving from an “open research ecosystem” to a “socially distanced research ecosystem” has affected a long-planned data collection effort. While government orders to socially distance and physically isolate may have made the world “stand still” for some, we found that these orders had dynamic and consequential effects for our in-process research. Against the backdrop of significant threats posed by the contextual change to our data collection, we explain how the crisis also opened up opportunities to invigorate our understanding of how the environment affects how we conduct research. We conclude our tale with guidelines for how to successfully respond when your research is interrupted by a change of context.",COVID-19 pandemic|research disruption|data collection|research guidelines,Focus Groups and Qualitative Methods,Sociology and Political Science,Social Sciences,Social Sciences
https://doi.org/10.1080/0960085x.2021.1927866,Enhancing users’ security engagement through cultivating commitment: the role of psychological needs fulfilment,2021,2021-05-27,Joshua M. Davis|Deepti Agrawal|Xiang Guo,,||,24,Open Access,"Employee behaviour is fundamental to corporate information security (InfoSec) capabilities across the phases of prevention, detection, and response. Unfortunately, despite over a decade of research on the topic, the human aspect of security remains the most vulnerable in many companies today, often rooted in employee disinterest. Two traditions within the InfoSec research that may contribute to this disconnect are 1) emphasis on extrinsic manipulation of behaviour versus cultivation of internalised commitment to organisational InfoSec and 2) emphasis on isolated activities over more integrated perspectives of security behaviour. Addressing these gaps, the current study examines end user InfoSec behaviour through a distinct internal motivational lens. Rooted in Self-Determination Theory, a research model is introduced that highlights workplace factors which drive end users’ internalised commitment to organisational InfoSec by fulfiling fundamental psychological needs (autonomy, competence, and relatedness) within this context. Commitment, which captures internally regulated motivation to contribute to organisational InfoSec performance, is then positioned as a driver of intention to engage in various security behaviours. Overall, the results support the study’s hypotheses and underscore the important roles perceived behavioural control, IT competence, and user-IS department relations have on commitment to organisational InfoSec and resultant behavioural outcomes.",self-determination theory|intrinsic motivation|autonomy|competence|relatedness|perceived behavioral control|IT competence,Information and Cyber Security,Information Systems,Computer Science,Physical Sciences
https://doi.org/10.1080/0960085x.2021.1978340,In-betweenness in ICT4D research: critically examining the role of the researcher,2021,2021-09-22,Andrea Jiménez|Pamela Y. Abbott|Salihu Ibrahim Dasuki,University of Sheffield,GB|GB|GB,24,Open Access,"The ICT4D discipline has faced criticisms of an uneven production of knowledge that reinforces a dichotomy between Global North-Western knowledge systems on the one side, and Global South-indigenous-Southern knowledge systems on the other. As a result, some ICT4D literature has examined the role of the researcher in reinforcing these biases and further exacerbating inequalities, thus highlighting the complex relationship between ICT4D researchers and the research process. Yet, most of this literature has focused on an insider/outsider researcher positionality. This paper explores the role of the researcher from the alternative position of in-betweenness, where researchers adopt more fluid and dynamic positions as reflexive spaces. To do this, we engage in a dialogical process of retrospective reflections based on ICT4D projects in Nigeria, Peru and West Africa. Through these cases, we identify how we experience in-betweenness in distinct ways: as liminal spaces, as performative spaces, and as spaces of disjuncture. We also examine how these forms of in-betweenness informed our research. We demonstrate that a researcher positionality of in-betweenness in ICT4D research can increase awareness of nuanced researcher roles and potentially avoid ethical dilemmas and reproducing biases.",ICT4D|researcher positionality|in-betweenness|liminality|reflexivity|knowledge production|indigenous knowledge|researcher ethics|performative space|disjuncture|retrospective reflection,Qualitative Research Methods and Ethics,Sociology and Political Science,Social Sciences,Social Sciences
https://doi.org/10.1080/0960085x.2023.2165978,Digital transformation of professional healthcare practices: fitness seeking across a rugged value landscape,2023,2023-01-28,Roxana Ologeanu‐Taddei|Cameron H. Guthrie|Tina Blegind Jensen,TBS Education|Copenhagen Business School,FR|FR|DK,24,Open Access,"Digital transformation (DT) is typically described as a strategic, top-down initiative where new digital technologies fundamentally disrupt an organisation’s structure, procedures, and processes to enhance its value proposition. We propose a middle-range theory which highlights that DT of professional practices in healthcare follows a different path. To build this theory, we transpose the metaphor of a “fitness landscape” from evolutionary biology to a professional healthcare context to build an intermediate conceptualisation, which is then refined through an empirical study. Our theory highlights that external events, such as the COVID-19 pandemic, changing patient behaviours or the availability of new digital resources, transform the “value landscape” upon which healthcare professionals create and deliver healthcare services to patients. Empowered by their professional autonomy and driven by their service orientation, healthcare professionals search for new paths and peaks for value creation and delivery across a rugged landscape. As digital resources are leveraged, new value propositions in practice emerge, and professional healthcare practices are digitally transformed.",digital transformation|rugged fitness landscapes|value creation|value proposition|healthcare workers|professional autonomy|service orientation|COVID-19 pandemic|patient behavior change|electronic resources|middle-range theory,Digital Innovation in Industries,Management of Technology and Innovation,"Business, Management and Accounting",Social Sciences
https://doi.org/10.1080/0960085x.2020.1793696,Using susceptibility claims to motivate behaviour change in IT security,2020,2020-07-21,Matthew L. Jensen|Alexandra Durcikova|Ryan T. Wright,University of Oklahoma|University of Virginia,US|US|US,23,NOT Open Access,,security education and training|security awareness|social judgment theory|phishing|password cracking|attitude change|security risks,Information and Cyber Security,Information Systems,Computer Science,Physical Sciences
https://doi.org/10.1080/0960085x.2020.1866442,The online community knowledge flows: distance and direction,2021,2021-01-17,Hajar Mozaffar|Niki Panteli,University of Edinburgh|Royal Holloway University of London,GB|GB,22,Open Access,"Whilst the role of online communities (OCs) in knowledge exchange and generation has been widely discussed, limited research exists on the distance and direction of OC knowledge flows. In this paper, we examine this issue by taking the case of an industry-founded OC that rendered around the use of a specific Enterprise Resource Planning (ERP) module used by public sector organisations. Through a grounded analysis approach, we extend literature on OCs by identifying user-generated practices that enable knowledge flows in the online space as well as by examining the travels of these knowledge flows, taking particular account of the distance they cover and the direction they take. Findings point to within, outwards and inwards travels of OC-related knowledge flows showing a widely spread OC knowledge impact. The theoretical and practical implications of the study are discussed.",online communities|knowledge flows|knowledge sharing|knowledge production|knowledge distance|enterprise resource planning|ERP modules|public sector organizations,Knowledge Management and Sharing,Communication,Social Sciences,Social Sciences
https://doi.org/10.1080/0960085x.2022.2096491,Continuous improvement of information security management: an organisational learning perspective,2022,2022-07-14,Fereshteh Ghahramani|Adel Yazdanmehr|Daniel Chen|Jingguo Wang,DePaul University|Baruch College|City University of New York|Texas Christian University|The University of Texas at Arlington,US|US|US|US,22,NOT Open Access,,information security management|continuous improvement|organizational learning|absorptive capacity|dynamic capabilities|adaptability|competitive pressure|information security threats|mediating effect,Information and Cyber Security,Information Systems,Computer Science,Physical Sciences
https://doi.org/10.1080/0960085x.2021.1924088,Memoirs from Bukhalalire: a poetic inquiry into the lived experience of M-PESA mobile money usage in rural Kenya,2021,2021-06-14,Neil Kenneth McBride|Samuel Liyala,De Montfort University|Jaramogi Oginga Odinga University of Science and Technology,GB|KE,21,NOT Open Access,,M-Pesa|mobile money|rural Kenya|rural poverty|lived experience|financial inclusion|women's empowerment|social identity|access to education|unbanked populations|Busia County,Microfinance and Financial Inclusion,Economics and Econometrics,"Economics, Econometrics and Finance",Social Sciences
https://doi.org/10.1080/0960085x.2022.2085200,Strategic alignment of enterprise architecture management – how portfolios of control mechanisms track a decade of enterprise transformation at Commerzbank,2022,2022-07-08,Jannis Beese|Kazem Haki|Raphael David Schilling|Martin Kraus|Stephan Aier|Robert Winter,University of St.Gallen|HES-SO Genève|Migros (Switzerland)|Fraport (Germany),CH|CH|CH|DE|CH|CH,21,Open Access,"Enterprise architecture management (EAM) is commonly employed by large organisations to coordinate local information system development efforts in line with organisation-wide strategic objectives while simultaneously avoiding redundancies and inconsistencies. Even though EAM tools and processes have become increasingly mature over the past decade, many organisations still struggle to generate impact from their EAM initiatives. To this end, we describe how enterprise architects at Commerzbank, a major international bank, employed a control mechanism portfolio perspective to more effectively anchor EAM within the organisation. This approach allows to purposefully combine a wide range of different formal and informal EAM control mechanisms, thereby going beyond the formal, top-down driven mechanisms predominantly discussed in EAM literature. Furthermore, such EAM control mechanism portfolios provide an effective means to purposefully realign EAM in reaction to major strategic shifts. The application of this perspective is demonstrated by tracing the evolution of EAM at Commerzbank for more than a decade (2008 to 2018) through a turbulent and challenging competitive environment, resulting in several major strategic realignments that required corresponding adjustments in EAM. We believe that such consciously designed and diversified EAM control mechanism portfolios also provide a useful means for other large organisations to more effectively conduct EAM.",enterprise architecture management|control mechanisms|strategic alignment|business transformation|strategic realignment|formal and informal control|information system development|banking sector|Commerzbank|organizational change,Information Technology Governance and Strategy,Management Information Systems,"Business, Management and Accounting",Social Sciences
https://doi.org/10.1080/0960085x.2023.2290270,The role of managerial activities in achieving Information technology ambidexterity and new product development performance in small and medium-sized enterprises,2023,2023-12-05,Tahir Abbas Syed|Constantin Blome|Jose Benitez|Θάνος Παπαδόπουλος,University of Manchester|Lancaster University|Kent State University|University of Kent,GB|GB|US|GB,21,Open Access,"Given their limited portfolio of resources, small and medium-sized enterprises (SMEs) have to manage information technology (IT) exploitation and exploration at the same time to support a major shift in their product focus while maintaining their current array of products. We theorise that SMEs rely on managerial activities to enable IT ambidexterity to enhance the performance of their new product development (NPD). To this end, we hypothesise and test the relationships between managerial activities, IT ambidexterity, and NPD performance. Using multiple respondent data from 292 high-tech SMEs, we find that managerial activities enable IT ambidexterity, and this relationship is moderated by structural configurations. Considering the NPD management challenges ushered in by the digital era, our findings identify IT ambidexterity as a key mechanism to enhance NPD performance in SMEs. Our results contribute novel insights into the effective role of managerial activities in SMEs and help to explain the role of IT ambidexterity in the NPD literature, thereby facilitating continued theory development in this field of research.",management activity|new product development performance|small and medium-sized enterprises|structural configuration|high-tech SMEs|digital transformation,Innovation and Knowledge Management,Strategy and Management,"Business, Management and Accounting",Social Sciences
https://doi.org/10.1080/0960085x.2021.1946442,Socially responsible design science in information systems for sustainable development: a critical research methodology,2021,2021-07-21,Mike Monson,University of Twente,NL,20,Open Access,"This study presents an Information Systems (IS) research methodology for the conduct of critical research into sustainable development that encompasses the objectives of socially inclusive and environmentally sustainable economic growth. The specific context is the application of critical research in the problem definition phase of IS Design Science Research for sustainable development. The paper guides IS research through problem scenarios of unsustainable development where power can distort truth and corrupt the public discourse in the furtherance of their ambitions. The methodology provides a structured approach to engage in inquiry of topics which are by their nature, deceptive and opaque. The methodology enables research inquiry encompassing societal topics, macro-social issues related to sustainable development and the application of nomothetic inquiry to address systemic problems. The paper concludes with illustrative examples of outcomes from the application of the prescribed methodology. The study provides an IS response to systemic social and environmental challenges by identifying the routes to transformation which in turn inform the design of IS solutions. Consequently, the study lays a foundation for IS engagement in socially responsible design science research.",design science research|sustainable development|socially responsible research|critical research methodology|problem formulation|environmental sustainability|public discourse,Information Systems Theories and Implementation,Sociology and Political Science,Social Sciences,Social Sciences
https://doi.org/10.1080/0960085x.2021.1977728,Control-style ambidexterity and information systems project performance: an expanded view of control activities,2021,2021-09-17,Tahir Abbas Syed|Martin J. Wiener|Fahad Mehmood|Mahmoud Abdelrahman,University of Manchester|Technische Universität Dresden|University of Dubai|Zagazig University|Newcastle University,GB|DE|AE|EG|GB,20,Open Access,"Information systems (IS) projects represent key building blocks of large-scale digital transformation and innovation initiatives. As a result, IS projects have become increasingly ambitious in terms of both goals and scale, making it even more challenging for managers to exercise control over such projects. While prior research focused primarily on the direct and interactive effects of formal and informal control modes on IS project performance, recent research directs attention to the importance of considering project managers’ control styles (i.e., how managers interact with controlees to enact controls). Corresponding studies also indicate that “either/or” control approaches – as opposed to “both/and” approaches – are no longer viable in today’s complex environment. As such, our study draws on an ambidexterity perspective to theoretically develop and empirically test the direct and interactive effects of control-style ambidexterity on IS project performance. Using matched-pair data from 146 IS projects (from 146 high-tech firms), we find that control-style ambidexterity improves project performance – directly and in combination with both formal and informal control. The study results contribute novel insights regarding the effective control of IS projects in the digital era and help explain mixed findings in prior literature, thereby facilitating continued theory development in the research area.",information systems projects|project performance|formal control|informal social control|project monitoring and control|digital transformation|high-tech enterprises,Accounting and Organizational Management,Management Information Systems,"Business, Management and Accounting",Social Sciences
https://doi.org/10.1080/0960085x.2021.2004939,Social Media-Enabled Customer Co-Creation Experience Value: Conceptualisation and Measurement,2021,2021-12-16,Hong Zhang|Patrick Y.K. Chau|Bin Wang|Xin Robert Luo,Wuhan University of Science and Technology|University of Nottingham Ningbo China|University of Nottingham|The University of Texas Rio Grande Valley|University of New Mexico,CN|CN|GB|US|US,19,NOT Open Access,,customer co-creation|experience value|social media|value co-creation|customer reviews|instrument development|nomological network|customer experience,Service and Product Innovation,Marketing,"Business, Management and Accounting",Social Sciences
https://doi.org/10.1080/0960085x.2022.2152743,Virtual collaboration as co-enacting intercorporeality,2022,2022-12-18,Simeon Vidolov,University College Dublin,IE,19,Open Access,"This paper draws on Merleau-Ponty’s perspective on intercorporeality to inquire into the role of the body in virtual collaboration. Merleau-Ponty redefines the human body beyond pure physicality, as material-semiotic processes between self and other. From this perspective, meaningful engagements are based on the intertwinement of bodily activities including gestures and displays. Drawing on a rich case of an exclusively virtual collaboration, this paper illuminates how bodily expressivity is rematerialised through digital technology. The findings show how distributed bodies pattern an intercorporeal armature constituted of processes of co-presencing, co-orienting, and co-investing. The paper problematises claims of virtual disembodiment and advances current understanding of how body and technology merge to make virtual collaboration possible. The rich empirical insights are synthesised into four main theoretical propositions that constitute a novel perspective on virtual intercorporeality. This perspective advances our understanding of virtual embodiment and elaborates the role of technology and language in the process of mutual attunement between bodies.",remote collaboration|intercorporeality|Merleau-Ponty|embodiment|virtual embodiment|gesture|language and technology,Virtual Reality Applications and Impacts,Human-Computer Interaction,Computer Science,Physical Sciences
https://doi.org/10.1080/0960085x.2023.2175474,Between scale and impact: member prototype ambiguity in digital transformation,2023,2023-02-22,Sirkka L. Järvenpää|Lisen Selander,The University of Texas at Austin|University of Gothenburg,US|SE,19,NOT Open Access,,digital transformation|social movement organizations|collective identity|Amnesty International|organizational growth|social impact,Management and Organizational Studies,Organizational Behavior and Human Resource Management,"Business, Management and Accounting",Social Sciences
https://doi.org/10.1080/0960085x.2021.1978343,How do technologists do “ICT for development”? A contextualised perspective on ICT4D in South Africa,2021,2021-10-06,Mumin Abubakre|Marcia Mkansi,Nottingham Trent University|University of South Africa,GB|ZA,18,Open Access,"We take a layered approach to contextualise Information Communication Technology for Development (ICT4D) to understand digital technologists’ motivations to implement technologies to address socio-economic issues based on their capabilities and kinship affiliations. We adopt an interpretive approach to conducting an inductive qualitative study of digital technologists based in South Africa. We propose three mechanisms (emotional connectedness, user-centred technologies, and symbiotic relations) through which digital technologists undertake ICT4D to exercise their agency and enhance the socio-economic well-being of disadvantaged members of society. Taking the kinship perspective and capability approach as underlying motivations for undertaking ICT4D projects allows us to contribute to the ICT4D literature.",ICT for development|capability approach|emotional connection|socio-economic well-being|disadvantaged communities|South Africa,ICT in Developing Communities,Information Systems,Computer Science,Physical Sciences
https://doi.org/10.1080/0960085x.2023.2270446,How can firms unlock successful implementation of digitalisation? Firm-level evidence from manufacturing companies,2023,2023-10-15,Lixu Li|Fei Ye|Paul Benjamin Lowry|Ajay Kumar,Xi'an University of Technology|South China University of Technology|Virginia Tech|École de management de Lyon,CN|CN|US|FR,18,Open Access,"Although starting the process of digitalisation is not difficult for many global companies, successful implementation of digitalisation is much more elusive. Our study thus addresses the following research question: How can companies manage and sustain the positive outcomes of digitalisation, particularly in a volatile environment? We developed a new framework based on dynamics capabilities theory. Through an investigation of 203 Chinese manufacturing companies that have achieved varying degrees of digitalisation, we found that two primary types of strategic flexibility – resource and coordination flexibility – fully mediated the positive relationship between digitalisation and firm performance. Moreover, market turbulence enhanced the positive mediation effects of strategic flexibility (i.e., resource and coordination flexibility) on the digitalisation – performance relationship. This result suggests that when a company faces a highly uncertain market environment but seeks to maintain the performance boost resulting from digitalisation, it needs to place increased emphasis on the flexibility with which it manages and updates its resource portfolios. Our proposed moderated-mediation mechanisms contribute to strategic IS research on digitalisation by elucidating how companies can manage and sustain successful digitalisation outcomes. Our findings also provide insights managers can use to unlock successful implementation of digitalisation.",digitalization|digital transformation implementation|firm performance|strategic flexibility|resource flexibility|coordination flexibility|market turbulence|moderated mediation|manufacturing companies|Chinese enterprises,Innovation and Knowledge Management,Strategy and Management,"Business, Management and Accounting",Social Sciences
https://doi.org/10.1080/0960085x.2023.2252390,Realising the potential of digital health communities: a study of the role of social factors in community engagement,2023,2023-09-13,Lemai Nguyen|Ojelanki K. Ngwenyama|Argho Bandyopadhyay|Kaushalya Nallaperuma,Deakin University|University of Cape Town|Toronto Metropolitan University|RMIT University|The University of Melbourne,AU|CA|ZA|AU|AU,17,Open Access,"Health and fitness communities in the digital age are of strategic importance to global health and wellbeing. Despite this, information systems (IS) research on digital health and fitness communities has not kept pace with societal needs. Using partial least squares analysis, this study examines a number of social factors to predict members’ continuance intention (CI) in digital health and fitness communities. The findings confirm that the social presence (SP) of the community, as perceived by a member, influences their sense of belonging (SB) to it. SP and SB influence the member’s emotional engagement (EE) and appreciation of being recognised (AR) by the community. Subsequently, EE and AR are found to influence CI to stick with the community. In addition, the social influence (SI) of one’s social circles influences AR and CI. Departing from the dominant approaches, this study advances IS research on digital communities by conceptualising and testing a model to predict CI according to social relational theories. The study offers new theoretical foundations, which are appropriate to digital communities, upon which future studies can be based. Further, the findings offer practical insights for improving engagement in digital health and fitness communities.",fitness communities|community participation|continuance intention|social presence|sense of belonging|emotional engagement|recognition|social influence|online communities,Knowledge Management and Sharing,Communication,Social Sciences,Social Sciences
https://doi.org/10.1080/0960085x.2023.2270462,Impact of social media technologies on new product development performance: theory and empirical evidence,2023,2023-10-20,Jose Benitez|Jéssica Braojos|Paul A. Pavlou|Francisco Javier Lloréns Montes,Kent State University|Universidad de Granada|University of Houston,US|ES|US|ES,17,Open Access,"In current unpredictable environments, it is essential to understand customers’ needs as quickly as possible. Social media platforms are important sources of knowledge and developing a social media capability is critical in quickly sensing customers’ requirements. Social media capability can enable firms to co-create internal knowledge between employees, functional departments, and business units and external knowledge with customers. Despite the potential of social media for innovation, prior research has not studied the internal processes that should be developed to manage and leverage the information obtained through social media. Drawing upon the IT-enabled organisational capabilities perspective and the social media affordances theory, this study proposes a research model on the impact of social media capability, social knowledge co-creation, and NPD dynamic capabilities on NPD performance. The research model was tested on a sample of large European firms using survey and secondary data. Results show that social media capability enhances NPD performance by enabling firms to co-create knowledge and developing NPD dynamic capabilities. This study contributes by: (1) operationalising and measuring social media capability and social knowledge co-creation; and (2) demonstrating how social media capability improves NPD performance by co-creating knowledge and developing NPD dynamic capabilities to develop new products.",social media capability|new product development performance|social media affordances|knowledge co-creation|innovation management,Innovation and Knowledge Management,Strategy and Management,"Business, Management and Accounting",Social Sciences
https://doi.org/10.1057/s41303-017-0034-5,Variable use of standards-based IOS enabling technologies in Australian SMEs: an examination of deliberate and emergent decision making processes,2017,2017-02-15,Damien Power|Richard L. Gruner,The University of Melbourne|The University of Western Australia,AU|AU,16,NOT Open Access,,interorganizational systems|small and medium-sized enterprises|technology adoption|deliberate decision-making|strategic change|managerial power|financial resources|organizational performance|Australian SMEs,ERP Systems Implementation and Impact,Management Information Systems,"Business, Management and Accounting",Social Sciences
https://doi.org/10.1080/0960085x.2022.2046516,The sustainability of open source commons,2022,2022-03-15,Daniel Curto-Millet|Alberto Corsín Jiménez,University of Gothenburg|Consejo Superior de Investigaciones Científicas,SE|ES,16,Open Access,"The sustainability of commons has benefited from Elinor Ostrom´s analysis of shared resources. In her work, sustainability was described in a univocal manner–successful or not–depending on the common’s long-term capacity to survive within an uncertain environment. In recent years, this view of sustainability has been applied to the study of digital commons, including open source. Building on more recent work on sustainability, this paper challenges this univocal conception of sustainability in open source. Through a critical review of the literature, it unveils the coexistence of multiple notions of sustainability in open source and proposes a typology of sustainabilities (resource-based, infrastructural, and interactional). We propose that the degree and quality of the interrelationship between these different types of sustainability need to be explored, leading to the theorisation of three possible scenarios (trade-offs, synergy, and independence). We discuss and put forward a research agenda.",open source software|digital commons|sustainability|Elinor Ostrom|commons governance|community resources,Open Source Software Innovations,Computer Science Applications,Computer Science,Physical Sciences
https://doi.org/10.1080/0960085x.2022.2088413,Digital nudging for technical debt management at Credit Suisse,2022,2022-07-21,Kazem Haki|Annamina Rieder|Lorena Buchmann|Alexander W. Schneider,HES-SO Genève|University of St.Gallen|Credit Suisse (Switzerland),CH|CH|CH|CH,16,Open Access,"Technical debt (TD) is a technical compromise wherein the ability to maintain information technology (IT) applications over the long term is sacrificed for short-term goals. TD occurs when software development teams undergo constant pressure to release applications swiftly, on a tight schedule. The accumulation of TD, which often leads to a significant cost surplus, presents a ubiquitous challenge in technology-driven organisations. To keep TD levels under control, many organisations implement top-down mechanisms that impose enterprise-wide principles on software development teams. This clinical research presents a complementary but distinct approach to managing TD. A digital nudge was introduced at Credit Suisse, a global financial services company, to help raise awareness and understanding, and stimulate actions related to TD decision-making in software development teams. This paper reports on the nudge’s clinical design, implementation, impact, and evaluation. As the nudge was effective in reducing TD in IT applications after one year of use, we demonstrate that digital nudges are viable means for guiding collective decisions in complex decision environments like that of TD management. Our findings have several implications for research and practice.",technical debt|digital nudging|nudging|software development teams|decision-making|group decision making|awareness raising|Credit Suisse|financial services firms,Software Engineering Techniques and Practices,Information Systems,Computer Science,Physical Sciences
https://doi.org/10.1080/0960085x.2022.2103044,Balancing information privacy and operational utility in healthcare: proposing a privacy impact assessment (PIA) framework,2022,2022-08-02,Rachida F. Parks|Rolf T. Wigand|Paul Benjamin Lowry,Quinnipiac University|Arizona State University|Virginia Tech,US|US|US,16,NOT Open Access,,privacy impact assessment|privacy-utility trade-off|privacy-preserving techniques|data breaches|privacy compliance|value-focused thinking|privacy decision-making|patient information protection|healthcare operations,Thoreau and American Literature,Information Systems,Computer Science,Physical Sciences
https://doi.org/10.1080/0960085x.2022.2110000,Shades of fake news: how fallacies influence consumers’ perception,2022,2022-08-11,Sven Beisecker|Christian Schlereth|Sebastian Hein,WHU – Otto Beisheim School of Management,DE|DE|DE,16,NOT Open Access,,fake news|logical fallacies|consumer perception|argumentation theory|source credibility|persuasion|deception detection,Misinformation and Its Impacts,Sociology and Political Science,Social Sciences,Social Sciences
https://doi.org/10.1080/0960085x.2024.2371813,Navigating role identity tensions — IT project managers’ identity work in agile information systems development,2024,2024-07-05,Lea Mueller|Gregor Albrecht|Jonas Toutaoui|Alexander Benlian|W. Alec Cram,Technische Universität Darmstadt|University of Waterloo,DE|DE|DE|DE|CA,16,Open Access,"While the management of traditional, plan-based information systems development (ISD) projects lies with the information technology project manager (ITPM), this role is challenged in agile ISD team settings, characterised by self-managed and autonomous teams. Driven by the potential for individual, project, and organisational benefits through a deeper comprehension of these challenges, our study draws upon role identity theories to uncover identity tensions that this role creates and ways in which ITPMs engage in identity work to resolve these tensions. We conducted an in-depth, qualitative study involving interviews with ITPMs operating within agile ISD teams embedded in traditionally-managed organisations. A central contribution of our paper lies in the development of a theoretical model that unpacks how ITPMs navigate identity work tensions by engaging in specific identity work activities. By revealing the interplay between ITPMs’ role identity tensions, identity work activities, and contextual factors, our study moves beyond purely descriptive accounts and offers a nuanced understanding of the emotional and behavioural dimensions of ITPMs in their liminal position. Additionally, our work underscores the pivotal role of ITPMs as boundary spanners, bridging the gap between traditional and agile governance structures to drive digital transformation. For practitioners, we provide agile ISD team design recommendations.",IT project managers|role identity|identity work|identity tensions|self-managing teams|boundary spanners|liminality|digital transformation|agile governance|team design,Software Engineering Techniques and Practices,Information Systems,Computer Science,Physical Sciences
https://doi.org/10.1080/0960085x.2022.2075801,Gender bias in IT entrepreneurship: the self-referential role of male overrepresentation in digital businesses,2022,2022-05-21,Sonja Sperber|Christian Linder,Vienna University of Economics and Business|SKEMA Business School|Université Côte d'Azur,AT|FR,15,Open Access,"Drawing on optimal distinctiveness theory and Jellinek’s concept of the Normative Force of the Factual, we provide an alternative explanation for how the normality of gender imbalance in IT-driven start-ups (i.e., the fact that there are far more men than women) becomes normativity (what everyone expects to see), and eventually an imperative for those desiring to enter the field. We uncover the process used to pressure female founders of IT start-ups into being like the prototypical actor, usually male, and how failing to do so reduces audience support. This process is self-referential and self-enforcing and thus detached from efforts to reduce hurdles and obstacles for female founders. Our article provides recommendations on how to break this self-referential cycle.",gender bias|IT entrepreneurship|women founders|optimal distinctiveness theory|audience support|e-commerce,Entrepreneurship Studies and Influences,Management of Technology and Innovation,"Business, Management and Accounting",Social Sciences
https://doi.org/10.1080/0960085x.2022.2096489,From broken habits to new intentions: how COVID-19 expands our knowledge on post-adoptive use behaviour of digital communication and collaboration,2022,2022-07-08,Manfred Schoch|Henner Gimpel|Andreas Maier|Kathrin Neumeier,University of Augsburg|University of Hohenheim|Fraunhofer Institute for Applied Information Technology,DE|DE|DE|DE,15,Open Access,"The COVID-19 pandemic has caused an unprecedented surge in digital communication and collaboration. While a rich body of knowledge exists on IS use, our understanding of changes in post-adoptive use behaviour regarding communication and collaboration is comparatively limited. Existing models assume decreasing growth rates over time and are not designed to capture spikes in use behaviour such as the one observed during the pandemic. In this mixed methods study, we propose a hybrid model of sensemaking and post-adoptive communication and collaboration use that explains changes in use behaviour and outlines the influence of external trigger events. Based on real-world data from MS Teams, we show that individual feature use varies over time, with an increasing growth rate triggered by COVID-19. To understand drivers for the heterogeneous changes, we further conduct qualitative interviews. We find habits were deliberately altered during COVID-19 and replaced with new intentions through sensemaking. We derive propositions that may encourage further research into the subject. Extended knowledge of post-adoptive behaviour and its triggers assists practitioners in adjusting to the new normal or reacting to new situations beyond COVID-19.",digital communication|groupware|COVID-19 pandemic|sensemaking|habit change|Microsoft Teams|new normal|user behavior change,Technology Adoption and User Behaviour,Information Systems and Management,Decision Sciences,Social Sciences
https://doi.org/10.1080/0960085x.2022.2104665,Do extraordinary claims require extraordinary evidence? Differential effect of trust cues on helpfulness by review extremity: an empirical study using big data,2022,2022-08-03,Hoon Seok Choi,Appalachian State University,US,15,NOT Open Access,,online reviews|review helpfulness|trust cues|confirmation bias|product attributes|search products|tangible products|Amazon,Digital Marketing and Social Media,Sociology and Political Science,Social Sciences,Social Sciences
https://doi.org/10.1080/0960085x.2024.2345867,Weathering the storm: examining how organisations navigate the sea of cybersecurity regulations,2024,2024-04-26,Jeffrey Gainer Proudfoot|W. Alec Cram|Stuart Madnick,Bentley University|Massachusetts Institute of Technology|University of Waterloo,US|CA|US,15,Open Access,"Governments around the world routinely regulate the activities of private enterprises to guide the behaviour of individuals and organisations towards acceptable norms. This holds true in a cybersecurity context. However, practitioners report that cybersecurity regulations are often out of date and compliance is confusing, expensive, and time consuming. As a result, organisational leaders are often uncertain about the practicalities of adopting and implementing the various rules, which can lead to trickle-down effects on the robustness of lower-level cybersecurity controls and compliance activities. In this research, we aim to clarify how cybersecurity regulations are operationalised in organisations, as well as reveal the compliance and performance consequences of cybersecurity regulations. To do so, we interviewed 22 senior leaders with expertise in cybersecurity regulations. Our analysis reveals 7 distinct themes (i.e., concept groupings) that are ordered within four phases (i.e., temporal stages), which we use to create the Institutional Cybersecurity Regulations Model (ICRM). The results provide a holistic view of the cybersecurity regulations process in organisations that can serve to clarify current theory relationships and inform future research. As well, the ICRM can provide a practical roadmap for managers to navigate regulatory cybersecurity challenges in their own companies.",cybersecurity regulation|regulatory compliance|institutional theory|regulatory implementation|cybersecurity controls|regulatory uncertainty|senior leaders|compliance costs,Information and Cyber Security,Information Systems,Computer Science,Physical Sciences
https://doi.org/10.1080/0960085x.2023.2210772,Towards a cybercontextual transmission model for online scamming,2023,2023-05-08,Alain Tambe Ebot|Mikko T. Siponen|Volkan Topalli,Baruch College|City University of New York|University of Jyväskylä|Georgia State University,US|FI|US,14,Open Access,"This study focuses on advance fee fraud (AFF) scamming, a specific form of online deception in which scammers rely on social engineering techniques to deceive individuals into making advance payments to them. Several industry and law enforcement reports have emphasised that AFF scamming is among the most pervasive forms of online social engineering attacks against consumers, organisations, and online users. Although AFF scamming has received significant attention worldwide, it remains an under-researched and poorly understood crime, and little work has focused on offenders. Although studies on online scammers have inferred that digital environment attributes influence online deception, few studies have empirically clarified how such contexts explain online scammers’ motivations. The present study was designed to explore the motivations and deceptive practices of modern-day AFF scammers by using data from scammers. The empirical results urge the adoption of a model for AFF scamming that conceptually builds on social learning theory (SLT)’s core concepts but functions differently from it, warranting a new IT-based conceptual model. Accordingly, our contributions identify and explain cybercontextual social learning attributes that influence AFF scamming and underscore how traditional criminological theories, such as SLT, cannot sufficiently account for online offences, such as AFF scamming. Consequently, we propose cybercontextual transmission model (CTM) as a reformulation of SLT. Additional theory and practice implications are discussed.",advance fee fraud|social learning theory|online deception|social engineering|cybercrime,Cybercrime and Law Enforcement Studies,Information Systems,Computer Science,Physical Sciences
https://doi.org/10.1080/0960085x.2024.2398600,Determinants of gamification effectiveness: perspectives of technology affordances and coping responses in the context of team-based gamified training,2024,2024-09-12,Asher John|Dong-Heon Kwak|Jose Benitez|Yu Zhao|Soomin Park,Kent State University|Lamar University|Howard University,US|US|US|US|US,14,NOT Open Access,,game-based training|gamification effectiveness|technology affordances|coping responses|task-oriented coping|emotion-focused coping|avoidance coping|enterprise resource planning|employee training,Educational Games and Gamification,Developmental and Educational Psychology,Psychology,Social Sciences
https://doi.org/10.1080/0960085x.2022.2137064,The creativity model of age and innovation with IT: why older users are less innovative and what to do about it,2022,2022-10-21,Stefan Tams|Alina Dulipovici,HEC Montréal,CA|CA,13,Open Access,"To realise the full potential of their information technology (IT) infrastructure, successful firms encourage users to innovate with IT. However, older users are much less innovative with IT than younger ones. This situation is alarming because the workforce is ageing rapidly at the very same time as organisational technologies are proliferating. Using the concepts of mediation and moderation, the present investigation proposes the creativity model of age and innovation with IT. This model postulates that the age differences in user innovation are due to age-related changes in the perceived ability to be creative with IT. It also postulates that the negative effect of age on user innovation can be mitigated by three factors: job control, IT support, and user enjoyment. Two studies were conducted to test the model. The first one was a large-scale survey of IT users who work with various technologies, and the second one was a more specific survey of knowledge workers who use electronic knowledge repositories. The results largely support the model. Thus the model provides a well-founded theoretical framework, not only for explaining why older users are less innovative with IT, but also for determining what managers and systems designers should do about it.",user innovation|age differences|older workers|information technology use|creativity|job control|IT support|user enjoyment|knowledge workers|aging workforce|mediating and moderating effects,Technology Use by Older Adults,Demography,Social Sciences,Social Sciences
https://doi.org/10.1080/0960085x.2024.2444249,Responsible social media use: how user characteristics shape the actualisation of ambiguous affordances,2024,2024-12-22,Raffaele Ciriello|Uri Gal|Oliver Hannon|Jason Bennett Thatcher,The University of Sydney|University of Colorado Boulder,AU|AU|AU|US,13,Open Access,"Social media’s dual role as a source of both societal benefits and harms poses significant challenges to its responsible use. While existing literature primarily focuses on organisational and regulatory responsibilities, it sometimes overlooks individual user responsibility. This paper develops a theoretical framework that suggests user characteristics – specifically, conscientiousness and moral tolerance – are key moderators in the responsible (or irresponsible) actualisation of social media’s ambiguous affordances. Grounded in virtue ethics, the framework maintains that four archetypal user characters – narcissist, dogmatist, nihilist, and altruist – shape how social media affordances are actualised. Our work contributes to the Information Systems (IS) literature by adding a nuanced understanding of how responsible use shapes and is shaped by social media users and the sociotechnical context. The framework offers a basis for future research to examine the interaction between user characteristics, affordance ambiguity, and responsible social media use, underscoring the need for technocentric and sociocentric design interventions to promote responsible use.",responsible social media use|user characteristics|conscientiousness|moral tolerance|virtue ethics|user archetypes|narcissism|dogmatism|nihilism|altruism|socio-technical context|design interventions,Information Systems Theories and Implementation,Sociology and Political Science,Social Sciences,Social Sciences
https://doi.org/10.1080/0960085x.2020.1816146,Exposing patterns of adult solicitor behaviour: towards a theory of control within the cybersexual abuse of youth,2020,2020-09-13,Connie S. Barber|Silvia Cristina Bettez,Southern Illinois University Edwardsville|University of North Carolina at Greensboro,US|US,12,NOT Open Access,,grooming|predatory behavior|offending|control|instant messaging|computer-mediated communication|online child sexual exploitation,Cybercrime and Law Enforcement Studies,Information Systems,Computer Science,Physical Sciences
https://doi.org/10.1080/0960085x.2023.2186275,How do technology use patterns influence phishing susceptibility? A two-wave study of the role of reformulated locus of control,2023,2023-03-06,Emmanuel Wusuhon Yanibo Ayaburi|Francis Kofi Andoh‐Baidoo,Cleveland State University|The University of Texas Rio Grande Valley,US|US,12,NOT Open Access,,phishing susceptibility|technology use patterns|locus of control|situational cues|user vulnerability|phishing countermeasures|cybersecurity training,Spam and Phishing Detection,Information Systems,Computer Science,Physical Sciences
https://doi.org/10.1080/0960085x.2023.2229283,Synergistic impacts of online and offline social participation on older adults’ subjective well-being: evidence from the Canadian Longitudinal Study on Aging,2023,2023-06-26,Xuecong Lu|Jinglu Jiang|Milena M. Head|Surinder S. Kahai|Junyi Yang,"State University of New York|University at Albany, State University of New York|Binghamton University|McMaster University",US|US|CA|US|CA,12,NOT Open Access,,online social participation|older adults|subjective well-being|loneliness|life satisfaction|socioemotional selectivity theory|social support|mediation|moderation,Technology Use by Older Adults,Demography,Social Sciences,Social Sciences
https://doi.org/10.1080/0960085x.2024.2404968,Unveiling motivational configurations in shaping meaningful engagement in green gamification,2024,2024-09-18,Zhongyun Zhou|Zidie Chen|Xiaoling Jin|Zhangshuai Yuan,Tongji University|Shanghai University,CN|CN|CN|CN,12,NOT Open Access,,meaningful engagement|self-determination theory|pro-environmental behavior|experiential motivation|instrumental motivation|hedonic motivation|achievement motivation|social interaction motivation|self-expression motivation|environmental information systems|game elements,Educational Games and Gamification,Developmental and Educational Psychology,Psychology,Social Sciences
https://doi.org/10.1080/0960085x.2024.2404028,"Tell me more, tell me more: the impact of explanations on learning from feedback provided by Artificial Intelligence",2024,2024-09-23,Maximilian Förster|Hanna Rebecca Broder|Marie Christine Fahr|Mathias Klier|Lior Fink,Universität Ulm|Ben-Gurion University of the Negev,DE|DE|DE|DE|IL,12,Open Access,"Whereas learning is one of the primary goals of Explainable Artificial Intelligence (XAI), we know little about whether, how, and when explanations enhance users’ learning from feedback provided by Artificial Intelligence (AI). Drawing on Feedback Theory as a fundamental theoretical lens, we formulate a research model wherein explanations enhance informativeness and task performance, contingent on users’ prior knowledge, ultimately leading to a higher learning outcome. This research model is tested in a randomized between-subjects online experiment with 573 participants whose task is to match Google Street View pictures to their city of origin. We find a positive effect of explanations on learning outcome, which is fully mediated by informativeness, for users with less prior knowledge. Furthermore, we find that explanations positively impact users’ task performance, where this effect is direct for more knowledgeable users and fully mediated by informativeness for less knowledgeable users. We seek to elucidate the mechanisms underlying these effects of explanations on learning from AI feedback in focus groups with AI experts and users. By studying the consequences of explanations as part of AI feedback for users in non-routine inference tasks, we advance the understanding of explanations as facilitators of human learning from AI systems.",explainable AI|AI-generated feedback|explanation|learning from feedback|feedback theory|informativeness|prior knowledge|task performance|human-AI interaction,Explainable Artificial Intelligence (XAI),Artificial Intelligence,Computer Science,Physical Sciences
https://doi.org/10.1080/0960085x.2023.2283173,Designing a wearable IoT-based bladder level monitoring system for neurogenic bladder patients,2023,2023-11-26,Claudius Jonas|Jannik Lockl|Maximilian Röglinger|Robin Weidlich,Fraunhofer Institute for Applied Information Technology|University of Bayreuth,DE|DE|DE|DE,11,NOT Open Access,,neurogenic bladder|wearable sensors|Internet of Things|behavioral theory|design principles|software architecture|patient self-management|chronic disease management|physiological monitoring,Mobile Health and mHealth Applications,General Health Professions,Health Professions,Health Sciences
https://doi.org/10.1080/0960085x.2023.2270456,Investigating the impact of representation features on decision model comprehension,2023,2023-11-30,Djordje Djurica|Tyge‐F. Kummer|Jan Mendling|Kathrin Figl,Vienna University of Economics and Business|Queensland University of Technology|ESCP Business School|Humboldt-Universität zu Berlin|Weizenbaum Institute|Universität Innsbruck,AT|AU|DE|FR|GB|AT|DE|AT,10,Open Access,"Decision models play an important role in various areas of information systems research, including system analysis and design, compliance management, and various application domains. Decision models must be effectively presented so that analysts can assure their correctness and completeness. So far, empirical research on the cognitive effectiveness of decision models has provided partially inconclusive results. Our paper provides novel insights into the drivers of decision model comprehension by moving from a classification based on representation archetypes to granular representation features. Using an experimental research design, we discover that the decision model type must be assessed in conjunction with other representational factors, such as representation structure (expanded vs. frugal) and representation design (monochromatic vs. colours). In this way, we extend prior arguments of cognitive fit theory by demonstrating that colour can be used to compensate for a misfit of decision model and task, and structural features can further increase model comprehension. We further studied the root causes of the observed effects by using eye-tracking. Our findings have implications for both cognitive information systems research and practice, as they can be used to guide decision model users and tool vendors.",decision models|model comprehension|cognitive fit|representation structure|eye tracking,Data Visualization and Analytics,Computer Vision and Pattern Recognition,Computer Science,Physical Sciences
https://doi.org/10.1080/0960085x.2024.2351442,The influence of affective processing on phishing susceptibility,2024,2024-05-08,Chuan Tian|Matthew L. Jensen|Gregory J. Bott|Xin Robert Luo,University of Alabama|University of Oklahoma|University of New Mexico,US|US|US|US,10,NOT Open Access,,phishing susceptibility|emotional processing|emotions|valence|certainty|arousal|email security,Spam and Phishing Detection,Information Systems,Computer Science,Physical Sciences
https://doi.org/10.1080/0960085x.2024.2435975,Orchestrating Digital Resilience: A Clinical IS Study of an Everything-as-a-Service Technology Strategy,2024,2024-12-04,Christoph F. Breidbach|Amol M. Joshi|Alexander Twigg|Graham Dickens,The University of Queensland|Wake Forest University|,AU|US||,10,NOT Open Access,,digital resilience|everything as a service|technology strategy|fintech|business disruption|adaptation|mitigation|COVID-19 pandemic|Australian wildfires|strategic planning,Information Technology Governance and Strategy,Management Information Systems,"Business, Management and Accounting",Social Sciences
https://doi.org/10.1080/0960085x.2023.2282454,The transformation of digital strategy and value creation in omnichannel organisations: the case of the gambling industry,2023,2023-11-18,Konstantina Spanaki|Dimitris Zissis|Θάνος Παπαδόπουλος|Feng Li,Audencia Business School|University of East Anglia|Athens University of Economics and Business|University of Kent|University of London,FR|GB|GR|GB|GB,9,Open Access,"Digital transformation strategy (DTS) involves redesigning various organisational operations to encompass digital technologies and achieve business objectives. In this study, we explored digital strategy and value creation shifts in omnichannel organisations that aimed to deliver seamless online and on-premises (dual-mode) customer experiences. Using comprehensive data on the gambling industry, we focused on the long-term effects of dynamic relationships among multiple DTS events over time. Building on digital strategy and value-creation theory, we observed and analysed organisational changes linked to technological shifts in omnichannel organisations during turbulent times and disruptions. Herein, we discuss the balance between online and on-premises service channels in terms of a DTS pathway, viewing it as a dual-mode value-creation process. By exploring this dual-mode value-creation process, we contribute to DTS theory and omnichannel operations. Furthermore, we enhance theory by unveiling the impact of shifting digital strategy perspectives on the transformation of omnichannel organisations in dynamic and disruptive business environments. We also present strategic propositions for planning and realising DTS requirements for omnichannel service providers in a broad context.",digital transformation strategy|value creation|gambling industry|customer experience,Digital Innovation in Industries,Management of Technology and Innovation,"Business, Management and Accounting",Social Sciences
https://doi.org/10.1080/0960085x.2023.2290707,The rise of metric-based digital status: an empirical investigation into the role of status perceptions in envy on social networking sites,2023,2023-12-25,Antonia Meythaler|Hannes-Vincent Krause|Annika Baumann|Hanna Krasnova|Jason Bennett Thatcher,University of Potsdam|Weizenbaum Institute|University of Colorado Boulder,DE|DE|DE|DE|US,9,Open Access,"Widespread on social networking sites (SNSs), envy has been linked to an array of detrimental outcomes for users’ well-being. While envy has been considered a status-related emotion and is likely to be experienced in response to perceiving another’s higher status, there is a lack of research exploring how status perceptions influence the emergence of envy on SNSs. This is important because SNSs typically quantify social interactions and reach with metrics that indicate users’ relative rank and status in the network. To understand how status perceptions impact SNS users, we introduce a new form of metric-based digital status rooted in SNS metrics that are available and visible on a platform. Drawing on social comparison theory and status literature, we conducted an online experiment to investigate how different forms of status contribute to the proliferation of envy on SNSs. Our findings shed light on how metric-based digital status influences feelings of envy on SNSs. Specifically, we could show that metric-based digital status impacts envy through increasing perceptions of others’ socioeconomic and sociometric statuses. Our study contributes to the growing discourse on the negative outcomes associated with SNS use and its consequences for users and society.",envy|social networking sites|status perception|social metrics|social comparison theory|socioeconomic status|sociometric status|user well-being|online social interaction,Impact of Technology on Adolescents,Sociology and Political Science,Social Sciences,Social Sciences
https://doi.org/10.1080/0960085x.2024.2359460,A field experiment on ISP training designs for enhancing employee information security compliance,2024,2024-06-03,Ilja Nastjuk|Florian Rampold|Simon Thanh-Nam Trang|Jose Benitez,University of Göttingen|Paderborn University|Kent State University,DE|DE|DE|US,9,Open Access,"Information security policy (ISP) training plays an important role in enhancing organisational resilience against cyber threats by providing employees with the necessary knowledge and skills to effectively identify, prevent, and respond to security breaches. This research aims to explore how the use of deterrence arguments and threat arguments can enhance the effectiveness of ISP training. We theorise how ISP training affects employees’ ISP compliance behaviour by arguing for a transfer of training lens to study the effectiveness of ISP training. The results of our field experiment with triangulated data suggest that the effect of argumentative-enhanced ISP training is twofold. First, employees who participated in enhanced training sessions with deterrence and threat arguments demonstrated superior training outputs after the training, which, in turn, translated into a sustained training outcome three weeks after the training. Second, we also find evidence that threat arguments can reinforce the application of training outputs in the maintenance stage of learned behaviours. With this applied research study, we contribute to the research and practice by providing empirical evidence of the effectiveness of ISP training designs.",transfer of training|training effectiveness|organizational resilience|behavior maintenance|training program design,Information and Cyber Security,Information Systems,Computer Science,Physical Sciences
https://doi.org/10.1080/0960085x.2024.2390998,Achieving strategic alignment between business and information technology with information technology governance: the role of commitment to principles and Top Leadership Support,2024,2024-09-04,Michelle René Lowry|Paul Benjamin Lowry|Sutirtha Chatterjee|Gregory Daniel Moody|Vernon J. Richardson,"Virginia Tech|University of Nevada, Las Vegas|University of Arkansas at Fayetteville",US|US|US|US|US,9,Open Access,"IT governance (ITG) is crucial in achieving IT strategic alignment, but many organizations find this to be an elusive goal. We thus expand ITG into two components: ITG mechanisms and ITG principles. We propose that beyond the mere option of ITG mechanisms, organizations must fully embrace the broader “spirit” of ITG, which occurs when an organization is committed to ITG principles coupled with top leadership support. To test our theorization, we first developed and validated two new measures. We used the ITG framework of COBIT to create a measure of commitment to COBIT principles (CCP), and we found that CCP fully mediates ITG mechanisms’ relationship with strategic alignment. We thus illuminate a missing link between adopting ITG mechanisms and achieving strategic alignment by demonstrating the need to focus on ITG principles. We show that top leadership support for IT, including support at the board level, not only enhances CCP but also directly contributes to improved strategic alignment. Our study establishes that adopting ITG mechanisms is necessary but insufficient for achieving strategic alignment. Effective organizations go beyond implementing isolated ITG mechanisms; they fully embrace integrated COBIT-based principles, guided by a strong infusion of top leadership support, including board-level support.",IT governance|strategic alignment|business-IT alignment|COBIT|mediation|organizational commitment,Information Technology Governance and Strategy,Management Information Systems,"Business, Management and Accounting",Social Sciences
https://doi.org/10.1080/0960085x.2021.1967210,The maturation of digital objects in innovation projects: the role of interpersonal networks and team sharing atmosphere,2021,2021-09-03,Frantz Rowe|Dov Te’eni|Valéry Merminod,SKEMA Business School|Nantes Université|Tel Aviv University|Université Grenoble Alpes,FR|IL|FR,8,NOT Open Access,,innovation projects|interpersonal networks|product lifecycle management|knowledge sharing|virtual prototype|technical specifications|home appliance industry|product development|formal and informal networks,Product Development and Customization,Management of Technology and Innovation,"Business, Management and Accounting",Social Sciences
https://doi.org/10.1080/0960085x.2024.2325350,The differential effects of self-view in virtual meetings when speaking vs. listening,2024,2024-03-29,Olga Abramova|Margarita Gladkaya|Hanna Krasnova,University of Potsdam|Weizenbaum Institute,DE|DE|DE,8,Open Access,"With the surging reliance on videoconferencing tools, users may find themselves staring at their reflections for hours a day.We refer to this phenomenon as self-referential information (SRI) consumption and examine its consequences and the mechanism behind them.Building on self-awareness research and the strength model of self-control, we argue that SRI consumption heightens the state of self-awareness and thereby depletes participants' mental resources, eventually undermining virtual meeting (VM) outcomes.Our findings from a European employee sample revealed contrary effects of SRI consumption across speaker vs listener roles.Engagement with self-view is positively associated with self-awareness, which, in turn, is negatively related to satisfaction with VM process, perceived productivity, and enjoyment.Looking at the self while listening to others exhibits adverse direct and indirect (via selfawareness) effects on VM outcomes.However, looking at the self when speaking exhibits positive direct effects on satisfaction with VM process and enjoyment.",self-view|videoconferencing|virtual meetings|self-awareness|self-control|perceived productivity|enjoyment|employee well-being,Personal Information Management and User Behavior,Information Systems and Management,Decision Sciences,Social Sciences
https://doi.org/10.1080/0960085x.2025.2473952,Artificial intelligence boundary resources: a relational view on leveraging “AI-as-a-Service”,2025,2025-03-10,André Hanelt|Sebastian Firk|Patryk Zapadka|Jana Oehmichen,University of Kassel|University of Groningen|Johannes Gutenberg University Mainz,DE|NL|DE|DE,8,Open Access,"In response to the increasing relevance of artificial intelligence (AI) for competitive advantage, firms can utilize the capabilities of AI-savvy partners via boundary resources. Due to AI facets, such as autonomy, inscrutability, and learning, this strategy holds substantial promises for productivity and innovation, yet is not free of risks, given the strategic importance of AI and potential dependencies in this key area. As the antecedents and consequences of this strategy are unclear, we build a theoretical framework about these aspects based on the relational view of competitive advantage. We test our hypotheses on a longitudinal dataset and find that internal AI knowledge and the presence of a chief information officer in the top management team are associated with selecting AI boundary resources for process improvements. High external market pressure exerted by digital ventures and the AI sophistication of industry peers are positively associated with selecting AI boundary resources for product improvements. We further find that the use of AI boundary resources for process improvements is positively associated with operational efficiency and the use of AI boundary resources for product improvements with increasing sales. We derive implications for IS research on managing AI and boundary resources, as well as managerial practice.",AI-as-a-Service|boundary resources|AI autonomy|AI learning|chief information officer|top management teams|digital ventures|process improvement|product improvement|operational efficiency|sales growth,Innovation and Knowledge Management,Strategy and Management,"Business, Management and Accounting",Social Sciences
https://doi.org/10.1080/0960085x.2025.2576230,A multi-layered perspective on algorithmic control systems: managerial design choices and worker legitimacy judgments,2025,2025-11-07,Alireza Alizadeh|Martin J. Wiener|Alexander Benlian,Technische Universität Darmstadt|Technische Universität Dresden,DE|DE|DE,8,Open Access,"As algorithmic control (AC)—broadly defined as the managerial use of algorithms to direct, evaluate, and discipline workers—is increasingly implemented across a wide range of organisations, understanding how workers judge the legitimacy of AC becomes ever more critical. While prior research in this area often remains fixated on the effects of individual AC mechanisms, our study adopts a system-level perspective on AC. Specifically, we propose a three-layered conceptual framework for AC systems—consisting of (1) a control layer, (2) a data layer, and (3) an organisational embedding layer—and identify key design choices within each layer. Based on this framework, we conducted an experimental vignette study with 329 workers to assess how these design choices affect workers’ perceptions of autonomy and exploitation and, ultimately, their legitimacy judgments of AC systems. Our study advances research by shifting the focus beyond the level of individual control mechanisms to the system level and by providing empirical evidence that workers’ legitimacy judgments are highly sensitive to managerial design choices along all three layers. In particular, our results suggest that design choices within the data and organisational embedding layers are at least as critical as the AC mechanisms themselves in shaping workers’ judgments.",algorithmic control|legitimacy judgments|employee autonomy|data layer|control layer,Legal and Labor Studies,Industrial relations,"Business, Management and Accounting",Social Sciences
https://doi.org/10.1080/0960085x.2025.2595915,A framework for value sensitive design in socio-technical digital ecosystems,2025,2025-12-01,Bernd Carsten Stahl,University of Nottingham,GB,8,Open Access,"Value sensitive design (VSD) is a well-established approach used to integrate considerations of ethical, moral, and other values into the development of digital technologies and information systems. It is based on the plausible assumption that an early awareness of values can help shape the development and design of technologies in ways that will be conducive to the realisation of such values in the use of the technology in question. This article reflects on the current state of VSD and highlights the view of digital technologies as integral parts of broader digital ecosystems. It suggests that a more comprehensive integration of this ecosystem perspective can strengthen VSD. It proposes a framework for the integration of the ecosystems perspective that is based on critical systems heuristics. This framework can help the design of technologies within digital ecosystems, offering a crucial contribution to overcome a potential blind spot of current VSD approaches.",value-sensitive design|digital ecosystems|socio-technical systems|critical systems heuristics|design framework|digital technology development,Information Systems Theories and Implementation,Sociology and Political Science,Social Sciences,Social Sciences
https://doi.org/10.1080/0960085x.2022.2100061,"Conceptualising and defining DevOps: a review for understanding, not a framework for practitioners",2022,2022-07-25,Aymeric Hemon|Frantz Rowe,Laboratoire d'Economie et de Management de Nantes Atlantique|ESSCA School of Management|Nantes Université,FR|FR,7,NOT Open Access,,DevOps|software development practices|software engineering literature,Software Engineering Techniques and Practices,Information Systems,Computer Science,Physical Sciences
https://doi.org/10.1080/0960085x.2024.2325358,Structural power imbalances in global organisations: analysing IT governance from a postcolonial perspective,2024,2024-03-07,Marie Godefroid|Vincent Borghoff|Ralf Plattfaut|Björn Niehaves,University of Siegen|South Westphalia University of Applied Sciences|University of Duisburg-Essen|University of Bremen,DE|DE|DE|DE,7,Open Access,"IT governance has the potential to perpetuate power imbalances in international organisations. Important IT decisions are frequently made in the headquarters and then propagated through the rest of the organisation. This pattern can indicate a well-organised centralised IT governance focusing on security and efficiency. The same pattern, however, cannot only impede innovation and flexibility but also has the potential to continue colonial decision structures, especially as headquarters are often in the global north. Through 27 interviews with NGO representatives–a sector that should be highly motivated to counter postcolonial tendencies–we examine IT governance structures. We observe indications of a mismatch between organisational goals and IT governance structures that can only be explained when considering postcolonialism. We need to combine explanation approaches from IT governance and postcolonial theory to explain the observed phenomenon fully. Moreover, we critically comment on IT-related decision-making structures and call for more effort in research and practice to decolonise IT and IT governance.",IT governance|postcolonialism|power imbalance|global organisations|centralization|non-governmental organizations|organizational goals,Information Technology Governance and Strategy,Management Information Systems,"Business, Management and Accounting",Social Sciences
https://doi.org/10.1080/0960085x.2025.2530456,Cryptocurrency frames of reference: a case study of accepting ‘Bitcoin-as-X’,2025,2025-07-30,Daniel Schlagwein|Daniel Gozman|Alex P. Manusu,The University of Sydney|,AU|AU|,7,Open Access,"Blockchain-based cryptocurrencies have generated substantially divergent views, opinions, and interpretations about their fundamental nature, sense, and purpose compared to other IT. This study examines what these varying interpretations are and how they influence business decision-makers’ perceptions and acceptance of Bitcoin, the most prominent cryptocurrency, specifically. Drawing on Bijker’s socio-constructivist concepts of “frames”, and using a case study of Bitcoin acceptance, we make two key contributions. First, we identify seven distinct frames used in the cryptocurrency context: currency, asset, novelty, ideological, socio-cultural, business, and IT tool frames of reference. We theorise how these frames emerge from prior frames, drawing on different reference points, foreground or background facets of Bitcoin, and hence lead to constructions of “Bitcoin-as-X” and acceptance or rejection in both conceptual and practical terms. Second, the paper provides an exemplar of how any digital phenomena with ambivalent or conflicting assessments can be studied in general. We conclude by discussing implications for theory and practice.",Bitcoin|reference frames|social constructivism|business decision-makers|blockchain|digital technology adoption|assets|novelty|ideology,Blockchain Technology Applications and Security,Information Systems,Computer Science,Physical Sciences
https://doi.org/10.1080/0960085x.2025.2491449,Measuring perceived security in FinTech services: developing a dynamic scale,2025,2025-04-16,Hassan AbdulRedha AlHassan|Avraam Papastathopoulos|Haitham Nobanee,Abu Dhabi University|Canadian University of Dubai|University of Liverpool|University of Oxford,AE|AE|AE|GB,6,Open Access,"The last ten years have witnessed the rapid integration of financial technology (FinTech) with capital market infrastructure worldwide, providing substantial socioeconomic benefits. However, despite widespread recognition, the measurement of FinTech’s perceived security and adoption has received very little attention. To fill this gap, this study developed a continuum and multidimensional instrument to measure the complex, dynamic, and synergistic roles of perceived security issues in the adoption and utilization of FinTech services. Employing a rigorous five-stage scale development process, with samples from the U.S. and U.K. 1,377 FinTech users, and a novel methodological approach, exploratory structural equation modeling (ESEM) bifactor analysis, a five-dimensional FinTech Security Adoption Scale (FT-SAS) was developed. ESEM is an innovative statistical approach that combines statistical advances in Exploratory and Confirmatory Factor Analysis, and Structural Equation Modeling within a single analytical framework, thus providing a more flexible approach for assessing factorial structures. The results support the notion that the measurement of FinTech security follows an underlying continuum globally aligned with technology acceptance assumptions. To the best of our knowledge, this is the first study to apply the bifactor-ESEM framework to the scientific literature on FinTech, thereby providing new theoretical and empirical avenues for financial information systems research.",fintech|perceived security|scale development|bifactor exploratory structural equation modeling|technology acceptance|financial information systems|user trust,Technology Adoption and User Behaviour,Information Systems and Management,Decision Sciences,Social Sciences
https://doi.org/10.1080/0960085x.2025.2521068,Effects of leaderboard affordance and perceived role importance in team-based gamified training,2025,2025-06-30,Dong-Heon Kwak|Jose Benitez|Myung Eun Cho|Soohyun Jeon|Yu Zhao|Hyewon Lee|Alan A. Brandyberry,Kent State University|Brunel University of London|Lamar University|Kyungpook National University,US|US|US|GB|US|KR|US,6,Open Access,"Gamification has been effectively applied in organizational and academic training to enhance motivation. Among various game elements, leaderboards are particularly popular in gamified training environments. Grounded in gamification research, self-determination theory, and job demands-resources theory, this research investigates the relationships among leaderboard affordance, perceived role importance in a team (PRIT), satisfaction of the three psychological needs (perceived autonomy, competence, and relatedness), and two types of stress (distress and eustress). Using a team-based ERP simulation game for gamified ERP training, we conducted two studies (Study 1: N = 203 and Study 2: N = 216) and employed structural equation modelling to test our hypotheses. Our findings indicate that leaderboard affordance positively influences PRIT. Additionally, the results show that leaderboard affordance and PRIT increase needs satisfaction and eustress, while the effects on distress were minimal. This study contributes to gamification IS research by highlighting the impact of leaderboard affordances and PRIT in fostering positive psychological outcomes and expanding our understanding of stress in gamified training contexts. Our findings are important for organizations seeking to maintain motivation and engagement through gamified training.",gamification|leaderboards|self-determination theory|job demands-resources model|psychological need satisfaction|eustress|distress|game-based training|employee training|motivation,Educational Games and Gamification,Developmental and Educational Psychology,Psychology,Social Sciences
https://doi.org/10.1080/0960085x.2025.2548542,Towards socially inclusive design: an action design research project supporting social inclusion of senior citizens,2025,2025-09-03,Yenni Tim|Jade Wendy Brooks|Delin Zeng|Joshua Huynh,UNSW Sydney|University of Auckland|Beijing Jiaotong University|,AU|NZ|CN|,6,NOT Open Access,,social inclusion|older adults|digital inclusion|digital divide|design principles|trust|agency|sense of belonging|co-design|social participation|digital technology use,Technology Use by Older Adults,Demography,Social Sciences,Social Sciences
https://doi.org/10.1080/0960085x.2024.2426473,To learn or not learn from AI? Unpacking the effects of feedback valence on novel insights recall,2024,2024-11-17,Ofir Turel,The University of Melbourne,AU,5,NOT Open Access,,AI-generated feedback|feedback valence|negative feedback|self-esteem|anger|learning bias|test instructions,Intelligent Tutoring Systems and Adaptive Learning,Artificial Intelligence,Computer Science,Physical Sciences
https://doi.org/10.1080/0960085x.2025.2473950,Online virtual consultation between patients and physicians as interactive affordance,2025,2025-03-09,Inkyoung Hur|Weidong Xia|Keumseok Kang,Florida Atlantic University|Florida International University|Korea Advanced Institute of Science and Technology,US|US|KR,5,NOT Open Access,,affordance theory|physician-patient interaction|mobile social media|digital health platforms|relative advantage|process standardization|absorptive capacity|physician satisfaction|patient satisfaction|collaboration technologies|user preferences,Information Systems Theories and Implementation,Sociology and Political Science,Social Sciences,Social Sciences
https://doi.org/10.1080/0960085x.2025.2603343,Formation and evolution of technology acceptance and resistance patterns: a latent transition analysis,2025,2025-12-23,Marjan Shamsi,University of Stavanger,NO,4,Open Access,"Research has traditionally viewed user responses to technology as static and one-dimensional, overlooking the dynamic and complex nature of evaluation processes. This study bridges the gap by integrating attitude theories and temporality perspective into technology adoption research, theorising how cognitive-emotional dynamics shape evolving patterns of user acceptance and resistance. It also explores the transition pathways between these patterns, their triggers, and their associated outcomes over time. Two empirical studies using identical measures were conducted to address these aims: a cross-sectional study among university employees (n = 610) and a two-wave longitudinal study among bank employees (n1 = 400, n2 = 272). Latent profile analysis identified two ambivalent and two univalent response patterns among participants. Subsequent latent transition analysis revealed that while many users maintain their initial response patterns, a significant number transition towards a univalent pattern characterised by acceptance and nonresistance, triggered by personal interests and social context. Moreover, results demonstrated a link between these transitions and changes in outcomes such as technology use, innovation, performance, work engagement, and emotional exhaustion. These findings underscore the temporal and complex interplay of technological, personal, and social factors in shaping user evaluations, offering valuable insights for research and practice.",technology acceptance|resistance to technology|attitude dynamics|transition pathways|university employees|bank employees|work engagement|emotional exhaustion|technology use|innovation|employee performance,Technology Adoption and User Behaviour,Information Systems and Management,Decision Sciences,Social Sciences
https://doi.org/10.1080/0960085x.2026.2635388,"Assessing and controlling social desirability bias in self-reported survey research: common practices, recommendations, and an application in cyberbullying research",2026,2026-03-03,D. Kim|Hyewon Lee|Dong-Heon Kwak|Jose Benitez,Kent State University,US|US|US|US,4,NOT Open Access,,social desirability bias|self-reported data|cyberbullying|self-deception|impression management|model validity|causal inference,Survey Methodology and Nonresponse,Sociology and Political Science,Social Sciences,Social Sciences
https://doi.org/10.1057/ejis.2010.58,"A framework for stakeholder oriented mindfulness: case of RFID implementation at YCH Group, Singapore",2010,2010-12-07,Thompson S.H. Teo|Shirish Chandra Srivastava|Ranganathan Chandrasekaran|James W. K. Loo,National University of Singapore|HEC Paris|University of Illinois Chicago|,SG|FR|US|,45,NOT Open Access,,mindfulness|RFID implementation|stakeholder management|technology implementation|organizational routines|logistics companies|internal and external stakeholders,Information Systems Theories and Implementation,Sociology and Political Science,Social Sciences,Social Sciences
https://doi.org/10.1057/ejis.2012.50,Empirical investigation of the usefulness of Gateway constructs in process models,2012,2012-11-27,Jan Recker,Queensland University of Technology,AU,44,Open Access,"Process modeling grammars are used to create scripts of a business domain that a process-aware information system is intended to support. A key grammatical construct of such grammars is known as a Gateway. A Gateway construct is used to describe scenarios in which the workflow of a process diverges or converges according to relevant conditions. Gateway constructs have been subjected to much academic discussion about their meaning, role and usefulness, and have been linked to both process-modeling errors and process-model understandability. This paper examines perceptual discriminability effects of Gateway constructs on an individual's abilities to interpret process models. We compare two ways of expressing two convergence and divergence patterns – Parallel Split and Simple Merge – implemented in a process modeling grammar. On the basis of an experiment with 98 students, we provide empirical evidence that Gateway constructs aid the interpretation of process models due to a perceptual discriminability effect, especially when models are complex. We discuss the emerging implications for research and practice, in terms of revisions to grammar specifications, guideline development and design choices in process modeling.",process-aware information systems|perceptual discriminability|convergence and divergence|grammar specification|model complexity,Business Process Modeling and Analysis,Management Information Systems,"Business, Management and Accounting",Social Sciences
https://doi.org/10.1057/ejis.2010.63,Online tax payment systems as an emergent aspect of governmental transformation,2011,2011-02-08,Thomas F. Stafford|Aykut Hamit Turan,University of Memphis|Tekirdağ Namık Kemal University,US|TR,44,NOT Open Access,,e-tax system|electronic tax filing|government transformation|e-government|tax advisors|technology acceptance|intention to use|normative pressure|perceived behavioral control|government revenue management|treasury functions|accountants,E-Government and Public Services,Political Science and International Relations,Social Sciences,Social Sciences
https://doi.org/10.1057/ejis.2010.12,Intermediaries in inter-organisational networks: building a theory of electronic marketplace performance,2010,2010-04-07,Philip O’Reilly|Patrick Finnegan,University College Cork|UNSW Sydney,IE|AU,42,NOT Open Access,,electronic markets|interorganizational networks|dispersed knowledge|peer-to-peer markets|performance indicators|strategic factors|structural factors|contextual factors|Amazon,Digital Platforms and Economics,Strategy and Management,"Business, Management and Accounting",Social Sciences
https://doi.org/10.1057/ejis.2012.40,Inter-firm IT governance in power-imbalanced buyer–supplier dyads: exploring how it works and why it lasts,2012,2012-09-18,Jinghua Xiao|Kang Xie|Qing Hu,Sun Yat-sen University|Iowa State University,CN|CN|US,42,NOT Open Access,,buyer-supplier relationships|power imbalance|information sharing|resource dependence theory|relational norms|trust|opportunism|process model,Outsourcing and Supply Chain Management,Management Information Systems,"Business, Management and Accounting",Social Sciences
https://doi.org/10.1057/ejis.2011.49,Towards an understanding of assimilation in virtual worlds: the 3C approach,2011,2011-11-15,Andrew Schwarz|Colleen Schwarz|Yoonhyuk Jung|Begoña Pérez|Sonja Wiley-Patton,Louisiana State University|Ulsan Metropolitan City|Ulsan National Institute of Science and Technology,US|US|KR|US|US,40,NOT Open Access,,virtual worlds|assimilation|Second Life|user engagement|technological factors|community factors|user factors|new users|moderating effect|theoretical framework,Technology Adoption and User Behaviour,Information Systems and Management,Decision Sciences,Social Sciences
https://doi.org/10.1057/ejis.2016.3,The inner and the outer model in explanatory design theory: the case of designing electronic feedback systems,2016,2016-02-16,Björn Niehaves|Kevin Ortbach,University of Siegen|University of Münster|European Research Center for Information Systems,DE|DE,40,Open Access,"Both Information Technology (IT) artifacts and design theories are important elements for knowledge capture in design science research in information systems. Building on a rich tradition of constructing and evaluating artifacts, recent design science research has made significant advances toward better understanding the explanatory aspect of design theory. Researchers have stressed the importance of mid-range theories that relate IT artifact features (causes) with measures and goals (effects). Against this background, design theorizing reveals certain commonalities with theorizing in the behavioral science field. In this paper, we explore differences and similarities between theorizing in these areas. We develop a framework that allows for a better understanding of the relationships between manifest design decisions, kernel theory constructs and their evaluation metrics. We identify common issues that arise from conceptual distances between these ideas and show their potential impact on both the design and evaluation of artifacts. The field of electronic feedback systems is used as an illustrative example.",middle-range theory|design decisions|evaluation metrics|design science research|artifact evaluation,Information Systems Theories and Implementation,Sociology and Political Science,Social Sciences,Social Sciences
https://doi.org/10.1057/ejis.2012.5,Digital business reporting standards: mapping the battle in France,2012,2012-04-24,Véronique Guilloux|Joanne Locke|Alan D. Lowe,Université Paris-Est Créteil|Laboratoire d'Economie et de Management de Nantes Atlantique|University of Birmingham|Aston University,FR|GB|GB,39,Open Access,"Government agencies use information technology extensively to collect business data for regulatory purposes. Data communication standards form part of the infrastructure with which businesses must conform to survive. We examine the development of, and emerging competition between, two open business reporting data standards adopted by government bodies in France; Electronic Data Interchange for Administration, Commerce and Transport (EDIFACT) (incumbent) and eXtensible Business Reporting Language (XBRL) (challenger). The research explores whether an incumbent may be displaced in a setting in which the contest is unresolved. Latour's translation map is applied to trace the enrollments and detours in the battle. We find that regulators play an important role as allies in the development of the standards. The antecedent networks in which the standards are located embed strong beliefs that become barriers to collaboration and fuel the battle. One of the key differentiating attitudes is whether speed is more important than legitimacy. The failure of collaboration encourages competition. The newness of XBRL's technology just as regulators need to respond to an economic crisis and its adoption by French regulators not using EDIFACT create an opportunity for the challenger to make significant network gains over the longer term. ANT also highlights the importance of the preservation of key components of EDIFACT in ebXML.",EDIFACT|XBRL|standard adoption|actor-network theory|ebXML,Financial Reporting and XBRL,Management Information Systems,"Business, Management and Accounting",Social Sciences
https://doi.org/10.1057/ejis.2010.3,When is an information infrastructure? Investigating the emergence of public sector information infrastructures,2010,2010-02-01,Federico Iannacci,Canterbury Christ Church University,GB,39,Open Access,"Drawing on the notion of information infrastructure as a relational concept, this paper endeavours to highlight the links between data standards and institutional facts. Although social science studies have emphasised the interplay between socio-technical factors, the author suggests that such approaches have overlooked the role that institutional facts play in the development of information infrastructures. An in-depth, qualitative case study of a recent episode of institutional change within the criminal justice system of England and Wales reveals how institutional facts are entangled with data standards through iterative sets of constitutive rules that are mirrored by their associated logical messages in an isomorphic fashion.",information infrastructure|institutional facts|data standards|government information systems|institutional change|criminal justice system|constitutive rules|isomorphism|socio-technical factors|relational concepts,Information Systems Theories and Implementation,Sociology and Political Science,Social Sciences,Social Sciences
https://doi.org/10.1057/ejis.2010.24,Flexible decision support in dynamic inter-organisational networks,2010,2010-05-04,John E Collins|Wolfgang Ketter|Maria L. Gini,University of Minnesota|Erasmus University Rotterdam,US|NL|US,39,NOT Open Access,,decision support system|interorganizational networks|agile business models|decision-making flexibility|hypothesis testing|Trading Agent Competition|supply chain management|multi-agent systems,Decision Support System Applications,Management Information Systems,"Business, Management and Accounting",Social Sciences
https://doi.org/10.1057/ejis.2013.22,When IT capabilities are not scale-free in merger and acquisition integrations: how do capital markets react to IT capability asymmetries between acquirer and target?,2013,2013-08-06,Hüseyi̇n Tanriverdi̇|Vahap Bülent Uysal,The University of Texas at Austin|University of Oklahoma,US|US,38,NOT Open Access,,mergers and acquisitions|IT integration|IT capabilities|value creation|shareholder value|stock price reaction|M&A announcements|industry relatedness,Corporate Finance and Governance,Accounting,"Business, Management and Accounting",Social Sciences
https://doi.org/10.1057/ejis.2012.6,Does risk matter? Disengagement from risk management practices in information systems projects,2012,2012-08-07,Elmar Kutsch|David Denyer|Mark Hall|Elizabeth Lee-Kelley,Cranfield University|University of Bristol,GB|GB|GB|GB,38,NOT Open Access,,risk management|information systems projects|project managers|project risk|risk response|risk allocation|organizational theory,Construction Project Management and Performance,Management Science and Operations Research,Decision Sciences,Social Sciences
https://doi.org/10.1057/ejis.2010.48,"IT professional identity: needs, perceptions, and belonging",2010,2010-09-14,Nita G. Brooks|Cynthia K. Riemenschneider|Bill C. Hardgrave|Anne M. O’Leary-Kelly,Middle Tennessee State University|Baylor University|Auburn University|University of Arkansas at Fayetteville,US|US|US|US,37,NOT Open Access,,professional identity|IT professionals|professional identification|perceived similarity|internalization|sense of belonging|theoretical model,Management and Organizational Studies,Organizational Behavior and Human Resource Management,"Business, Management and Accounting",Social Sciences
https://doi.org/10.1057/ejis.2010.54,Information system personnel career anchor changes leading to career changes,2010,2010-11-30,Christina Ling-hsing Chang|Victor Chen|Gary L. Klein|James J. Jiang,|National Cheng Kung University|University of Colorado Colorado Springs|Australian National University,|TW|US|AU,36,NOT Open Access,,career anchors|career change|career stages|IT professionals|expectancy-value theory|technical skills|managerial competencies|employee autonomy|job design|employee retention|career development,Higher Education and Employability,Education,Social Sciences,Social Sciences
https://doi.org/10.1057/ejis.2014.2,The role of GPS-enabled information in transforming operational decision making: an exploratory study,2014,2014-02-25,Andreja Habjan|Constantine Andriopoulos|Manto Gotsi,Cardiff University,GB|GB|GB,35,NOT Open Access,,operational decision-making|information quality|information management capability|top management support|employee resistance|IT implementation|business value of IT|collaborative decision-making,Information Technology Governance and Strategy,Management Information Systems,"Business, Management and Accounting",Social Sciences
https://doi.org/10.1057/ejis.2013.13,Design matters for decision makers: Discovering IT investment alternatives,2013,2013-07-30,Jane Elisabeth Frisk|Rikard Lindgren|Lars Mathiassen,University of Gothenburg|University of Borås|Georgia State University,SE|SE|US,35,NOT Open Access,,IT investment evaluation|decision-making|creative decision-making|design approaches|organizational politics|structured and unstructured data|public sector organizations,Information Technology Governance and Strategy,Management Information Systems,"Business, Management and Accounting",Social Sciences
https://doi.org/10.1057/ejis.2011.33,A balanced scorecard for item-level RFID in the retail sector: a Delphi study,2011,2011-08-30,Narges Kasiri|Ramesh Sharda|Bill C. Hardgrave,SUNY Oneonta|Oklahoma State University|Auburn University,US|US|US,35,NOT Open Access,,balanced scorecard|retail store operations|RFID adoption|merchandising|supply chain management|decision-making framework,RFID technology advancements,Media Technology,Engineering,Physical Sciences
https://doi.org/10.1057/ejis.2012.41,The mediating role of psychological contract breach in IS outsourcing: inter-firm governance perspective,2012,2012-09-18,Hyung Jin Kim|Bongsik Shin|Hogeun Lee,National University of Singapore|San Diego State University|Yonsei University,SG|US|KR,34,NOT Open Access,,psychological contract breach|IT outsourcing|outsourcing performance|client-vendor relationships|inter-organizational partnerships|contracts|partnership quality|mediation|system users,Outsourcing and Supply Chain Management,Management Information Systems,"Business, Management and Accounting",Social Sciences
https://doi.org/10.1057/s41303-016-0026-x,Useful business cases: value creation in IS projects,2017,2017-01-01,Peter Axel Nielsen|John Stouby Persson,Aalborg University,DK|DK,33,Open Access,"Business cases have become popular as part of managing value creation in IS projects. Nevertheless, business cases are often poorly linked to value creation activities and organizations struggle to develop business cases that are useful and express more than simple cost savings. This action research study seeks to improve the usefulness of business cases in IS projects. We used collaborative action research with Danish municipalities to improve their practices when developing and using business cases and to change their perceptions of what constitutes a good business case that is useful during implementation and value creation. This article presents lessons learned from our action research, lessons that we incorporated into a business case method and subsequently evaluated with IS managers. There are three lessons on (1) improving the content of business cases, (2) how to develop business cases, and (3) the use of business cases in subsequent value creation. These lessons summarize our findings and the contributions are that we in the business case method propose to (1) include minimal contents, (2) develop social commitment, and (3) structure for dynamic use during value creation. We discuss the lessons and contributions related to research on IS business cases and value creation.",business case|value creation|information systems projects|social commitment|IT project management|lessons learned,Information Technology Governance and Strategy,Management Information Systems,"Business, Management and Accounting",Social Sciences
https://doi.org/10.1057/ejis.2015.4,Representing small business web presence content: the web presence pyramid model,2015,2015-04-21,Stephen Burgess,Victoria University,AU,32,NOT Open Access,,small business|online presence|stage model|website features|social media|business directories|web portal|online payment|Australian small businesses,SMEs Development and Digital Marketing,Demography,Social Sciences,Social Sciences
https://doi.org/10.1057/ejis.2011.7,Investigating the reliability of second-order formative measurement in information systems research,2011,2011-03-22,Bongsik Shin|Gimun Kim,San Diego State University|Konyang University,US|KR,32,NOT Open Access,,formative constructs|measurement reliability|type I error|construct validity|structural equation modeling,Psychometric Methodologies and Testing,Management Science and Operations Research,Decision Sciences,Social Sciences
https://doi.org/10.1057/ejis.2013.11,No time to waste: the role of timing and complementarity of alignment practices in creating business value in IT projects,2013,2013-06-25,Armin Vermerris|Martin Mocker|Eric van Heck,Philips (Netherlands)|Reutlingen University|Massachusetts Institute of Technology|Erasmus University Rotterdam,NL|DE|US|NL,32,NOT Open Access,,business value|communication|mutual understanding|management commitment|IT investment evaluation|telecommunications industry,Information Technology Governance and Strategy,Management Information Systems,"Business, Management and Accounting",Social Sciences
https://doi.org/10.1057/ejis.2010.13,Control patterns in a health-care network,2010,2010-03-23,Vera Kartseva|Joris Hulstijn|Jaap Gordijn|Yao‐Hua Tan,ING Bank|Vrije Universiteit Amsterdam|University of Amsterdam|Delft University of Technology,NL|NL|NL|NL,32,Open Access,"To keep a network of enterprises sustainable, inter-organizational control measures are needed to detect or prevent opportunistic behaviour of network participants. We present a requirements engineering method for understanding control problems and designing solutions, based on an economic value perspective. The methodology employs a library of so-called control patterns, inspired by design patterns in software engineering. A control pattern is a generic solution for a common control problem. The usefulness and adequacy of the control patterns is demonstrated by a case study of the governance and control mechanisms of the Dutch public health insurance network for exceptional medical expenses (AWBZ).",inter-organizational control|control patterns|design patterns|requirements engineering|opportunism|health care networks|AWBZ|public health insurance|governance mechanisms|network sustainability,Accounting and Organizational Management,Management Information Systems,"Business, Management and Accounting",Social Sciences
https://doi.org/10.1057/ejis.2011.16,The scholarly influence of Heinz Klein: ideational and social measures of his impact on IS research and IS scholars,2011,2011-05-10,Duane Truex|Michael J. Cuellar|Hirotoshi Takeda|Richard T. Vidgen,Georgia State University|Mid Sweden University|North Carolina Central University|Université Paris Dauphine-PSL|UNSW Sydney,SE|US|US|FR|US|AU,32,Open Access,"Heinz Klein was a fine scholar and mentor whose work and life have inspired us to explore the notion of ‘scholarly influence’ which we cast as ‘ideational’ and ‘social influence’. We adopt a portfolio of measures approach, using the Hirsch family of statistics to assess ideational influence and Social Network Analysis centrality measures for social influence to profile Heinz Klein's contribution to information systems (IS) research. The results show that Heinz was highly influential in both ideational terms (a significant body of citations) and social terms (he is close to the heart of the IS research community). Reflecting on the major research themes and scholarly values espoused by Klein we define a ‘Kleinian view of IS research’, grounded in Habermas’ Theory of Communicative Action, and use that to frame four affirmative propositions to address what we observe to be a distortion and attenuation of the academic discourse on the evaluation of scholarly production. This paper argues that focus should be shifted from the venue of publication of the research to the uptake of the ideas contained in it, thus increasing the openness of the discourse, participation in the discourse, truthfulness, and reduction of the inequities in power distribution within academia.",research impact|social influence|h-index|citation impact|social network analysis|network centrality|Jürgen Habermas|communicative action|academic discourse|information systems research,scientometrics and bibliometrics research,"Statistics, Probability and Uncertainty",Decision Sciences,Social Sciences
https://doi.org/10.1057/ejis.2010.52,Alignment within the corporate IT unit: an analysis of software testing and development,2010,2010-11-30,Colin G. Onita|Jasbir Dhaliwal,University of Memphis,US|US,31,NOT Open Access,,strategic alignment|software testing|software development|IT governance|resource availability|organizational competencies,Information Technology Governance and Strategy,Management Information Systems,"Business, Management and Accounting",Social Sciences
https://doi.org/10.1057/ejis.2010.18,Software process improvement with weak management support: an analysis of the dynamics of intra-organizational alliances in IS change initiatives,2010,2010-04-27,Ojelanki K. Ngwenyama|Jacob Nørbjerg,Toronto Metropolitan University|Copenhagen Business School,CA|DK,31,NOT Open Access,,software process improvement|information system implementation|organizational change|top management commitment|alliance dynamics,Software Engineering Techniques and Practices,Information Systems,Computer Science,Physical Sciences
https://doi.org/10.1057/ejis.2010.62,Designing IS service strategy: an information acceleration approach,2010,2010-12-28,Pierre J. Richard|Tim R. Coltman|Byron William Keating,University of Wollongong|University of Canberra,AU|AU|AU,30,NOT Open Access,,discrete choice analysis|innovation risk|parameter estimation|response variability,Information Technology Governance and Strategy,Management Information Systems,"Business, Management and Accounting",Social Sciences
https://doi.org/10.1057/s41303-016-0031-0,Constraint-based and dedication-based mechanisms for encouraging online self-disclosure: Is personalization the only thing that matters?,2017,2017-02-21,Hung‐Pin Shih|Kee‐hung Lai|T.C.E. Cheng,Hsuan Chuang University|Hong Kong Polytechnic University,TW|HK|HK,30,NOT Open Access,,online self-disclosure|privacy paradox|social networking sites|lock-in|trust building|social identity theory|personalization|privacy concerns|user-generated content|disclosure motivation,"Privacy, Security, and Data Protection",Sociology and Political Science,Social Sciences,Social Sciences
https://doi.org/10.1057/ejis.2012.35,How a professionally qualified doctoral student bridged the practice-research gap: a confessional account of Collaborative Practice Research,2012,2012-07-03,Lars Mathiassen|Anna Sandberg,Georgia State University|Ericsson (Sweden),US|SE,29,NOT Open Access,,research-practice gap|practitioner-researchers|doctoral students|theory of change|learning|publication outcomes|professional development,Information Systems Theories and Implementation,Sociology and Political Science,Social Sciences,Social Sciences
https://doi.org/10.1057/ejis.2012.8,Trans-situated use of integrated information systems,2012,2012-03-20,Eric Monteiro|Knut H. Rolland,Norwegian University of Science and Technology|,NO|,29,NOT Open Access,,integrated information systems|standardization|heterogeneity|commensurability|technology appropriation|practice-based research,Information Systems Theories and Implementation,Sociology and Political Science,Social Sciences,Social Sciences
https://doi.org/10.1057/ejis.2011.27,A case study of the legitimation process undertaken to gain support for an information system in a Chinese university,2011,2011-06-28,Donal J. Flynn|Yongqin Du,University of Manchester|Shell (United Kingdom),GB|GB,29,NOT Open Access,,legitimation|information systems adoption|stakeholder support|student support services|university information systems|sensemaking|Chinese universities,Information Systems Theories and Implementation,Sociology and Political Science,Social Sciences,Social Sciences
https://doi.org/10.1057/ejis.2013.33,Users' willingness to pay for web identity management systems,2013,2013-11-19,Heiko Roßnagel|Jan Zibuschka|Oliver Fast Hinz|Jan Muntermann,Fraunhofer Institute for Industrial Engineering|Technische Universität Darmstadt|University of Göttingen,DE|DE|DE|DE,29,Open Access,"Electronic services such as virtual communities or electronic commerce demand user authentication. Several more or less successful federated identity management systems have emerged to support authentication across diverse service domains in recent years. In this paper, we explore the determinants for success and failure of such systems with a focus on Germany representing one of the largest markets in Europe. To achieve this goal, we analyze the preferences and willingness to pay of prospective users by conducting a choice-based conjoint analysis. Our results indicate that users prefer simple systems where an intermediary takes care of their data. An additional market analyses confirms these findings and contradicts the assumptions of many researchers, especially in the fields of engineering and computer science, supporting systems with higher and higher levels of privacy and security.",federated identity management|willingness to pay|user preferences|user authentication|privacy|security (computing)|choice-based conjoint analysis|market analysis|Germany,"Privacy, Security, and Data Protection",Sociology and Political Science,Social Sciences,Social Sciences
https://doi.org/10.1080/0960085x.2018.1488567,Representing instances: the case for reengineering conceptual modelling grammars,2018,2018-07-03,Roman Lukyanenko|Jeffrey Parsons|Binny M. Samuel,University of Saskatchewan|Memorial University of Newfoundland|University of Cincinnati,CA|CA|US,29,NOT Open Access,,abstraction|information environment|knowledge representation,Semantic Web and Ontologies,Artificial Intelligence,Computer Science,Physical Sciences
https://doi.org/10.1057/ejis.2014.18,Learning to acquire: how serial acquirers build organisational knowledge for information systems integration,2014,2014-07-08,Stefan Henningsson,Copenhagen Business School,DK,28,Open Access,"This paper develops a knowledge-based model of information systems (IS) integration in acquisition-based growth programs. Previous research has found important differences in the acquirers’ abilities for acquisition IS integration, and that these differences play key roles in explaining the economic benefits of acquisition-based growth. A knowledge-based view of acquisition IS integration contributes explanation to how differences in abilities arise. Our knowledge-based model is developed by an analytic induction approach, comprising both deductive and inductive analysis of the industry group Trelleborg. The analyses yield five propositions that explain the building of knowledge for acquisition IS integration by the mechanisms of routine refinement, superstitious learning, expertise building, sub-activity refinement and related expertise building. Together, the five propositions form a knowledge-based model of acquisition IS integration. The model suggests that ‘serial acquirers’ form the knowledge necessary for attending to an IS integration challenge over a series of heterogeneous acquisitions. Differences in acquirers’ abilities for acquisition IS integration that depend on knowledge variations are therefore persistent and hard to overcome for the inexperienced acquirer.",information systems integration|serial acquirers|knowledge-based view|organizational knowledge|knowledge acquisition|Trelleborg|mergers and acquisitions|analytic induction,Innovation and Knowledge Management,Strategy and Management,"Business, Management and Accounting",Social Sciences
https://doi.org/10.1057/ejis.2012.39,The pursuit of trust in ad hoc virtual teams: how much electronic portrayal is too much?,2012,2012-09-18,Shoshana Altschuller|Raquel Benbunan‐Fich,Iona College|Baruch College,US|US,28,NOT Open Access,,trust|synchronous computer-mediated communication|user identification|self-disclosure|virtual co-presence|group discussion,Team Dynamics and Performance,Social Psychology,Psychology,Social Sciences
https://doi.org/10.1057/s41303-017-0036-3,Crowdsourcing of information systems research,2017,2017-03-13,James Love|Rudy Hirschheim,Franciscan Missionaries of Our Lady University|Louisiana State University,US|US,28,NOT Open Access,,crowdsourcing|crowdsourced research|information systems research|research output|mass collaboration|anonymity|governance|intellectual property ownership|value proposition|research agenda,Mobile Crowdsensing and Crowdsourcing,Computer Science Applications,Computer Science,Physical Sciences
https://doi.org/10.1057/ejis.2010.44,Analysing IOIS adoption through structural contradictions,2010,2010-08-31,Juan Rodón|Feliciano Sesé,Esade|Universitat Ramon Llull,ES|ES,27,NOT Open Access,,interorganizational systems|technology adoption|non-adoption|structural contradictions|duality of structure|structuration theory|social structure|barriers to adoption|implementation strategies,Information Systems Theories and Implementation,Sociology and Political Science,Social Sciences,Social Sciences
https://doi.org/10.1057/ejis.2011.11,Decision support or support for situated choice: lessons for system design from effective manual systems,2011,2011-04-19,Reeva Lederman|Robert B. Johnston,The University of Melbourne|University College Dublin,AU|IE,27,Open Access,"In a number of organisational settings where work is highly skilled but substantially routine, certain entrenched manual systems have resisted digitisation. These systems include card-based systems in emergency despatch, the paper flight progress strips system used in air traffic control, the Kanban system and whiteboard systems used in hospital wards. Research to understand or replace these systems has frequently regarded them as decision support systems (DSS). We report here a detailed case study of a manual whiteboard-based bed allocation system in the ICU of a large general hospital, which shows that the support it provides for users’ action choices cannot be validly conceived as decision support. This system and other effective manual systems may be better understood as a ‘situated choice support system’ (SCSS). Whereas DSS provide actors with a model of the action environment in order to support reasoning about the consequences of alternative actions, SCSS provide actors with structured work environments that reduce possible actions and cue-providing information resources to support a reactive choice between these limited alternatives. The findings warn of the danger of uncritically applying the DSS design paradigm to supporting action choice in skilled routine work, and provide an alternative design theory, which can potentially inform new ICT-based designs.",decision support system|bed allocation|intensive care unit|emergency dispatch|air traffic control|Kanban|action selection,Information Systems Theories and Implementation,Sociology and Political Science,Social Sciences,Social Sciences
https://doi.org/10.1057/ejis.2012.47,Exploring the impact of operating model choice on the governance of inter-organizational workflow: the U.S. e-prescribing network,2012,2012-11-13,Nelson E. King,American University of Beirut,LB,26,NOT Open Access,,operating model|IT governance|interorganizational networks|information intermediaries|inter-organizational workflows|standardization|integration|IT strategy alignment|healthcare policy|network governance,Information Technology Governance and Strategy,Management Information Systems,"Business, Management and Accounting",Social Sciences
https://doi.org/10.1057/ejis.2013.32,Organizational identity and information systems: how organizational ICT reflect who an organization is,2013,2013-11-19,Michael Tyworth,Pennsylvania State University,US,26,NOT Open Access,,organizational identity|information and communication technologies|inter-organizational information sharing|criminal justice agencies|ICT development,Information Systems Theories and Implementation,Sociology and Political Science,Social Sciences,Social Sciences
https://doi.org/10.1057/ejis.2012.22,The impact of geocollaborative portals on group decision making for trip planning,2012,2012-05-08,Μαριάννα Σιγάλα,University of the Aegean,GR,25,NOT Open Access,,group decision making|trip planning|group support systems|Web 2.0|collaborative planning|group intelligence|teamwork|group discussion|group consensus|student perceptions|itinerary planning,Team Dynamics and Performance,Social Psychology,Psychology,Social Sciences
https://doi.org/10.1057/ejis.2012.24,Trust dynamics in a large system implementation: six theoretical propositions,2012,2012-06-26,Bjarne Rerup Schlichter|Jeremy Rose,Aarhus University|Aalborg University,DK|DK,25,NOT Open Access,,trust dynamics|stakeholder trust|enterprise resource planning|Anthony Giddens|modernity|mutual trust|Faroe Islands,ERP Systems Implementation and Impact,Management Information Systems,"Business, Management and Accounting",Social Sciences
https://doi.org/10.1057/ejis.2012.27,Sympathy or strategy: social capital drivers for collaborative contributions to the IS community,2012,2012-06-13,Matthias Trier|Judith Molka-Danielsen,Copenhagen Business School|Molde University College,DK|NO,25,NOT Open Access,,social capital|research collaboration|co-authorship networks|academic networks|structural holes|brokers|small-world property|regional preferences,scientometrics and bibliometrics research,"Statistics, Probability and Uncertainty",Decision Sciences,Social Sciences
https://doi.org/10.1080/0960085x.2018.1435231,A critical realist script for creative theorising in information systems,2018,2018-02-15,Clay K. Williams|Donald E. Wynn,Southern Illinois University Edwardsville|University of Dayton,US|US,25,NOT Open Access,,critical realism|information systems theory|theory development|ontology and epistemology|theory-practice integration,Information Systems Theories and Implementation,Sociology and Political Science,Social Sciences,Social Sciences
https://doi.org/10.1057/ejis.2011.17,Illusions of control and social domination strategies in knowledge mapping system use,2011,2011-05-31,Aurélie Dudézert|Dorothy E. Leidner,École Centrale Paris|Laboratoire Génie Industriel|Baylor University,FR|US,24,NOT Open Access,,knowledge mapping|knowledge visualization|illusion of control|social domination|Pierre Bourdieu|knowledge management|human resource management|executive function|avoidance strategies|information overload,Information Systems Theories and Implementation,Sociology and Political Science,Social Sciences,Social Sciences
https://doi.org/10.1057/ejis.2010.46,Usage and impact of technology enabled job learning,2010,2010-09-28,Gholamreza Torkzadeh|Jerry Chang|Andrew M. Hardin,"University of Nevada, Las Vegas",US|US|US,24,NOT Open Access,,information system use|decision support|work integration|customer service|management control|task productivity|customer satisfaction,Technology Adoption and User Behaviour,Information Systems and Management,Decision Sciences,Social Sciences
https://doi.org/10.1057/ejis.2010.36,Proactive or reactive IT leaders? A test of two competing hypotheses of IT innovation and environment alignment,2010,2010-06-22,Ying Lu|Keshavamurthy Ramamurthy,University of North Carolina at Charlotte|University of Wisconsin–Milwaukee,US|US,24,NOT Open Access,,IT innovation|real options|dynamic capabilities|industry environment|firm performance|allocative efficiency|cost efficiency|competitive advantage,Information Technology Governance and Strategy,Management Information Systems,"Business, Management and Accounting",Social Sciences
https://doi.org/10.1080/0960085x.2020.1869914,Co-creating business value through IT-business operational alignment in inter-organisational relationships: empirical evidence from regional networks,2021,2021-01-16,Simon Thanh-Nam Trang|Markus Mandrella|Mauricio Marrone|Lutz Maria Kolbe,University of Göttingen|Macquarie University,DE|DE|AU|DE,24,Open Access,"IT alignment research has remained limited primarily to intra-organisational alignment, leaving much to learn about the value-creation potential of its largely neglected inter-organisational counterpart. This study addresses this gap by investigating the role of IT-business operational alignment in inter-organisational relationships (IOR). Drawing on IT-based value-co creation and IT alignment literature, we propose that IOR IT-business operational alignment is an immediate source for co-creating business value and can be established through a capability-building process. Using a sample of 241 regional network collaborations in Germany, we find that IOR IT-business operational alignment directly affects relationship performance. Moreover, we find that three IOR IT capabilities – IT infrastructure integration, information exchange capability, and IT-enabled coordination – enable the development of IOR IT-business operational alignment. This study contributes to IS research on value co-creation by integrating the concept of IT-business alignment into a nomological network with well-established IOR IT capabilities. We provide theoretical explanations and empirical evidence that IT infrastructure integration, information exchange capability, and IT-enabled coordination indirectly affect relationship performance over an operational alignment process. For practice, we highlight the importance of monitoring IT-business operational alignment in IOR and provide recommendations on how to expand existing alignment efforts.",interorganizational relationships|value co-creation|relationship performance|IT capabilities|IT infrastructure integration|regional networks|capability development|business value,Information Technology Governance and Strategy,Management Information Systems,"Business, Management and Accounting",Social Sciences
https://doi.org/10.1057/ejis.2014.5,The realignment of offshoring frame disputes (OFD): an ethnographic ‘cultural’ analysis,2014,2014-09-30,M. N. Ravishankar,Loughborough University,GB,23,Open Access,"In Information Systems (IS) research on cross-cultural issues, cultural categories are typically introduced as analytical labels that explain why and how organizational groups in different parts of the world act and think differently. However, broad cultural categories can also be discursively mobilized by organizational members as strategic adaptive resources. Drawing on an ethnographic study of offshoring frame disputes (OFD) in an Indian subsidiary unit of a large Western information technology (IT) organization, this paper explores how members actively invoke a series of beliefs about Western culture and implicitly position them as the binary opposite of Eastern (or Indian) culture. The findings demonstrate how the mobilization of such beliefs eventually plays a vital role in the reconciliation of four different types of OFD. Drawing on this analysis, I build a social–psychological process model that explains how frame extensions trigger a cognitive reorganization process, leading to the accomplishment of OFD realignment. The paper argues that discursively invoked binary cultural categories help maintain non-confrontational definitions of situations and sustain working relationships in IT offshoring environments. Furthermore, interpretations linked to cultural notions seem to reflexively take the offshore–onshore power differentials into account.",IT offshoring|cross-cultural management|cultural categories|frame extension|cognitive restructuring|workplace relationships,Outsourcing and Supply Chain Management,Management Information Systems,"Business, Management and Accounting",Social Sciences
https://doi.org/10.1080/0960085x.2019.1624141,Abductive innovations in information security policy development: an ethnographic study,2019,2019-06-16,Marko Ilmari Niemimaa|Elina Niemimaa,University of Jyväskylä,FI|FI,23,Open Access,"Developing organisational information security (InfoSec) policies that account for international best practices but are contextual is as much an opportunity for improving InfoSec as it is a challenge. Previous research indicates that organisations should create InfoSec policies based on best practices (top-down) and simultaneously encourages participatory development (bottom-up). These contradictory suggestions place managers in a dilemma: Should they follow a top-down or bottom-up approach? In this research, we build on an ethnographic approach to study how an innovative engineering company (MachineryCorp) managed the contradiction when the firm developed an InfoSec policy. Drawing on the dialectical theory of organisations as a lens, the findings suggest the InfoSec policy development is a recurrent process consisting of three phases: (1) drawing interpretations of InfoSec requirements from best practices (deductive adoption) and (2) constructing possibilities for local implementation (inductive adjustment) (3) that engender tensions between best practices and local contingencies facilitating innovative local resolutions (synthetic innovation). We call this process abductive innovation. At MachineryCorp, a triangle of tensions surfaced due to economic realities, infrastructure affordances, and social arrangements, and were necessary in explaining how the InfoSec policy gradually and iteratively materialised and resulted in an organisationally contingent policy.",information security policy|policy development|best practices|top-down and bottom-up approaches|participatory policymaking|organizational innovation|engineering firms|social arrangements,Information and Cyber Security,Information Systems,Computer Science,Physical Sciences
https://doi.org/10.1057/ejis.2011.34,The use of ethnography and grounded theory in the development of a management information system,2011,2011-08-30,Elisa Mattarelli|Fabiola Bertolotti|Diego Maria Macrı̀,University of Modena and Reggio Emilia,IT|IT|IT,22,Open Access,"This work presents new evidence on how ethnography and the grounded theory approach can be integrated within a participatory information system development process. We conducted an ethnography in a hospital unit, collecting data from observations, interviews, and documents. The discussion about emergent themes with the actors in their natural context and the development of a grounded model allowed us to identify widespread discomfort felt by personnel and to code it as process conflict, that is a particular type of conflict caused by inefficiencies in the organization of work activities. The grounded model was the starting point for conducting a series of focus groups during which the organizational actors were allowed to face process conflict while defining the requirements of a new management information system. We conclude with a discussion of the implications of our study for IS researchers and practitioners.",ethnography|grounded theory|management information systems|process conflict|hospital staff|requirements analysis|focus groups|work organization,Information Systems Theories and Implementation,Sociology and Political Science,Social Sciences,Social Sciences
https://doi.org/10.1057/ejis.2013.16,Interrelationships of identity and technology in IT assimilation,2013,2013-08-06,Aurélie Leclercq‐Vandelannoitte,,,22,NOT Open Access,,organizational identity|Michel Foucault|management discourse|geolocation technologies|information technology adoption|organizational change,Information Systems Theories and Implementation,Sociology and Political Science,Social Sciences,Social Sciences
https://doi.org/10.1057/ejis.2011.29,"Towards a greater diversity in writing styles, argumentative strategies and genre of manuscripts",2011,2011-08-04,Frantz Rowe,,,22,Open Access,"EJIS values diversity in all domains: topics, research methods, philosophy of science, origin of scholars and writing styles. This strategy aims at making wider connections and avoiding conformism ...",writing style|argumentation strategies|diversity in research|academic writing|information systems research,Academic Writing and Publishing,History and Philosophy of Science,Arts and Humanities,Social Sciences
https://doi.org/10.1057/ejis.2015.22,Supporting the design of data integration requirements during the development of data warehouses: a communication theory-based approach,2016,2016-06-28,Christoph Rosenkranz|Roland Holten|Marc Räkers|Wolf Behrmann,University of Cologne|Goethe University Frankfurt|,DE|DE||,22,NOT Open Access,,data warehouse design|semantic heterogeneity|communication theory|agile software development|information system development|design theory,Big Data and Business Intelligence,Management Information Systems,"Business, Management and Accounting",Social Sciences
https://doi.org/10.1057/ejis.2011.55,Reconsidering deconstruction in information systems research,2011,2011-11-15,Mike W. Chiasson|Elizabeth Davidson,Lancaster University|University of Hawaiʻi at Mānoa,GB|US,21,Open Access,"Deconstruction, a post-structuralist approach to examining language in texts, is most often associated with the philosophical works of Jacque Derrida. After a flurry of interest among management and information systems (IS) scholars, this qualitative approach to exploring organizational texts has received little attention in the IS literature. We suggest deconstruction could help our field explore how IS texts describe the social and technical past and also prescribe and circumscribe the future of IS practice. Thus, we suggest the IS field reconsider how deconstruction might contribute to language-based approaches in IS research and practice. In this paper, we discuss deconstruction in light of the linguistic turn in social science research and the support and criticism for its use in management research. We consider IS research publications that have employed deconstruction explicitly, examine a well-known IS publication as an example of the deconstruction of IS texts, and suggest ways in which deconstruction might be applied to various genres of IS texts to inspire insights and creativity. To conclude, we highlight considerations for researchers who might adopt this approach and for the editors and reviewers who would evaluate qualitative research papers that employ deconstruction.",deconstruction|Jacques Derrida|poststructuralism|linguistic turn|qualitative research methodology|language-based approach|organizational texts,Information Systems Theories and Implementation,Sociology and Political Science,Social Sciences,Social Sciences
https://doi.org/10.1057/ejis.2010.31,Managing as designing: ‘opportunity knocks’ for the IS field?,2010,2010-06-01,David G. Wastell,University of Nottingham,GB,21,NOT Open Access,,information systems discipline|children's services|evidence-based management|research dissemination,Information Systems Theories and Implementation,Sociology and Political Science,Social Sciences,Social Sciences
https://doi.org/10.1057/ejis.2012.51,Effective ERP adoption processes: the role of project activators and resource investments,2012,2012-11-27,Edward W. N. Bernroider,Vienna University of Economics and Business,AT,21,Open Access,"The aim of this paper is to demonstrate whether stakeholders activating a project shape team building, the structure and magnitude of resource investment levels, and to what extent these levels impact ERP project effectiveness. The process view of an ERP project includes project initiation, system justification and funding, implementation, and early system use. Results from a nationwide empirical survey conducted in Austria (N=88) show that activating actors influence team formation and resource investments, which impact project effectiveness levels. Resource-intensive justification and funding phases tend to precede resource-intensive implementations in heavy-weight projects, which seem to be less effective than light-weight projects. Resource and change conflicts are associated with lower project effectiveness and are more common in resource-intensive ERP projects, where early system use appears to be relatively less stable.",ERP adoption|team building|resource investment|system justification|project funding|ERP implementation,ERP Systems Implementation and Impact,Management Information Systems,"Business, Management and Accounting",Social Sciences
https://doi.org/10.1057/s41303-016-0028-8,"Contextualization and problematization, gamification and affordance: a traveler’s reflections on EJIS",2016,2016-11-01,Dov Te’eni,Tel Aviv University,IL,21,Open Access,"In a recent editorial, EJIS editors got together to draw out the philosophy, vision, and practices of our current view of the journal (Te’eni et al, 2015). We called for submissions in a diverse se...",contextualization|problematization|gamification|affordances|information systems research|research agenda,Information Systems Theories and Implementation,Sociology and Political Science,Social Sciences,Social Sciences
https://doi.org/10.1057/s41303-017-0060-3,ERP prototype with built-in task and process support,2017,2017-09-04,Tamara Babaian|Jennifer Xu|Wendy T. Lucas,Bentley University,US|US|US,21,NOT Open Access,,enterprise resource planning|task guidance|procedural guidelines|human-computer collaboration|user interface design|user learning|interaction history,Usability and User Interface Design,Human-Computer Interaction,Computer Science,Physical Sciences
https://doi.org/10.1080/0960085x.2018.1435229,"Phronesis, argumentation and puzzle solving in IS research: illustrating an approach to phronetic IS research practice",2018,2018-03-01,Ojelanki K. Ngwenyama|Stefan P. Klein,University of Cape Town|Toronto Metropolitan University|University of Münster,CA|ZA|DE,21,Open Access,"The embedding of information systems (IS) infrastructure into everyday social activity is creating intractable value conflicts for society. However, IS research largely focuses on: (1) episteme, explanatory and predictive theories; and (2) techné, theories of action for implementation and management of IS technologies. Consequently, we lack applicable knowledge for deliberating about IS value conflicts. The third type of knowledge, phronesis, which Aristotle proposed to inform ethical application of episteme and techné, has not been given much attention in our discipline. Presently, we are experiencing a critical limitation in our capabilities for generating ethically applicable IS knowledge in the face of increasing value conflicts arising from pervasive digitalisation. In this paper, we introduce phronesis, discuss its philosophical foundations and illustrate an approach to phronetic enquiry into the underlying value conflicts of a failed national IS infrastructure project. Our aim is to strengthen and expand IS research methods for systematic critical enquiry into social-values dilemmas resulting from continued embedding of IS technologies into our social world.",practical wisdom|Aristotle|argumentation|puzzle solving|value conflicts|episteme and techne|digitalization|critical inquiry,Information Systems Theories and Implementation,Sociology and Political Science,Social Sciences,Social Sciences
https://doi.org/10.1057/ejis.2013.29,Paradigm lost … paradigm gained: a hermeneutical rejoinder to Banville and Landry’s ‘Can the Field of MIS be Disciplined?’,2013,2013-10-15,Nik Rushdi Hassan,"University of Minnesota, Duluth",US,20,NOT Open Access,,paradigm concept|disciplinary identity|information systems discipline|hermeneutics|disciplinary pluralism|theory development,Information Systems Theories and Implementation,Sociology and Political Science,Social Sciences,Social Sciences
https://doi.org/10.1080/0960085x.2020.1808539,Ingredients for successful badges: evidence from a field experiment in bike commuting,2020,2020-08-25,Zachary J. Sheffler|Liu De|Shawn P. Curley,University of Massachusetts Amherst|University of Minnesota,US|US|US,20,Open Access,"Despite the popularity of badges in gamification applications, there is a lack of research on how to design badges to increase target behaviour. Motivated by this gap, we conduct a large-scale field experiment in a commuting-by-bicycle programme to explore efficacies of different badge designs in motivating ridership. We systematically vary the rewards, signifiers, and completion logic components of badges. We find adding an option for sharing a badge on Facebook, as a reward for badge attainment, increases ridership. Changing the badge signifier from a self-interested frame to a pro-environmental frame does not make a difference. Changing completion logic from a fixed to a relative goal increases ridership only among frequent riders. These findings have direct implications for gamification design and provide useful directions for research into the motivations behind the design elements.",badges|gamification|cycling promotion|reward|signifier|pro-environmental motivation|social sharing|Facebook|behavior change,Educational Games and Gamification,Developmental and Educational Psychology,Psychology,Social Sciences
https://doi.org/10.1080/0960085x.2021.1907233,Extending the story of IS success: a meta-analytic investigation of contingency factors at individual and organisational levels,2021,2021-07-13,Nikhil Mehta|Sumedha Chauhan|Inderjeet Kaur,University of North Carolina at Greensboro|O. P. Jindal Global University|Indian Institute of Management Rohtak,US|IN|IN,20,NOT Open Access,,information system success|contingency factors|levels of organization|individual level|system complexity|user types|multilevel analysis|information technology adoption,Technology Adoption and User Behaviour,Information Systems and Management,Decision Sciences,Social Sciences
https://doi.org/10.1080/0960085x.2021.1978339,Leapfrogging Healthcare Service Quality in Sub-Saharan Africa: The Utility-Trust Rationale of Mobile Payment Platforms,2021,2021-09-22,Joseph K. Nwankpa|Pratim Milton Datta,Miami University|Kent State University|University of Johannesburg,US|US|ZA,20,NOT Open Access,,mobile payment platforms|healthcare service quality|patient trust|patient commitment|perceived usefulness|hospital billing|digital health|financial inclusion|sub-Saharan Africa|Nigeria|health care access,"Health, Technology, Consumer Behavior",Health Information Management,Health Professions,Health Sciences
https://doi.org/10.1057/ejis.2011.46,Some considerations for articles introducing new and/or novel quantitative methods to IS researchers,2011,2011-11-15,Wynne W. Chin|Iris A. Junglas|José Luis Roldán,Sogang University|University of Houston||Universidad de Sevilla,KR|US||ES,19,Open Access,"In our call for this special issue on quantitative methods, we noted that researchers often must devote time to investigate, design and develop sound methods or approaches to best conduct their res...",quantitative methods|methodological innovation|information systems research|method development|research methodology design,Information Systems Theories and Implementation,Sociology and Political Science,Social Sciences,Social Sciences
https://doi.org/10.1057/s41303-017-0052-3,Impact of executive compensation on the execution of IT-based environmental strategies under competition,2017,2017-05-17,Ricky Y. K. Chan|Katherine H. Y. Ma,Hong Kong Polytechnic University,HK|HK,19,Open Access,"Drawing on agency theory and the contingent natural resource-based theory, this study employs firm-level archival and survey data of US manufacturing firms to examine the impact of CEO compensation forms on the execution of IT-based environmental strategies and the moderating influence of competitive intensity on this impact. The findings reveal that CEO fixed pay and bonus negatively affect the execution of the two types of IT-based environmental strategies, green IT strategies and IT-enabled green strategies, whereas CEO stock option positively influences such execution. The moderation analysis further highlights that while competitive intensity reinforces the positive impact of CEO stock option on both strategies, it weakens the negative impact of CEO fixed pay and bonus only on IT-enabled green strategies. The findings suggest that a highly competitive operating setting represents an ideal setting for using stock option to motivate CEOs to execute these two strategies. At the minimum, this setting helps mitigate the deterrent effect of fixed pay and bonus on CEOs’ execution of IT-enabled green strategies. The findings also suggest that firms should align their CEO compensation package with the characteristics of high uncertainty and long payback periods of IT-based environmental strategic endeavors and the competitive conditions they face.",executive compensation|CEO stock options|fixed salary|performance bonuses|green computing|competitive intensity|agency theory|natural resource-based view|manufacturing companies,Information Technology Governance and Strategy,Management Information Systems,"Business, Management and Accounting",Social Sciences
https://doi.org/10.1080/0960085x.2017.1387349,"Intention–behaviour misalignment at B2C websites: when the horse brings itself to water, will it drink?",2017,2017-10-31,Greta L. Polites|Elena Karahanna|Larry Seligman,Kent State University|University of Georgia|,US|US|,19,NOT Open Access,,purchase intention|B2C websites|online shopping behavior|hotel websites|uncertainty|website visitors,Technology Adoption and User Behaviour,Information Systems and Management,Decision Sciences,Social Sciences
https://doi.org/10.1057/ejis.2010.4,Business strategic conflict in computer-mediated communication,2010,2010-02-23,Joyce Y. H. Lee|Niki Panteli,University of Bath,GB|GB,18,NOT Open Access,,computer-mediated communication|communication media selection|inter-organisational collaboration|coopetition|email use|face-to-face meetings|high-tech enterprises|cross-industry collaboration,Business Strategy and Innovation,Strategy and Management,"Business, Management and Accounting",Social Sciences
https://doi.org/10.1057/ejis.2012.4,Effects of time-inconsistent preferences on information technology infrastructure investments with growth options,2012,2012-02-21,Sarah Sabin Khan|Moutaz J. Khouja|Ram L. Kumar,University of North Carolina at Charlotte,US|US|US,18,NOT Open Access,,time-inconsistent preferences|present bias|IT infrastructure investment|real options|growth options|managerial bias|IT governance,Capital Investment and Risk Analysis,Finance,"Economics, Econometrics and Finance",Social Sciences
https://doi.org/10.1080/0960085x.2021.1907235,Improving the state-tracking ability of corona dashboards,2021,2021-04-20,Jan Recker,Universität Hamburg,DE,18,NOT Open Access,,COVID-19 pandemic|state tracking|geospatial information systems|design principles,Data Visualization and Analytics,Computer Vision and Pattern Recognition,Computer Science,Physical Sciences
https://doi.org/10.1057/ejis.2010.43,Valuing worldwide diversity in a European spirit: being more critical and open,2010,2010-09-24,Frantz Rowe,SKEMA Business School|Laboratoire d'Economie et de Management de Nantes Atlantique|Nantes Université,FR,17,Open Access,"When Ray Paul and Richard Baskerville informed and encouraged me about the possibility to apply for this position of co-Editor at the European Journal of Information Systems, I felt tremendously ho...",diversity|critical thinking|openness|European values|information systems research|editorial role,Publishing and Scholarly Communication,History and Philosophy of Science,Arts and Humanities,Social Sciences
https://doi.org/10.1057/ejis.2011.18,Enabling a Kleinian integration of interpretivist and socio-critical IS research: the contribution of Dooyeweerd's philosophy,2011,2011-05-10,Andrew Basden,University of Salford,GB,17,Open Access,"This paper suggests how interpretivist, socio-critical and positivist approaches in information systems (IS) research might be integrated. Heinz Klein's approach to IS was a significant advance on earlier ones, bringing together a number of issues discussed in interpretivist and socio-critical circles, with philosophical groundings. He believed IS research would benefit from integration of interpretivist and socio-critical approaches, but found no philosophical grounding for this. Interpretivism's reluctance to consider normativity might be a ‘Trojan horse’ that undermines integration. This paper employs Dooyeweerd's philosophy to expose and expel the Trojan horse and sketch how a philosophically grounded integration of interpretivist, socio-critical and even positivist approaches might proceed.",interpretivism|positivism|normativity|philosophy of information systems|information systems research methodology,Information Systems Theories and Implementation,Sociology and Political Science,Social Sciences,Social Sciences
https://doi.org/10.1080/0960085x.2019.1581441,Information as a difference: toward a subjective theory of information,2019,2019-03-14,Earl H. McKinney|Charles J. Yoos,Bowling Green State University|Deggendorf Institute of Technology,US|DE,17,NOT Open Access,,Gregory Bateson|criteria|perception of difference|uncertainty|information seeking|information systems practice,Knowledge Management and Technology,Management Science and Operations Research,Decision Sciences,Social Sciences
https://doi.org/10.1080/0960085x.2019.1666038,Governmental intervention in Hospital Information Exchange (HIE) diffusion: a quasi-experimental ARIMA interrupted time series analysis of monthly HIE patient penetration rates,2019,2019-09-26,David Gefen|Ofir Ben‐Assuli|Mark F. Stehr|Bruce Rosen|Yaron Denekamp,Drexel University|Ono Academic College|Myers-JDC-Brookdale Institute|Clalit Health Services|University of Haifa,US|IL|US|IL|IL,17,NOT Open Access,,health information exchange|technology diffusion|Bass diffusion model|public policy|health maintenance organizations|national health information systems|health data sharing,Electronic Health Records Systems,Health Information Management,Health Professions,Health Sciences
https://doi.org/10.1057/s41303-017-0061-2,Reversed loss aversion in crowdsourcing contest,2017,2017-08-14,Haichao Zheng|Bo Xu|Lin-Na Hao|Zhangxi Lin,Southwestern University of Finance and Economics|Fudan University|Liaocheng University|Texas Tech University,CN|CN|CN|US,16,NOT Open Access,,crowdsourcing contests|loss aversion|crowdsourcing platforms|business models,Decision-Making and Behavioral Economics,General Decision Sciences,Decision Sciences,Social Sciences
https://doi.org/10.1080/0960085x.2019.1620649,Creating “informating” systems using Agile development practices: an action research study,2019,2019-05-30,Nanda Chingleput Surendra|Salman Nazir,West Virginia University,US|US,16,Open Access,"We use action research to understand the concepts of automating and informating, and study whether agile development practices could be an enabler of informating functionalities. Two questions based on these contrasts and connections motivate this research. Our first research question is: What are the characteristics of an informating functionality and how does an informating functionality differ from an automating functionality? Our second research question is: What role could agile practices play in the development of informating functionalities? In this paper, we discuss the actions, reflections and lessons learned from three action research iterations while developing an admissions application for a business college.",agile software development|informatics|business process automation|software development practices,Software Engineering Techniques and Practices,Information Systems,Computer Science,Physical Sciences
https://doi.org/10.1080/0960085x.2019.1627488,Impact of IT offerings strategies and IT integration capability on IT vendor value creation,2019,2019-06-14,Federica Ceci|Andrea Masini|Andrea Prencipe,University of Chieti-Pescara|HEC Paris|Libera Università Internazionale degli Studi Sociali Guido Carli,IT|FR|IT,16,NOT Open Access,,modularity|customization|complementarity effects|knowledge base,Innovation and Knowledge Management,Strategy and Management,"Business, Management and Accounting",Social Sciences
https://doi.org/10.1080/0960085x.2020.1756003,Ideological shifts in open source orchestration: examining the influence of licence choice and organisational participation on open source project outcomes,2020,2020-06-18,Poonacha K. Medappa|Shirish Chandra Srivastava,Tilburg University|HEC Paris,NL|FR,16,NOT Open Access,,free and open source software|ideological change|volunteer contributors|contributor motivation|project popularity|project survival|GitHub projects|work structure,Open Source Software Innovations,Computer Science Applications,Computer Science,Physical Sciences
https://doi.org/10.1080/0960085x.2021.2023669,Explaining sociotechnical change: an unstable equilibrium perspective,2022,2022-02-01,Louise Harder Fischer|Richard Baskerville,IT University of Copenhagen|Georgia State University,DK|US,16,NOT Open Access,,socio-technical change|unstable equilibrium|punctuated equilibrium|knowledge workers|workplace technology|knowledge work|digital transformation|organizational inertia,Information Systems Theories and Implementation,Sociology and Political Science,Social Sciences,Social Sciences
https://doi.org/10.1057/ejis.2011.28,Development of an IS change reason–IS change type combinations matrix,2011,2011-07-12,Katharina Krell|Sabine Matook|Fiona H. Rohde,The University of Queensland,AU|AU|AU,15,NOT Open Access,,information system change|IS professionals,Information Technology Governance and Strategy,Management Information Systems,"Business, Management and Accounting",Social Sciences
https://doi.org/10.1057/ejis.2012.60,Research opportunities in information technology funding and system justification,2013,2013-03-01,Ken Peffers|Brian L. Dos Santos,"University of Nevada, Las Vegas|University of Louisville",US|US,15,Open Access,"This article reviews IT funding and system justification practice and research in two dimensions, previews papers in the special issue on ‘Information technology funding and system justification in the organization’, and identifies opportunities for research in IT funding. IT funding decisions have been hard problems for firms and, because IT investments are so pervasive, they have been very important. Here we review IT funding decisions and research about IT funding historically, using two dimensions, justification dynamism and justification evidence. Over time, the IT funding decisions have changed from static, one time events to iterative and even continuous efforts. Early IT funding decisions were based on finance and accounting models, but changes in the purposes of new systems have necessitated justification based on a variety of qualitative measures. We preview the six papers in the special issue, with an eye to introducing them to readers and also to looking for areas that represent opportunites for future IS research. Finally, we identify eight areas that should represent good opportunities for future research in IT funding and systems justification.",IT funding|IT investment decisions|system justification|qualitative measures|research opportunities|information systems research,Information Technology Governance and Strategy,Management Information Systems,"Business, Management and Accounting",Social Sciences
https://doi.org/10.1080/0960085x.2021.1944822,An immodest proposal – going “All in” on replication research in information systems,2021,2021-07-07,Alfred Brendel|Stephan Diederich|Fred Niederman,Technische Universität Dresden|University of Göttingen|Saint Louis University,DE|DE|US,15,Open Access,"Genuine theory testing, also under the term “replication research”, is rarely found in Information Systems (IS) research. Based on a replication’s results, our understanding or representation of the original theory is updated. This function of replication is integral to a scientific discipline to accumulate confidence in the explanatory power of a theory and to weed out theories that did not withstand scrutiny. However, many new theories are only tested once in the original study, while subsequent studies reference it without explicitly questioning the original theory. Against this background, we examine three aspects of the current state of replication studies in IS: (1) how many explicit replication studies in key IS research outlets have been published; (2) the attitudes of senior scholars, mostly prestigious IS journals’ editors, towards publishing replication research in their journals; and (3) a new policy proposal towards replication research broadly across all journals. We propose that all journals should take responsibility for publishing replications of theory or empirical results that have formerly been presented in that journal.",replication study|information systems research|theory testing|journal editorial policy|research reproducibility|scientific rigor,Information Systems Theories and Implementation,Sociology and Political Science,Social Sciences,Social Sciences
https://doi.org/10.1057/ejis.2014.14,Determinants of software piracy under risk aversion: a model with empirical evidence,2014,2014-06-17,Ahmed Driouchi|Mingzhu Wang|Tarik Driouchi,|King's College London,|GB|GB,14,NOT Open Access,,software piracy|risk aversion|inverted U-shaped relationship|GDP per capita|human development|state governance|institutional quality|behavioral factors|software commercialization,Copyright and Intellectual Property,Marketing,"Business, Management and Accounting",Social Sciences
https://doi.org/10.1057/ejis.2012.46,Reviving the IT in the IS,2012,2012-11-01,Richard Baskerville,,,14,Open Access,"As we approach our 22nd volume, the European Journal of Information Systems is a mature and successful scholarly outlet. The identity crises have waned. The scholarly readers seem to be comfortable...",information systems research|information technology|researcher identity|scholarly publishing,Information Systems Theories and Implementation,Sociology and Political Science,Social Sciences,Social Sciences
https://doi.org/10.1080/0960085x.2017.1408752,The effects of relative and criticism-based performance appraisals on task-level escalation in an IT project: a laboratory experiment,2018,2018-02-07,Jong Seok Lee|Mark Keil,University of Memphis|Georgia State University,US|US,14,NOT Open Access,,performance evaluation (human resources)|goal orientation|prospect theory|risk propensity|self-esteem|employee behavior,Job Satisfaction and Organizational Behavior,Organizational Behavior and Human Resource Management,"Business, Management and Accounting",Social Sciences
https://doi.org/10.1080/0960085x.2021.1907236,The social fabric framework: steps to eliciting the social making of organisations in the digital age,2021,2021-05-23,Michel Avital|Tina Blegind Jensen|Signe Dyrby,Copenhagen Business School,DK|DK|DK,14,NOT Open Access,,enterprise social media|digital traces|organizational change|organizational development,Information Systems Theories and Implementation,Sociology and Political Science,Social Sciences,Social Sciences
https://doi.org/10.1057/s41303-017-0062-1,Disaggregation of the IT capital effects on firm performance: Empirical evidence from an IT asset portfolio perspective,2017,2017-08-14,Tae Hun Kim|Matt Wimble|Vallabh Sambamurthy,Michigan State University|University of Michigan–Dearborn,US|US|US,13,NOT Open Access,,IT capital|firm performance|production economics|access to information|information flow|servers|personal computers|storage capacity|cost efficiency|sales growth|profitability|firm size,Information Technology Governance and Strategy,Management Information Systems,"Business, Management and Accounting",Social Sciences
https://doi.org/10.1080/0960085x.2019.1673972,How quickly do we learn conceptual models?,2019,2019-10-17,Palash Bera|Geert Poels,Saint Louis University|Ghent University,US|BE,13,Open Access,"In organisations, conceptual models are used for understanding domain concepts. Learning the domain from models is crucial for the analysis and design of information systems that are intended to support the domain. Past research has proposed theories to structure conceptual models in order to improve learning. It has, however, never been investigated how quickly domain knowledge is acquired when using theory-guided conceptual models. Based on theoretical arguments, we hypothesise that theory-guided conceptual models expedite the initial stages of learning. Using the REA ontology pattern as an example of theoretical guidance, we show in a laboratory experiment how an eye-tracking procedure can be used to investigate the effect of using theory-guided models on the speed of learning. Whereas our experiment shows positive effects on both outcome and speed of learning in the initial stages of learning, the real contribution of our paper is methodological, i.e. an eye-tracking procedure to observe the process of learning from conceptual models.",conceptual model|domain knowledge acquisition|learning speed|eye tracking|information systems analysis and design|model-based learning,Semantic Web and Ontologies,Artificial Intelligence,Computer Science,Physical Sciences
https://doi.org/10.1080/0960085x.2019.1701955,Feedback at scale: designing for accurate and timely practical digital skills evaluation,2019,2019-12-19,Gabriele Piccoli|Joaquín Rodriguez|Biagio Palese|Marcin Bartosiak,Louisiana State University|University of Pavia|Northern Illinois University,IT|US|US|US|IT,13,Open Access,"The global demand for digital proficiency has resulted in increasing pressure to “massify” education. As practical digital skills development becomes more important, there is a need to design accurate and timely performance feedback systems that can scale to a large number of learners. This paper contributes meta-requirements and design principles for designing a socio-technical artefact that offers a solution to the general problem of providing performance feedback at scale. The artefact evaluation provides interesting results for achieving the three objectives of a) scalability to a large number of learners, b) validity and reliability of the feedback, and c) positive impact on learners’ behaviour and engagement with the feedback system. These results are obtained through the synergistic contribution of pedagogical prioritisation (i.e., what skills to cover), assignment design (i.e., what tasks to use to evaluate mastery) and automated measurement (i.e., grading engine functionalities for error detection).",performance feedback|scalability|automated grading|error detection|student engagement|assignment design|massification of education|digital skills,Online Learning and Analytics,Computer Science Applications,Computer Science,Physical Sciences
https://doi.org/10.1080/0960085x.2021.1890529,Understanding information systems success: a hybrid view,2021,2021-03-28,Jennifer Jewer|Deborah Compeau,Memorial University of Newfoundland|Washington State University,CA|US|CA|US,13,NOT Open Access,,information system success|DeLone and McLean model|hybrid theory|process perspective|hospital information systems|nonprofit hospitals|longitudinal case study,Information Systems Theories and Implementation,Sociology and Political Science,Social Sciences,Social Sciences
https://doi.org/10.1080/0960085x.2022.2039564,Conditional paths to business unit agility: corporate IT platforms and the moderating role of business unit IT autonomy,2022,2022-03-10,Magno Queiroz|Paul P. Tallon|Tim R. Coltman|Rajeev Sharma,Florida Atlantic University|Loyola University Maryland|University of Wollongong|University of Waikato,US|US|AU|NZ|NZ,13,Open Access,"Agility has long been recognised as a key determinant of organisational performance. The pursuit of agility within business units (BUs) is challenging as IT executives in multi-business organisations (MBOs) are tasked with balancing a need for organisation-wide IT synergies against a desire among BUs for local IT solutions that enable agility in their end markets. MBOs are increasingly turning to corporate IT platforms to respond to their BUs’ IT needs but doing so presents a challenge to BU IT autonomy and, in turn, to BU agility. In this paper, we posit that BU agility is determined by resource synergies based on the interplay between corporate IT platforms and local, BU-controlled, IT applications. These applications lead to greater BU process digitisation and, in turn, to expanded BU agility. We evaluate our model using data from an international survey of IT executives in MBOs. Our findings provide support for our model and, in so doing, identify different paths that MBOs can take to enhance BU agility. Our contribution affirms the value of corporate IT platforms for BU agility but suggests that MBOs should tread carefully when developing corporate IT platforms that coincide with mandatory use of shared IT applications.",resource synergy|IT governance|moderating effect,Information Technology Governance and Strategy,Management Information Systems,"Business, Management and Accounting",Social Sciences
https://doi.org/10.1057/ejis.2014.26,Cross-national differences in individual knowledge-seeking patterns: a climato-economic contextualization,2015,2015-03-31,Liwei Chen|J. J. Po-An Hsieh|Evert Van de Vliert|Xu Huang,Georgia State University|University of Groningen|Hong Kong Polytechnic University,US|US|NL|HK,12,Open Access,"Electronic Knowledge Repository (EKR) is one of the most commonly deployed knowledge management technologies, yet its success hinges upon employees’ continued use and is further complicated in today’s multinational context. We integrate multiple theoretical linkages into a research model, conceptualizing knowledge-seeking as an instrumental behavior, adopting the technology acceptance model to characterize the individual-level continued EKR knowledge-seeking behavioral model, and drawing on the climato-economic theory to explain cross-national behavioral differences. Using hierarchical linear modeling (HLM), we test the model with data from 1352 randomly sampled knowledge workers across 30 nations. We find that two national-level factors, climate harshness and national wealth, interactively moderate the individual-level relationship between perceived usefulness (PU) and behavioral intention (BI) to continue seeking knowledge from EKR, such that the difference in the strength of this relationship is larger between poor-harsh and poor-temperate nations than between rich-harsh and rich-temperate nations. We find similar cross-level cross-national differences for the link between perceived ease of use (PEOU) and PU but not for the link between PEOU and BI. Implications for research and practice are discussed.",knowledge-seeking behavior|cross-national differences|national wealth|technology acceptance model|perceived usefulness|perceived ease of use|behavioral intention|knowledge management systems|knowledge workers|instrumental behavior,Technology Adoption and User Behaviour,Information Systems and Management,Decision Sciences,Social Sciences
https://doi.org/10.1080/0960085x.2020.1742587,Detection of early warning signals for overruns in IS projects: linguistic analysis of business case language,2020,2020-03-03,Nick Benschop|Cokky A. R. Hilhorst|Arno L. P. Nuijten|Mark Keil,Erasmus University Rotterdam|Nyenrode Business University|Open University of the Netherlands|Georgia State University,NL|NL|NL|US,12,Open Access,"Many Information Systems (IS) projects fail to be completed within budget and on schedule. A contributing factor is the so-called planning fallacy in which people tend to underestimate the resources required to complete a project. In this paper, we propose that signals of the planning fallacy can be detected in a project’s business case. We investigated whether language usage in business cases can serve as an early warning signal for overruns in IS projects. Drawing on two theoretical perspectives – the Linguistic Category Model (LCM) and Construal Level Theory (CLT) – two sets of rival hypotheses were tested concerning the relationship between project overruns and whether the language usage in a business case is abstract or concrete. A linguistic analysis of the business cases of large IS projects in the Netherlands suggests that concrete language usage in the business case is associated with bigger budget and schedule overruns. For researchers, our study contributes to the existing literature on the importance of language usage. For practitioners, our study provides an early warning indicator for overruns.",information systems projects|project overruns|cost overruns|schedule overruns|planning fallacy|early warning indicators|linguistic category model|construal level theory|project planning,Construction Project Management and Performance,Management Science and Operations Research,Decision Sciences,Social Sciences
https://doi.org/10.1057/ejis.2010.50,Reconceptualizing the concept of business and IT alignment: from engineering to agriculture,2010,2010-10-26,Gerald G. Grant,,,11,Open Access,"We have been talking about strategic alignment between the business and information technology (IT) in organizational endeavor for at least two decades now (Venkatraman et al., 1993). Yet, despite ...",business-IT alignment|strategic alignment|information systems|organizational strategy,Information Technology Governance and Strategy,Management Information Systems,"Business, Management and Accounting",Social Sciences
https://doi.org/10.1080/0960085x.2021.1908184,The effects of cyber regulations and security policies on organizational outcomes: a knowledge management perspective,2021,2021-04-04,Anat Hovav|Itzhak Gnizy|Jinyoung Han,Claremont Graduate University|Ono Academic College|Chung-Ang University,US|IL|KR,11,NOT Open Access,,cyber regulation|security policy|knowledge management|knowledge sharing|knowledge acquisition|knowledge application|operational effectiveness|strategic performance|organizational performance,Knowledge Management and Sharing,Communication,Social Sciences,Social Sciences
https://doi.org/10.1080/0960085x.2021.1978341,Designing financial education applications for development: applying action design research in Cambodian countryside,2021,2021-12-22,Anna Zaitsev|Salla Mankinen,"University of California, Berkeley|",US|,11,Open Access,"Combining financial literacy education with technology literacy is a logical step for organisations focusing on finance-education programsin developing countries. Our study sought to foster and improve this process by exploring how design science, specifically the Action Design Research (ADR) method, could be effectively used in developing such technology. The study describes an IT development project where a small NGO-based team designed and developed a tablet application that assisted rural Cambodians in understanding and managing simple financial matters. We describe how the project applied ADR from the problem formulation to the formalisation of learning in the form of design principles that can be applied to IT projects in rural and remote locations in any developing country. We conclude our study by recommending the further use of information systems in conjunction with more traditional teaching methods, and encourage the further application of ADR and Agile methods when considering software development in the context of developing countries. This study fills a gap in the literature by combining a theoretical model with practical application for more effective learning.",financial education|financial literacy|action design research|tablet application|rural development|Cambodia|NGO development projects|technological literacy|design principles|rural information systems|agile software development|resource-limited settings,ICT in Developing Communities,Information Systems,Computer Science,Physical Sciences
https://doi.org/10.1080/0960085x.2022.2139770,Technology-driven mandatory customer participation: a new recovery strategy to promote customers’ online post-recovery satisfaction,2022,2022-11-01,Zhang Yu|Xin Robert Luo|Bingjia Shao|Jose Benitez,Chongqing University of Posts and Telecommunications|University of New Mexico|Chongqing University|Ecole des Hautes Etudes Commerciales du Nord,CN|US|CN|FR,11,NOT Open Access,,value co-creation|technology affordances|e-commerce|post-recovery satisfaction|loss aversion|customer engagement,Customer Service Quality and Loyalty,Organizational Behavior and Human Resource Management,"Business, Management and Accounting",Social Sciences
https://doi.org/10.1080/0960085x.2023.2180446,From purchase to pantry – exploring archetypes and strategies in the context of e-grocery fulfilment,2023,2023-02-21,Marvin Auf der Landwehr|Thorsten Schoormann|Christoph von Viebahn|Maik Trott,Hochschule Hannover|University of Hildesheim|,DE|DE|DE|,11,NOT Open Access,,e-grocery|fulfillment|value creation|digital transformation|grocery retail|archetypes|contingency model|decision attributes|performance outcomes,E-commerce and Technology Innovations,Business and International Management,"Business, Management and Accounting",Social Sciences
https://doi.org/10.1080/0960085x.2023.2217362,Security by envelopment – a novel approach to data-security-oriented configuration of lightweight-automation systems,2023,2023-05-25,Aleksandre Asatiani|Tuuli Hakkarainen|Kimmo Paaso|Esko Penttinen,University of Gothenburg|University of Liverpool|Wärtsilä (Finland)|Aalto University,SE|GB|FI|FI,11,Open Access,"Organisations’ increasing adoption of lightweight automation, such as robotic process automation (RPA), raises concerns about the associated systems’ robustness and security, with data-security concerns becoming further accentuated when tools of this sort are deployed for handling of potentially sensitive data. However, literature on designing these tools in a manner mitigating risks related to organisational data security has remained scarce. This paper addresses this gap by presenting a study in which RPA was successfully designed for a process wherein the software robot handles sensitive personal data. Informed by work on the mindlessness of automation, sociotechnical envelopment, and security by design, this empirical study, employing action design research at Wärtsilä Corporation, pointed to three design principles, related to envelopment, access rights, and audit trails. By adhering to these, Wärtsilä created envelopes around the robot that afford the automation’s safe operation and processing of the sensitive data. This research advances the theory of sociotechnical envelopment’s design and deployment by introducing a novel approach in security by envelopment to elaborate on the security-oriented envelopment of mindless automation agents. The paper also discusses the practical utility of the artefact designed, in terms of both design and evaluation.",robotic process automation|data security|security by design|sensitive personal data|access rights|audit trail|action design research|Wärtsilä,Robotic Process Automation Applications,Industrial and Manufacturing Engineering,Engineering,Physical Sciences
https://doi.org/10.1080/0960085x.2023.2225786,Understanding variation in subunit adoption of electronic health records: facilitating and constraining configurations of critical dependencies,2023,2023-06-25,van Marjolein Offenbeek|Janita F.J. Vos|Albert Boonstra,University of Groningen,NL|NL|NL,9,Open Access,"This interpretative case study demonstrates how the work system properties and roles of clinical departments are perceived to shape their adoption of an organisation-wide electronic health record. In hospitals, with their heterogeneous and powerful clinical departments, partial or non-adoption by some departments may jeopardise effective overall use. Viewing a hospital’s EHR adoption from a sociotechnical fit perspective, we unravel how clinical departments’ adoption of this organisation-wide system was primarily shaped by their critical work system dependencies rather than their role during its implementation. From the interviewees’ accounts, three orientations emerge: (1) organisation-oriented resulting in unconditional adoption; (2) department-oriented resulting in problematic or delayed adoption with high compromise costs; (3) environment-oriented resulting in at least partial non-adoption or extra design costs. Our subsequent analysis leads to the identification of four types of subunit-level characteristics influencing adoption. Their interplay informs departments in balancing between accepting compromise costs and negotiating design costs. We develop a diagnostic system model of subunit-level adoption that takes the embeddedness of the subunit into account and thereby complements individual- and organisation-level adoption theories. An accompanying heuristic may enable hospital managers to better anticipate the heterogeneity in departments’ adoption.",electronic health records|EHR adoption|design cost|embeddedness|hospital information systems,Electronic Health Records Systems,Health Information Management,Health Professions,Health Sciences
https://doi.org/10.1080/0960085x.2023.2226882,The role of the espoused tight culture in value assessment of social media use,2023,2023-07-05,Tao “Eric” Hu|Hua Dai|Xin Robert Luo|Chengqi Guo|David Liu,"California State University, Northridge|California State University, Channel Islands|University of New Mexico|James Madison University",US|US|US|US|US,8,NOT Open Access,,cultural tightness|social media use|customer value|value assessment|cultural values|Chinese users,Cultural Differences and Values,Social Psychology,Psychology,Social Sciences
https://doi.org/10.1080/0960085x.2023.2295312,Contrasting the response to past and future oriented appeals for help on donation-based crowdfunding platforms,2023,2023-12-17,Rob Gleasure,Copenhagen Business School,DK,8,Open Access,"Despite a large body of research on donation-based crowdfunding platforms, the ways that people appeal for help, and the impact of different appeal types, remain unclear. In particular, it is not clear the extent to which individuals benefit from a temporal orientation on the past, where they can provide personal background, or the future, where they can explain how they will benefit from donors’ help. Building on a novel dataset of 6,282 fundraising campaigns and 44,757 donor comments gathered from a donation-based crowdfunding platform, this study analyzes donors’ financial contributions and expressions of emotional responses in response to past and future oriented appeals. This analysis combines an instrumental variable approach, propensity score matching, natural language processing, and image analysis. The results indicate that verbal responses are similar for past and future oriented appeals, but that future oriented appeals are more effective for fundraising. The results further suggest that, when lower levels of positive affect are used in past oriented appeals, this combination may be linked with more rapidly diminishing financial contributions over time.",donation-based crowdfunding|fundraising appeal|time orientation|donations|emotional responses|positive affect|campaign effectiveness,"FinTech, Crowdfunding, Digital Finance",Management Information Systems,"Business, Management and Accounting",Social Sciences
https://doi.org/10.1080/0960085x.2024.2313537,Digital Desire Paths: Exploring the Role of Computer Workarounds in Emergent Information Systems Design,2024,2024-02-15,Manuel Wiesche|Nina Böhm|Michael Schermann,TU Dortmund University||Santa Clara University,DE||US,8,Open Access,"The information systems literature generally conceptualises information system (IS) workarounds as negative disturbances that need to be avoided. IS design literature has emphasised the need to incorporate user behaviour in emergent IS design. Surprisingly, information systems research has kept the literatures on workarounds and IS design separate and remains silent on how workaround behaviour can inform information system design. In this research, we explore six workarounds in two case organisations and analyse the connections between them. We develop the concept of digital desire paths to describe the process how information system designers improve the system design by observing how users use and work around the system. Digital desire paths offer a novel interpretation of workarounds as input for information systems design and thereby serve as instance of the principle of guided emergence in action design research.",information system design|action design|user behavior|system design improvement,Information Systems Theories and Implementation,Sociology and Political Science,Social Sciences,Social Sciences
https://doi.org/10.1080/0960085x.2024.2308541,Designing as trading-off: a practice-based view on smart service systems,2024,2024-03-03,Lauri Wessel|Janina Sundermeier|Hannes Rothe|Stefan Hanke|Abayomi Baiyere|Fabian Rappert|Martin Gersch,Norwegian University of Science and Technology|European University Viadrina|Freie Universität Berlin|University of Duisburg-Essen|Copenhagen Business School|Queen's University|Queens University,DE|NO|DE|DE|DE|BD|CA|DK|DE|DE,8,Open Access,"Posture-related problems, such as back pain, are an increasing global burden. They are deeply intertwined with how humans sit. While the information systems (IS) literature has been relatively silent on this matter, emerging literature in related disciplines has begun to attend to this problem by developing various artefacts. However, researchers have oftentimes done so by basing their artefacts on engineering rationales and attending only limitedly to the interactions between artefacts and humans. These interactions are crucial because data on posture is best collected by placing sensors on humans’ backs. This calls for considering and evaluating how bodies move in relation to sensors, the emotive reactions of humans to sensors and how humans make sense of recommendations emanating from underlying artificial intelligence (AI) technologies. We uncover what these considerations of human-centredness mean for designing smart service systems for posture management and suggest that a core consideration relates to trading-off possibilities of smart technologies and necessities emerging from practices. This study contributes to the body of knowledge on designing smart service systems and responds to calls for more IS research dealing with the prevention of chronic health conditions.",smart service systems|posture management|back pain|human-centered design|practice-based design|trade-offs|wearable sensors|human-technology interaction|artificial intelligence in healthcare,Information Systems Theories and Implementation,Sociology and Political Science,Social Sciences,Social Sciences
https://doi.org/10.1080/0960085x.2024.2339217,Unfolding the contextual nature of enterprise social media use – a morphogenetic approach,2024,2024-04-23,Janine Viol Hacker|Matthias Trier|Alexander Richter,University of Liechtenstein|Paderborn University|Victoria University of Wellington,LI|DE|NZ,8,NOT Open Access,,enterprise social media|morphogenetic approach|organizational context|organizational hierarchy|managerial roles|organizational change|theoretical framework|global organisations,Knowledge Management and Sharing,Communication,Social Sciences,Social Sciences
https://doi.org/10.1080/0960085x.2020.1869915,IS incident recovery and service value: a service-dominant logic view,2021,2021-01-16,Mohammad S. Najjar|William J. Kettinger|Lynda D. Kettinger,University of Memphis|Clemson University|Henry Morrison Flagler Museum|National Tsunami Warning Center,US|US|US,6,NOT Open Access,,incident recovery|service value|service-dominant logic|user satisfaction|service quality|resource exchange|incident resolution|perceived fairness|effort|recovery satisfaction,Customer Service Quality and Loyalty,Organizational Behavior and Human Resource Management,"Business, Management and Accounting",Social Sciences
https://doi.org/10.1080/0960085x.2023.2208380,Splitting versus lumping: narrowing a theory’s scope may increase its value,2023,2023-05-03,Mikko T. Siponen|Tuula M. Klaavuniemi|Quan Xiao,University of Jyväskylä|Mikkelin keskussairaala|Jiangxi University of Finance and Economics,FI|FI|CN,6,Open Access,"Specialisation, by seeking theoretically deeper explanations or more accurate predictions, is common in the sciences. It typically involves splitting, where one model is further divided into several or even hundreds of narrow-scope models. The Information Systems (IS) literature does not discuss such splitting. On the contrary, many seminal IS studies report that a narrow scope is less strong, less interesting, or less useful than a wider scope. In this commentary, we want to raise the awareness of the IS community that in modern scientific progress, specialisation – an activity that generally narrows the scope and decreases the generalisability of a hypothesis – is important. The philosophy of science discusses such positive developments as splitting and trading off a wide scope in favour of accuracy. Narrowing the scope may increase value, especially in sciences where practical applicability is valued. If the IS community generally prefers a wider scope, then we run the risk of not having the information necessary to understand IS phenomena in detail. IS research must understand splitting, how it results in narrowing the scope, and why it is performed for exploratory or predictive reasons in variance, process, and stage models.",specialization|generalizability|predictive value|variance models|process model|stage model|philosophy of science|information systems theory,Information Systems Theories and Implementation,Sociology and Political Science,Social Sciences,Social Sciences
https://doi.org/10.1080/0960085x.2025.2460805,Designing an immersive virtual reality artefact for disability inclusion: an action design research,2025,2025-02-27,Xinyue Zhang|Shan Ling Pan|Yenni Tim|Zixi Jiang,UNSW Sydney,AU|AU|AU|AU,6,Open Access,"People with disabilities (PWD) often face social barriers, such as inaccessible environments, public misunderstandings, and stereotypes, which lead to their exclusion from societal activities. To address this issue, we collaborated with a disability research institute to carry out an action design research (ADR) project aimed at designing an immersive virtual reality (IVR) artefact to cultivate public awareness of the social barriers faced by PWD and foster inclusive attitudes and behaviours towards them. Using technology affordance as a lens, this study went through four interwoven ADR stages to co-design and refine the IVR artefact with researchers, disability groups, IVR and media experts, and end users representing the public. Reflecting on this design process, we distilled our learnings into four design principles to prescribe what and how to craft IVR artefacts for fostering disability inclusion. These principles can guide researchers and practitioners in developing similar IVR artefacts to help address similar problems. Our co-design process, which involved PWDs, enhances the existing understanding and practice of socially inclusive design-oriented research by providing empirical evidence of working with marginalised groups in developing emerging technology artefacts.",immersive virtual reality|disability inclusion|people with disabilities|social barriers|public awareness|technology affordances|co-design|design principles|marginalised groups|accessibility,Innovative Human-Technology Interaction,Human-Computer Interaction,Computer Science,Physical Sciences
https://doi.org/10.1080/0960085x.2024.2396964,Examining the impact of mobile gambling harm minimisation features: a dualistic model of passion perspective,2024,2024-09-05,Eoin Whelan|Adèle Morvannou|Xiao Ma|Richard J. E. James|Trevor Clohessy|Ofir Turel,Ollscoil na Gaillimhe – University of Galway|Université de Sherbrooke|University of Houston|University of Nottingham|Atlantic Technological University|The University of Melbourne,IE|CA|US|GB|IE|AU,5,Open Access,"Driven by the ubiquity of smartphones, sports gambling has intensified globally. Most mobile gambling apps are mandated to offer harm minimisation features which are IT tools designed to help prevent harmful gambling activity. Existing research on the effectiveness of gambling harm minimisation features often overlooks the fact that individuals engage with multiple IT tools to varying extents to achieve a single goal. As an initial step, and to reflect actual user engagement, we conduct an exploratory factor analysis on a range of opt-in harm minimisation features. Next, aligned with the dualistic model of passion, we theorise and empirical test how direct and indirect harm minimisation features moderate the translation of different passions for mobile gambling into the well-being outcome of subjective vitality. Our findings suggest that indirect harm minimisation features, but not direct features, are effective in protecting the well-being of obsessively passionate mobile gamblers. For harmoniously passionate mobile gamblers, the opposite situation holds – direct harm minimisation features strengthen the effect of a harmonious passion on vitality whereas indirect features have no significant effect.",mobile gambling|dualistic model of passion|harmonious passion|obsessive passion|subjective vitality|sports betting|well-being,Gambling Behavior and Treatments,Clinical Psychology,Psychology,Social Sciences
https://doi.org/10.1080/0960085x.2025.2499272,Learning to be loyal: A schema theory perspective on game use,2025,2025-05-05,Tzu‐Ling Huang|Gen‐Yih Liao|Hsin‐Yi Huang|Alan R. Dennis|Ching‐I Teng,National Central University|Chang Gung University|Chang Gung Memorial Hospital|Linkou Chang Gung Memorial Hospital|Soochow University|Indiana University|Ming Chi University of Technology,TW|TW|CN|US|TW,5,NOT Open Access,,online games|schema theory|learning satisfaction|player engagement|game use|knowledge schemas|game developers,Digital Games and Media,Sociology and Political Science,Social Sciences,Social Sciences
https://doi.org/10.1080/0960085x.2025.2452900,Measuring the success of social information systems: an assessment of past contributions and a guide for future research,2025,2025-01-29,Murray Scott|William H. DeLone|Ephraim R. McLean,Ollscoil na Gaillimhe – University of Galway|American University|Georgia State University,IE|US|US,4,NOT Open Access,,social information systems|information system success|success indicators|DeLone and McLean IS success model|social media|sociability|trust|enjoyment|value regimes|user satisfaction|system quality|information quality|service quality,Technology Adoption and User Behaviour,Information Systems and Management,Decision Sciences,Social Sciences
https://doi.org/10.1080/0960085x.2025.2475956,Image-based brand communications: an information richness approach on Instagram,2025,2025-03-06,Shuya Lu|Jianan Wu,Cleveland State University|Louisiana State University,US|US,3,Open Access,"As a popular brand management practice, firms communicate with consumers using images on social media platforms such as Instagram. Image-based brand communications on social media have two important characteristics. First, brand communications on social media are bilateral, not one-sided as those on traditional media. Second, measuring the information an image delivers is challenging. This study conceptualises a bilateral brand communication model to capture image information exchange between firms and consumers. This research examines how image information generated by firms and consumers changes in such dynamic and dyadic brand communications on Instagram and how brand communication strategies may alter the image information gap between the two parties. This study defines image information richness (IIR) based on information richness theory and applies machine learning techniques to measure IIR through the objective cues present in images. This approach provides brand managers with a practical tool to diagnose and manage their image-based brand communications. Analysis of 10,765 firm-generated images and 6,689 consumer-generated images from eight digital camera brands on Instagram reveals positive dynamic effects but asymmetrical dyadic effects of IIR. Consumer IIR can be inconsistent with firm IIR and thus form an IIR gap.",Instagram|information richness|user-generated content|brand communication strategy,Digital Marketing and Social Media,Sociology and Political Science,Social Sciences,Social Sciences
https://doi.org/10.1080/0960085x.2025.2523984,Mobile ICT outages and public safety: is there a digital divide in terms of safety?,2025,2025-07-07,Cristina Mihale-Wilson|Patrick Felka|Oliver Fast Hinz,Goethe University Frankfurt,DE|DE|DE,3,Open Access,"The digital divide remains one of the pressing challenges, as it persists in both developed and developing regions. Recent events that required a sudden and radical shift from offline to online have brought the digital divide issue sharply into focus. Prior research has investigated how differences in mobile ICT availability and use relate to individuals’ income opportunities or lack thereof. In this research, we take a new perspective on digital divides. We show that besides the commonly investigated digital divide in economic and opportunity-related terms, the unavailability of mobile ICT can give rise to a digital divide regarding public safety. In detail, we leverage publicly available spatial crime data and the random occurrence of mobile ICT outages to investigate the link between ICT use and safety for distinctly wealthy population sub-groups. Based on the results of a difference-in- differences analysis, we find that the effects of mobile ICT discontinuations are non- uniform across socioeconomic groups with socioeconomically disadvantaged areas suffering disproportionally higher increases in property crimes than their wealthier counterparts. Overall, our research supports the idea of mobile ICT infrastructure as a public utility by showing the importance of fail-safe mobile ICT infrastructures for all, but particularly for socioeconomically disadvantaged areas.",digital divide|public safety|property crime|socioeconomic disparities,ICT Impact and Policies,Media Technology,Engineering,Physical Sciences
https://doi.org/10.1080/0960085x.2025.2546388,Modularisation and the management of IT architecture complexity,2025,2025-08-13,Bart van den Hooff|Erik Jochemsen|Mohammad Hosein Rezazade Mehrizi|Marijn G. A. Plomp|Koen Mol,Vrije Universiteit Amsterdam|,NL|NL|NL|NL|,3,Open Access,"Managing IT architecture complexity is crucial for organisations striving for efficiency, flexibility, and agility. This paper examines modularisation as a strategy to address IT architecture complexity through a case study at a European bank. We explore three key design choices in modularisation: level of granularity, standardisation of interfaces, and unification of data, and their impacts on structural, dynamic, and subjective complexity. Our findings reveal that these design choices involve trade-offs, where optimising one dimension may exacerbate another. Our findings lead to a conceptualisation of the relationship between modularisation and complexity as one in which design choices set in motion patterns of shifts within, and interactions between, different forms of complexity. Thus, this study provides a nuanced understanding of how modularisation influences IT architecture complexity, offering valuable insights for organisations seeking to manage complexity effectively. By unpacking the shifts and interactions shaping complexity, we contribute to the literature on IT architecture complexity and modularisation, highlighting the importance of a multi-level perspective in understanding the consequences of modularisation design choices.",modularization|software architecture|granularity|data unification|structural complexity|dynamic complexity|subjective complexity|design trade-offs|information technology in banking|multi-level perspective,Information Technology Governance and Strategy,Management Information Systems,"Business, Management and Accounting",Social Sciences
https://doi.org/10.1080/0960085x.2025.2548543,"Phishing detection in multitasking contexts: the impact of working memory load, goal activation, and message framing cue on detection performance",2025,2025-09-03,Xuecong Lu|Jinglu Jiang|Milena M. Head|Junyi Yang,"State University of New York|University at Albany, State University of New York|Binghamton University|McMaster University",US|US|CA|CA,3,Open Access,"Phishing, a prevalent cyber threat leveraging social engineering, poses significant challenges in the digital landscape. Despite advancements in security technologies, phishing continues to exploit human vulnerabilities, underscoring the need to understand how individuals detect such attacks. Existing research often assumes phishing detection occurs in isolation, overlooking real-world multitasking contexts where competing cognitive demands can hinder detection. This study fills this gap by examining phishing detection in the multitasking context and theorizing the relevant cognitive mechanisms and phishing-specific factors that influence phishing detection performance. Drawing on the memory-for-goals theory, we investigate the effects of working memory load (WML) from the primary task, goal activation (GA) towards phishing detection on performance, and message framing of phishing attacks. Findings from two online experiments reveal that increased WML impairs detection accuracy, while GA improves performance and reduces the negative impact of WML; furthermore, GA plays a more significant role in gain-framed phishing emails compared to loss-framed ones. Our research shifts the focus from message characteristics to the influence of multitasking on phishing detection. The results highlight the need for context-aware interventions that better align with real-world user behaviour, which provides a foundation for designing more effective phishing defences in multitasking digital environments.",phishing detection|multitasking|working memory load|goal activation|message framing|gain framing|loss framing|phishing emails|social engineering|human factors in cybersecurity|context-aware interventions,Spam and Phishing Detection,Information Systems,Computer Science,Physical Sciences
https://doi.org/10.1080/0960085x.2025.2577688,The impact of hard and soft components of big data analytics capabilities on entrepreneurial orientation,2025,2025-11-14,Manjul Gupta|Francesco Ciampi|Fabrizio Cipollini|Sohvi Heaton|Satish Nambisan|Jeffrey G. Covin,Florida International University|University of Florence|Santa Clara University|Case Western Reserve University|University of Wyoming,US|IT|IT|US|US|US,3,NOT Open Access,,big data analytics capability|entrepreneurial orientation|proactive behavior|innovativeness|risk-taking|firm resources|digital era,Big Data and Business Intelligence,Management Information Systems,"Business, Management and Accounting",Social Sciences
https://doi.org/10.1080/0960085x.2026.2627280,MEDS: Methodology for Evaluation in Design Science,2026,2026-02-12,Richard Baskerville|J Pries-Heje|John R. Venable,Georgia State University|Roskilde University|Curtin University,US|DK|AU,3,Open Access,"Design Science Research (DSR) is a paradigm that centres on the development and evaluation of artefacts. While central, a proper scientific evaluation can significantly increase the work required to complete a DSR project. The high costs, workload, and delays caused by evaluations have been shown to lead to poor or absent evaluations. These findings present two paradoxes: (1) evaluation is considered essential, yet it is commonly done poorly or not at all; (2) DSR promises to improve research relevance through timely artefact development and reliability through scientific evaluation, yet poor and lengthy evaluations cause DSR to often fail to deliver on its promise. To address these paradoxes, this paper presents MEDS (Methods for Evaluation in Design Science), a four-step evaluation method that includes three component methods new to the evaluation guidance literature: MuSCoW (Must, Should, Could, Won’t), the DSR Evaluation Selection Framework, and Short-Scoping of evaluation methods. MEDS aims to address the above paradoxes and guide DSR researchers, especially novices, to achieve a programme of effective and resource-efficient DSR evaluations as an on-going component of existing DSR methodologies. By carefully planning, orchestrating, and scoping evaluation activities, MEDS delivers a rigorous evaluation programme without overwhelming researchers with a massive evaluation burden.",design science research|evaluation methodology|evaluation planning,Design Education and Practice,Mechanical Engineering,Engineering,Physical Sciences
https://doi.org/10.1057/s41303-016-0023-0,Conflicts and complements between eastern cultures and agile methods: an empirical investigation,2017,2017-01-11,Balasubramaniam Ramesh|Lan Cao|Jongwoo Kim|Kannan Mohan|Tabitha L. James,Georgia State University|Old Dominion University|University of Massachusetts Boston|City University of New York|Virginia Tech,US|US|US|US|US,23,NOT Open Access,,agile methods|Eastern culture|cultural scripts|collectivism|ambidexterity|organizational culture|China|India|South Korea,Software Engineering Techniques and Practices,Information Systems,Computer Science,Physical Sciences
https://doi.org/10.1057/ejis.2012.37,IS integration and knowledge sharing in multi-unit firms: the winner's curse,2012,2012-07-31,Nilesh Saraf|Chris Schlueter Langdon|Omar A. El Sawy,Simon Fraser University|University of Southern California,CA|US|US,21,NOT Open Access,,information systems integration|multi-unit firms|absorptive capacity|knowledge transfer|winner's curse,Knowledge Management and Sharing,Communication,Social Sciences,Social Sciences
https://doi.org/10.1057/ejis.2015.2,Information system integration in mergers and acquisitions: research ahead,2015,2015-03-01,Jonas Hedman|Suprateek Sarker,Copenhagen Business School|University of Virginia,DK|US,21,Open Access,"The broad aspiration of this special issue was to build upon, and contribute to, an emerging stream of research addressing information systems (IS) integration in the context of corporate mergers a...",information systems integration|mergers and acquisitions|corporate mergers|post-merger integration|research agenda,ERP Systems Implementation and Impact,Management Information Systems,"Business, Management and Accounting",Social Sciences
https://doi.org/10.1057/ejis.2016.6,Collaborative partner or opponent: How the messenger influences the deaf effect in IT projects,2016,2016-03-22,Arno L. P. Nuijten|Mark Keil|Harry R. Commandeur,Erasmus University Rotterdam|Georgia State University,NL|US|NL,19,Open Access,"Prior research suggests that information technology (IT) project escalation can result from the deaf effect, a phenomenon in which decision makers fail to heed risk warnings communicated by others. Drawing inspiration from stewardship theory, we posited that when messengers carrying risk warnings about a project are seen as collaborative partners, decision makers are more likely to heed the message. Conversely, we theorized that when messengers are seen as opponents, decision makers are more likely to exhibit the deaf effect. We further posited that certain psychological factors (i.e., framing and perceived control) would moderate the effect of the messenger-recipient relationship on the deaf effect. To test these ideas, we conducted two experiments. When messengers were seen as collaborative partners, recipients assigned more relevance to the risk warning and perceived a higher risk, making them less willing to continue the project. Framing the outcomes associated with redirecting or continuing the project in terms of losses (rather than gains) weakened this effect. However, when recipients perceived a high degree of control over the project the effect was strengthened. Implications for both research and practice are discussed.",risk warning|stewardship theory|framing effects|perceived control|risk perception|project closing|decision-making,Construction Project Management and Performance,Management Science and Operations Research,Decision Sciences,Social Sciences
https://doi.org/10.1057/ejis.2010.1,Eliciting tacit knowledge about requirement analysis with a Grammar-targeted Interview Method (GIM),2010,2010-02-01,Michele Suzanne Zappavigna|Jon David Patrick,The University of Sydney,AU|AU,18,NOT Open Access,,tacit knowledge|knowledge elicitation|requirements analysis|systemic functional linguistics|underrepresentation|nominalization|interview techniques|terminology,Software Engineering Techniques and Practices,Information Systems,Computer Science,Physical Sciences
https://doi.org/10.1057/ejis.2010.2,Third-degree conflicts: information warfare,2010,2010-02-01,Richard Baskerville,,,18,Open Access,"The concept of the Internet as a potential military battlefield is not particularly new. The Internet itself is rooted to the military notion of a bomb-proof defense network. Similarly, the feasibi...",information warfare|military networks|cyber conflict|information security,Cybersecurity and Cyber Warfare Studies,Political Science and International Relations,Social Sciences,Social Sciences
https://doi.org/10.1057/s41303-017-0045-2,Online product review as an indicator of users’ degree of innovativeness and product adoption time: a longitudinal analysis of text reviews,2017,2017-04-12,Roozmehr Safi|Yang Yu,University of Missouri–Kansas City|Rochester Institute of Technology,US|US,18,NOT Open Access,,online customer reviews|user-generated content|consumer innovativeness|product adoption|diffusion of innovations|review text analysis|e-commerce|product life cycle,Digital Marketing and Social Media,Sociology and Political Science,Social Sciences,Social Sciences
https://doi.org/10.1057/s41303-017-0048-z,The funeral industry and the Internet: on the historical emergence and destabilization of strategic paths,2017,2017-04-12,Matthias Wenzel|Heinz‐Theo Wagner|Jochen Koch,European University Viadrina|German Graduate School of Management and Law,DE|DE|DE,18,NOT Open Access,,funeral industry|internet|technological change|self-reinforcing mechanisms|strategic patterns|incumbent firms|critical events|history of information systems|organizational change,Information Systems Theories and Implementation,Sociology and Political Science,Social Sciences,Social Sciences
https://doi.org/10.1080/0960085x.2019.1589964,A multilevel investigation on antecedents for employees’ exploration of enterprise systems,2019,2019-03-27,Zeyu Chris Peng|Xitong Guo,East China University of Science and Technology|Harbin Institute of Technology,CN|CN,18,NOT Open Access,,enterprise systems|adaptive structuration theory|enterprise resource planning|task variety|system modularity|multilevel models,ERP Systems Implementation and Impact,Management Information Systems,"Business, Management and Accounting",Social Sciences
https://doi.org/10.1057/ejis.2014.42,The roles of contextual elements in post-merger common platform development: an empirical investigation,2015,2015-02-03,Radhika P. Jain|Balasubramaniam Ramesh,Baruch College|City University of New York|Georgia State University,US|US,17,NOT Open Access,,mergers and acquisitions|post-merger integration|platform business models|boundary objects|boundary spanning|organizational context|environmental context,Information Systems Theories and Implementation,Sociology and Political Science,Social Sciences,Social Sciences
https://doi.org/10.1080/0960085x.2019.1673672,The case for classes and instances - a response to representing instances: the case for reengineering conceptual modelling grammars,2019,2019-10-17,Owen Eriksson|Paul Johannesson|Maria Bergholtz,Uppsala University|Stockholm University,SE|SE|SE,17,NOT Open Access,,language constructs|object identity|conceptual modeling,Semantic Web and Ontologies,Artificial Intelligence,Computer Science,Physical Sciences
https://doi.org/10.1057/ejis.2015.10,Handle mergers and acquisitions with care: the fragility of trust between the IT-service provider and end-users,2015,2015-08-04,Susan A. Brown|Anne P Massey|Kerry Ward,University of Arizona|Indiana University Bloomington|Indiana University|University of Nebraska at Omaha,US|US|US,16,NOT Open Access,,mergers and acquisitions|IT service providers|end-user trust|IT service management|information system implementation|end-user attitudes|banking sector|implementation process,Technology Adoption and User Behaviour,Information Systems and Management,Decision Sciences,Social Sciences
https://doi.org/10.1057/ejis.2014.38,Discovery paths: exploring emergence and IT evolutionary design in cross-border M&As. Analysing grupo Santander’s acquisition of abbey (2004–2009),2015,2015-02-03,Javier Busquets,Esade,ES,15,NOT Open Access,,cross-border mergers and acquisitions|abbeys|economies of scale and scope|banking sector|modularity,Information Technology Governance and Strategy,Management Information Systems,"Business, Management and Accounting",Social Sciences
https://doi.org/10.1057/ejis.2012.49,Why the first provider takes it all: the consequences of a low trust culture on pricing and ratings in online sourcing markets,2012,2012-11-20,David Gefen|Erran Carmel,Drexel University|American University,US|US,15,NOT Open Access,,software outsourcing|pricing|reputation|Fukuyama|electronic markets,Outsourcing and Supply Chain Management,Management Information Systems,"Business, Management and Accounting",Social Sciences
https://doi.org/10.1057/ejis.2013.24,Adopting IS process innovations in organizations: the role of IS leaders’ individual factors and technology perceptions in decision making,2013,2013-08-20,Srinarayan Sharma|Arun Rai,Indian Institute of Management Kashipur|Georgia State University,IN|US,15,NOT Open Access,,computer-aided software engineering|technology adoption|organizational hierarchy|job tenure|relative advantage|technological complexity|adoption decision-making,Technology Adoption and User Behaviour,Information Systems and Management,Decision Sciences,Social Sciences
https://doi.org/10.1057/s41303-016-0022-1,A narrative approach to publishing information systems research: inspiration from the French New Novel tradition,2016,2016-10-26,David Avison|Julien Malaurent|Philippe Eynaud,École Supérieure des Sciences Économiques et Commerciales|IAE Paris - Sorbonne Business School|Université Paris 1 Panthéon-Sorbonne,FR|FR|FR,14,NOT Open Access,,narrative case studies|French new novel|reader interpretation|narrative technique,Information Systems Theories and Implementation,Sociology and Political Science,Social Sciences,Social Sciences
https://doi.org/10.1080/0960085x.2021.1886613,Review credibility as a safeguard against fakery: the case of Amazon,2021,2021-03-18,Wael Jabr,Pennsylvania State University,US,14,Open Access,"Online reviews remain a reliable source for customers when making purchase decisions. Yet, the pervasiveness of fake reviews jeopardises this reliability and questions the quality of this content. In this paper, we provide empirical evidence from a major online retailer that mitigation against fakery can be successful. To that end, we proposed, tested, and validated an approach, based on existing safeguards, to quantify the credibility of reviews and thus reliably reduce product uncertainty. We also showed that reviews with sufficient credibility signals were effective at influencing product sales, and this influence was prevalent for both niche and new products on the market. As such, this study offers a novel approach to mitigate the impact of fakery in reviews posted to online infomediaries. Our work focuses primarily on Amazon as a major retailer but also provides further support by drawing on Yelp, another major review platform.",fake reviews|online reviews|review credibility|Amazon|product uncertainty|niche products|new products|Yelp,Digital Marketing and Social Media,Sociology and Political Science,Social Sciences,Social Sciences
https://doi.org/10.1057/ejis.2010.40,Loose Change,2010,2010-08-01,Ray J. Paul,Brunel University of London,GB,14,Open Access,"In this issue of the European Journal of Information Systems (EJIS), we have a Special Section on I.S. in Interorganizational Networks and four more Opinion papers. The papers in I.S. in Interorgan...",interorganizational networks,Information Systems Theories and Implementation,Sociology and Political Science,Social Sciences,Social Sciences
https://doi.org/10.1057/ejis.2012.57,Empiricism in interpretive IS research: a response to Stahl,2013,2013-02-12,Geoff Walsham,University of Cambridge,GB,12,NOT Open Access,,interpretive research|empiricism|hermeneutics|phenomenology|polemics|scholarly publishing|research genres,Information Systems Theories and Implementation,Sociology and Political Science,Social Sciences,Social Sciences
https://doi.org/10.1057/ejis.2011.30,Negotiating language barriers – a methodology for cross-organisational conceptual modelling,2011,2011-09-20,Gunnar Dietz|Martin Juhrisch,Technische Universität Dresden,DE|DE,12,NOT Open Access,,conceptual modeling|language barriers|model comparability|model standardization|domain-specific modeling,Model-Driven Software Engineering Techniques,Software,Computer Science,Physical Sciences
https://doi.org/10.1080/0960085x.2018.1547853,Assessing the long-term fragmentation of information systems research with a longitudinal multi-network analysis,2018,2018-11-29,Gohar F. Khan|Matthias Trier,University of Waikato|Copenhagen Business School|Paderborn University,NZ|DE|DK,12,NOT Open Access,,information systems research|research fragmentation|knowledge networks|research collaboration|research community structure|centralization|research topics|citation networks|longitudinal network analysis|disciplinary growth,scientometrics and bibliometrics research,"Statistics, Probability and Uncertainty",Decision Sciences,Social Sciences
https://doi.org/10.1080/0960085x.2020.1750309,Partnering for prosperity: small IT vendor partnership formation and the establishment of partner pools,2020,2020-04-29,Melike Nur Findikoglu|Ranganathan Chandrasekaran|Mary Beth Watson‐Manheim,Özyeğin University|University of Illinois Urbana-Champaign|University of Illinois System|University of Illinois Chicago,TR|US|US,12,NOT Open Access,,partnership development|resource dependence theory|resource-based view,Business Strategy and Innovation,Strategy and Management,"Business, Management and Accounting",Social Sciences
https://doi.org/10.1080/0960085x.2017.1386833,Knowledge exchange roles and EKR performance impact: extending the theory of knowledge reuse,2017,2017-10-26,Nicole Forsgren|Rajiv Sabherwal|Alexandra Durcikova,|University of Arkansas at Fayetteville|University of Oklahoma,|US|US,12,NOT Open Access,,knowledge reuse|intrinsic rewards|extrinsic rewards|perceived time pressure|knowledge brokers|system administrators,Knowledge Management and Sharing,Communication,Social Sciences,Social Sciences
https://doi.org/10.1080/0960085x.2017.1387713,Adding background music as new stimuli of interest to information systems research,2017,2017-10-31,David Gefen|René Riedl‬,Drexel University|Johannes Kepler University of Linz|University of Applied Sciences Upper Austria,US|AT,11,NOT Open Access,,background music|information systems research|information and communication technologies|music perception|user interface,Innovative Human-Technology Interaction,Human-Computer Interaction,Computer Science,Physical Sciences
https://doi.org/10.1080/0960085x.2020.1803775,"Ownership and governance, scope, and empowerment: how does context affect enterprise systems implementation in organisations in the Arab World?",2020,2020-09-13,Hillol Bala|Mohammad Mobashar Hossain|Akshay Bhagwatwar|Xuan Joanna Feng,Indiana University Bloomington|Indiana University||Amazon (United States)|University of Oklahoma,US||US|US,11,NOT Open Access,,enterprise system implementation|scope management|employee empowerment|contextualization|socio-technical systems theory|institutional theory|consultants|Arab world|Saudi Arabia|organizational culture|information systems adoption,ERP Systems Implementation and Impact,Management Information Systems,"Business, Management and Accounting",Social Sciences
https://doi.org/10.1080/0960085x.2020.1860655,When crowds play god: a Promethean perspective on crowdfunding,2020,2020-12-26,Kieran Conboy|Rob Gleasure|Lorraine Morgan,Ollscoil na Gaillimhe – University of Galway|Copenhagen Business School,IE|DK|IE,10,NOT Open Access,,crowdfunding|Prometheus myth|Hegelian dialectic|archetypes|systemic change|emerging technologies,"FinTech, Crowdfunding, Digital Finance",Management Information Systems,"Business, Management and Accounting",Social Sciences
https://doi.org/10.1080/0960085x.2020.1868952,THEORY THROUGH ARGUMENT: APPLYING ARGUMENT MAPPING TO FACILITATE THEORY BUILDING,2021,2021-01-29,David M. Murungi|Rudy Hirschheim,Louisiana State University,US|US,10,NOT Open Access,,argument mapping|theory development|argumentation|theoretical discourse|theory testing,Information Systems Theories and Implementation,Sociology and Political Science,Social Sciences,Social Sciences
https://doi.org/10.1057/ejis.2012.31,A profile of information systems research in the Mediterranean region,2012,2012-07-01,Athanasia Pouloudi|Angeliki Poulymenakou|Katerina C. Pramatari,Athens University of Economics and Business,GR|GR|GR,9,Open Access,"Drawing data from the Mediterranean Conference on Information Systems (MCIS), we build a profile of Mediterranean information systems (IS) research and compare the emerging research landscape with recent reviews in European and international contexts. We report on research topics addressed, research methodologies employed, local empirical contexts and the composition of the related community of authors. On the basis of this data, we problematize on the meaningfulness and nature of a regional profile for IS research. Together with the six papers selected for this special issue, we aspire to contribute to the broader discourse on the diversity of IS research orientation, methodologies and agendas across different parts of the world.",information systems research|Mediterranean|research topics|research methodology|authorship composition|diversity in research,Information Systems Theories and Implementation,Sociology and Political Science,Social Sciences,Social Sciences
https://doi.org/10.1057/s41303-016-0021-2,A process explanation of the effects of institutional distance between parties in outsourced information systems development projects,2016,2016-09-01,Grégory Vial|Suzanne Rivard,HEC Montréal,CA|CA,9,NOT Open Access,,institutional distance|institutional theory|institutional logics|strategic responses|project management practices|inter-organizational collaboration,Outsourcing and Supply Chain Management,Management Information Systems,"Business, Management and Accounting",Social Sciences
https://doi.org/10.1057/ejis.2016.9,Alignment in an inter-organisational network: the case of ARC transistance,2016,2016-05-24,Bernhard Katzy|Gordon Sung|Kevin Crowston,|Syracuse University,||US,8,Open Access,"We consider the processes of achieving alignment in coordinated inter-organizational networks through a case study of a system development project in ARC Transistance, a network of European automobile clubs that cooperate to provide pan-European service. The theoretical contribution of the paper is, first, an extended strategic alignment model for inter-organizational networks that distinguishes between integration of IS with business strategy and infrastructure, and what we label ‘accordance’ between the strategies and infrastructures of the network and the member firms. Second, we propose that for a network organization, network and member strategies might be complementary as well as tightly coupled. We similarly argue that IS architectures for networks should strive for being ‘business strategy-neutral’ to more easily accommodate the diversity of members. Finally, we discuss how the process of developing a network information system can be a driver towards network alignment, but how the lack of effective governance structures makes alignment harder to achieve.",strategic alignment|interorganizational networks|network alignment|information systems integration|business strategy|information infrastructure|network governance|automobile clubs|system development projects,Information Technology Governance and Strategy,Management Information Systems,"Business, Management and Accounting",Social Sciences
https://doi.org/10.1080/0960085x.2019.1669494,IT-leveraged network value cocreation: a case study of the value cocreation process and value capture in the South Korean broadcast advertising industry,2019,2019-10-01,Jongwoo Kim|Sunyoung Cho|Balasubramaniam Ramesh,University of Massachusetts Boston|The University of Texas Rio Grande Valley|Georgia State University,US|US|US,8,NOT Open Access,,value co-creation|value capture|information systems|business networks|organizational ambidexterity|value appropriation|South Korea,Service and Product Innovation,Marketing,"Business, Management and Accounting",Social Sciences
https://doi.org/10.1080/0960085x.2020.1801360,Validating the coevolutionary principles of business and IS alignment via agent-based modeling,2020,2020-08-09,Mengmeng Zhang|Honghui Chen|Kalle Lyytinen,National University of Defense Technology|Case Western Reserve University,CN|US|CN|US,8,NOT Open Access,,business-IT alignment|coevolution|agent-based modeling|complex adaptive systems|organizational hierarchy|organizational order,Information Technology Governance and Strategy,Management Information Systems,"Business, Management and Accounting",Social Sciences
https://doi.org/10.1057/ejis.2010.6,How well do shopbots represent online markets? A study of shopbots’ vendor coverage strategy,2010,2010-03-16,Gove N. Allen|Jianan Wu,Brigham Young University|Louisiana State University,US|US,7,NOT Open Access,,shopbots|online marketplaces|search engine bias|online retail|consumer search,Web Data Mining and Analysis,Information Systems,Computer Science,Physical Sciences
https://doi.org/10.1080/0960085x.2018.1475876,"Feedback, task performance, and interface preferences",2018,2018-05-23,Steven Bellman|Kyle B. Murray,University of South Australia|University of Alberta,AU|CA,7,NOT Open Access,,feedback intervention theory|normative feedback|task performance|feedback valence|self-concept|lock-in effect|online games,Technology Adoption and User Behaviour,Information Systems and Management,Decision Sciences,Social Sciences
https://doi.org/10.1080/0960085x.2019.1685737,"Building on shaky foundations? Lack of falsification and knowledge contestation in IS theories, methods, and practices",2019,2019-11-24,Antti Salovaara|Bikesh Raj Upreti|Jussi Ilmari Nykänen|Jani Merikivi,University of Helsinki|Aalto University|VTT Technical Research Centre of Finland|Grenoble Ecole de Management|Université Grenoble Alpes,FI|FI|FI|FR,7,Open Access,"Among the defining characteristics of a healthy research discipline is the ability to correct its knowledge if more recent evidence creates grounds for this. Studies that reveal errors in earlier theories demonstrate, in line with Karl Popper’s thinking, an approach called falsificationism. They complement approaches aimed at developing and expanding knowledge by generalising empirical observations or postulating new contributions and testing them. The paper presents an analysis that applies this categorisation to abstracts of research papers (N = 5,202) in the eight leading IS journals. Machine-learning-based classification determined that only 7.0% of the papers manifested any clear form of knowledge-contestation, such as falsification, in the approach or findings presented. In light of this, we call on IS researchers to increase the falsification and knowledge-contestation in their research, to nurture more valid theories, methods, and practices, thereby achieving greater societal impact. We present two suitable IS research designs accordingly: knowledge-contesting comparisons and knowledge-contesting replications. We also discuss how these designs, exemplifying opportunities to increase the number of knowledge-contesting studies in the field, can be applied in both positivist and interpretivist research epistemology.",falsificationism|knowledge contestation|Karl Popper|information systems research|research design|replication study|positivism|interpretivism|research validity,Information Systems Theories and Implementation,Sociology and Political Science,Social Sciences,Social Sciences
https://doi.org/10.1080/0960085x.2020.1829511,Exploring firm strategy using financial reports: performance impact of inward and outward relatedness with digitisation,2020,2020-10-18,Wael Jabr|Zhiqiang Zheng,Pennsylvania State University|The University of Texas at Dallas,US|US,7,Open Access,"A firm’s success critically hinges on its strategies in selecting its portfolio of products and services. In this paper, we study how differentiation and market alignment at the offering level impact firm performance. To that end, we mine firms’ 10-K filings to characterise the portfolio of offerings through the lens of outward relatedness, inward relatedness, and digitisation. We define outward relatedness as a measure of alignment of firm offerings within its market space, inward relatedness as a measure of differentiation of firm offerings with its own past offerings, and digitisation as a measure of the firm’s focus on IT. We find that markets react positively to firms that operate with high levels of outward relatedness, low levels of inward relatedness and high levels of digitisation. However, we find that highly digitised firms do not have to conform to peers’ offerings. Digitisation enables these firms to differentiate by internally diversifying their offerings. Interestingly, our results show that only firms already highly digitised benefit from further digitisation.",business strategy|digitization|product portfolio|differentiation|market alignment|firm performance|10-K filings|IT investment,Business Strategies and Innovation,Strategy and Management,"Business, Management and Accounting",Social Sciences
https://doi.org/10.1080/0960085x.2020.1850185,Substitution and complementarity in the use of health information exchange and electronic medical records,2020,2020-12-01,Liran Politi|Shlomi Codish|Iftach Sagy|Lior Fink,Ben-Gurion University of the Negev|Soroka Medical Center,IL|IL|IL|IL,6,NOT Open Access,,health information exchange|electronic health records|substitution|complementarity|EMR implementation|emergency department|health information systems,Electronic Health Records Systems,Health Information Management,Health Professions,Health Sciences
https://doi.org/10.1080/0960085x.2022.2088416,Patient health locus of control: the design of information systems for patient-provider interactions,2022,2022-06-16,James Wallace|Matthew T. Mullarkey|Alan R. Hevner,|University of South Florida,|US|US,6,NOT Open Access,,health information systems|patient-provider interaction|treatment planning|socio-technical design|human-computer interaction|focus group evaluation|patient outcomes,Electronic Health Records Systems,Health Information Management,Health Professions,Health Sciences
https://doi.org/10.1080/0960085x.2020.1854061,Instrumental aspects of play at work in information technology organisations,2020,2020-12-21,Hameed Chughtai,University of Southampton,GB,4,NOT Open Access,,workplace play|instrumental rationality|temporality|spatiality|materiality|sociality|critical hermeneutics|Hans-Georg Gadamer|digital play|Google|Facebook|Microsoft,Information Systems Theories and Implementation,Sociology and Political Science,Social Sciences,Social Sciences
https://doi.org/10.1080/0960085x.2024.2434226,The Impact of IT Equivocality on Postadoptive Use Behaviors: Development and Validation of a Multidimensional Construct,2024,2024-12-06,Jean‐Charles Pillet|Kévin Carillo|Federico Pigni|Claudio Vitari,TBS Education|Grenoble Ecole de Management|Université de Toulon|Aix-Marseille Université|Centre d'Etudes et de Recherche en Gestion d'Aix-Marseille,FR|FR|FR|FR,4,Open Access,"In his early work, Karl Weick referred to information technology (IT) as “equivoques” to underline the conflicting interpretations that often arise among users, groups, and organizations interacting with IT. As modern IT systems support a growing variety of uses and applications, this phenomenon intensifies, with important implications for attitude formation and use behaviors. Based on individual sensemaking theory, we define perceived IT equivocality as a user’s difficulty in making sense of an IT and theorize that this psychological phenomenon manifests through perceptions of incompleteness, fragmentation, and uncertainty. Three empirical studies (n = 419, n = 411, n = 345) were conducted to validate this multidimensional construct and examine its relevance in postadoptive use settings. The results indicate that perceived IT equivocality is negatively associated with routine and innovative use and positively associated with behavioral anxiety, confirming its theorized influence on usage patterns. In closing, we discuss the importance of the IT equivocality construct to both theory and practice, along with the limitations of our work. Our distinctive contributions include 1) conceptualizing an IS-specific psychological phenomenon, 2) developing and validating a multidimensional scale, and 3) demonstrating the behavioral potency of the construct.",sensemaking|routine use|anxiety-like behavior|uncertainty|construct development|scale validation|Karl Weick|information technology adoption,Technology Adoption and User Behaviour,Information Systems and Management,Decision Sciences,Social Sciences
https://doi.org/10.1080/0960085x.2025.2567670,"Empowering health, integrating privacy: a value-reflexive examination of smart health technologies",2025,2025-10-03,Jingjing Zhang|Farkhondeh Hassandoust|Allen C. Johnston,Auckland University of Technology|University of Auckland|University of Alabama,NZ|NZ|US,4,NOT Open Access,,health empowerment|privacy|value-sensitive design|autonomy|solidarity|authenticity|technology adoption|life stages|trust,"Privacy, Security, and Data Protection",Sociology and Political Science,Social Sciences,Social Sciences
https://doi.org/10.1080/0960085x.2025.2463984,The Insider’s Dilemma: Employed Open Source Developers’ Identification Imbalance and Intentions to Leave,2025,2025-02-16,Mario Schaarschmidt|Klaas-Jan Stol|Brian F. Fitzgerald,University of Duisburg-Essen|Science Foundation Ireland|University of Limerick|University College Cork|Lero,DE|IE|IE,3,Open Access,"In corporate-sponsored open source software development, company-employed developers become “insiders” to the OSS community, and therefore have two roles: they serve as a representative of their employing company, but may also identify as a member of the open source community. This study investigates what happens when identification with the company exceeds identification with the community (and vice versa), and also focuses on consequences when these insider roles come in conflict. Informed by social identity theory and organization-profession conflict theory, we report on two studies that predict identification imbalance to affect company turnover intention. Our first study is based on a survey of employed Linux kernel developers and uses polynomial regression to assess the effect of identification imbalance (and congruence) on company turnover intention. The second study extends our investigation beyond Linux and demonstrates that the effect of identification imbalance on turnover intention is mediated by role conflict. The findings suggest that turnover intention is lowest, when company and community identification match at high rather than low levels. We also find developers’ company career ambition influences how role conflict relates to company turnover intention. This study holds implications for theory and for managers in companies who engage with OSS communities.",open source developers|turnover intention|role conflict|social identity theory|career ambition|open source communities,Open Source Software Innovations,Computer Science Applications,Computer Science,Physical Sciences
https://doi.org/10.1080/0960085x.2025.2471074,Impact of rounded rating display and confidence cues on the subsequent reviews,2025,2025-03-06,Chang Liu|Keehyung Kim,Nanjing Audit University|University of Oklahoma,CN|US,3,NOT Open Access,,online review platforms|review generation|customer expectations|information diversity|review sentiment|platform design,Digital Marketing and Social Media,Sociology and Political Science,Social Sciences,Social Sciences
https://doi.org/10.1080/0960085x.2025.2525371,Towards competition and collaboration: a mid-range design theory for designing coopetitive news platforms,2025,2025-07-09,Hadi Ghanbari|Tuure Tuunanen|Erol Kazan,Aalto University|University of Jyväskylä|Deutsche Bundesbank,FI|FI|DE,3,Open Access,"Newspapers’ digital transformation offers various opportunities and challenges for publishers. While some publishers, such as The New York Times, have been able to monetize their online content, many publishers struggle to sustain revenues. Drawing on the strategic alliance literature, we propose that a coopetitive news platform co-owned and operated by multiple competing publishers for cross-selling online news could resolve this problem. However, we lack theoretically grounded design knowledge for designing such a coopetitive news platform. We conducted a 5-year echeloned design science research (eDSR) project to address this gap. Through 16 design echelons, we developed a news platform prototype and produced design knowledge for developing it. Our findings offer proof of concept and proof of value for the proposed artefact from users’ and online news publishers’ perspectives. Our contributions to the literature and practice are several. We developed design principles and abductively built a mid-range design theory for designing coopetitive news platforms that loosely couple platform proxies, enabling them to form a coopetition alliance. This, in turn, creates novel opportunities for bundling and cross-selling content from various competing publishers via novel coopetitive subscription plans.",coopetition|news platforms|newspaper digital transformation|strategic alliances|platform design|cross-selling|subscription plans,Business Strategy and Innovation,Strategy and Management,"Business, Management and Accounting",Social Sciences
https://doi.org/10.1080/0960085x.2024.2380707,The co-evolution of contract and software artefact in cloudsourcing,2024,2024-08-05,Thomas Huber|Jens Dibbern|Thomas Fischer,École Supérieure des Sciences Économiques et Commerciales|ESSEC Business School|University of Bern,FR|SG|CH|CH,2,Open Access,"Propelled by the promise of cost savings and enhanced service quality, cloudsourcing has become the largest segment of the global outsourcing market. In practice, however, managing cloudsourcing projects is notoriously challenging because they morph into complex, multi-year endeavours that entail frequent adaptations of both the cloud service and the contract in response to emergent goals. This study develops and explores the idea that in this adaptation process, the outsourcing contract and software artefact become closely connected. When making contracting decisions, clients must consider that cloud services are built on standardised multi-tenant architectures, offer predefined customisation options, and evolve continuously. Therefore, we explore the dynamic interplay between contract and cloud-based software artefact in response to emergent goals. Drawing from a longitudinal study of four cloudsourcing cases, we reveal two patterns: co-evolutionary polarisation and co-evolutionary harmonisation. The former, driven by positive reinforcement, intensifies tensions between initial and emergent goals, manifesting in projects drifting away from goals. The latter, characterised by balancing feedback, facilitates a flexible trajectory, enabling stepwise reconciliation of initial and emergent goals. These findings offer significant theoretical contributions to the management of sourcing projects, especially in cloud contexts, and provide actionable insights for managers navigating the complex dynamics of cloudsourcing.",outsourcing contracts|software artefacts|coevolution|multi-tenant architecture|contract adaptation|project management|goal drift|positive reinforcement,Outsourcing and Supply Chain Management,Management Information Systems,"Business, Management and Accounting",Social Sciences
https://doi.org/10.1080/0960085x.2025.2486827,Exploring IT identity claims: toward a value-centric IT identification framework,2025,2025-04-03,Qin Weng|Wendy Wang,Baylor University|University of North Alabama,US|US,2,NOT Open Access,,IT identity|cyborg|human-technology relationship|emotional energy|technology dependence|relatedness|ambivalence|social desirability|oneness|personal values|technology use,Technology Adoption and User Behaviour,Information Systems and Management,Decision Sciences,Social Sciences
https://doi.org/10.1080/0960085x.2025.2521063,IT resource relatedness and the search for agility: a complementarity perspective,2025,2025-06-19,Magno Queiroz|Paul P. Tallon|Tim R. Coltman|Abhijith Anand|Rajeev Sharma,Florida Atlantic University|Loyola University Maryland|University of Waikato|University of Arkansas at Fayetteville|Deakin University,US|US|NZ|US|AU,2,NOT Open Access,,complementarity|IT infrastructure|information technology applications|IT governance,Information Technology Governance and Strategy,Management Information Systems,"Business, Management and Accounting",Social Sciences
https://doi.org/10.1080/0960085x.2025.2550403,Theorising forward: positioning deductive elaboration in the Information Systems research repertoire,2025,2025-08-27,Guy Paré|Gerit Wagner|Mary Tate|Guido Schryen|Mathieu Templier,HEC Montréal|University of Bamberg|Victoria University of Wellington|Paderborn University|Université Laval,CA|DE|NZ|DE|CA,2,Open Access,"Theorising plays a foundational role in Information Systems (IS) research. While the field has made important advances through theory borrowing, via adaptation and instantiation, as well as through contextualisation of established frameworks and models, comparatively little attention has been devoted to the elaboration of existing theories through structured, logic-driven approaches. This commentary problematises that imbalance and advances the concept of deductive theory elaboration as a valuable, yet underutilised, form of theorising in behavioural IS research. We define deductive theory elaboration as a process that extends existing theories by introducing conceptual modifications to their constructs, relationships, or boundary conditions prior to empirical testing. We distinguish this approach from related forms of theorising and propose a four-step framework supported by a repertoire of elaboration patterns for both variance and process theories. We also offer practical reporting guidelines to promote transparency and rigour in elaboration-based contributions. Our aim is to encourage more systematic elaboration efforts to enhance the precision, generalisability, and cumulative potential of IS theories, an optimistic vision of how behavioural IS research can evolve to meet the conceptual challenges of a rapidly transforming digital landscape.",theorizing|theory development|process theory|reporting guidelines|cumulative research|boundary conditions,Information Systems Theories and Implementation,Sociology and Political Science,Social Sciences,Social Sciences
https://doi.org/10.1080/0960085x.2026.2616041,"Enterprise systems standardization, IT investment, and firm performance: an organizational information processing theory perspective",2026,2026-01-13,Inmyung Choi|Alain Pinsonneault|Han|Animesh Animesh,Texas Tech University|McGill University,US|CA|CA|CA,2,Open Access,"Firms have increasingly standardized their enterprise systems (ES) to streamline operations, reduce costs, and improve coordination across business units. However, how ES standardization, defined as implementing the same enterprise system modules across business units, affects firm performance remains unexplored. To advance our understanding of the value implications of ES standardization, we draw upon organizational information processing theory (OIPT). Using a sample of 1728 firm-year observations from the United States, we find that ES standardization has a negative influence on firm performance. However, this effect can be attenuated when firms make greater IT investments, leading to superior performance in the presence of both greater ES standardization and increased IT investment—two key moderators in our model. Furthermore, our analyses reveal that environmental uncertainty—specifically, industry dynamism and complexity—amplifies the moderating role of IT investment in the relationship between ES standardization and firm performance. Our theoretical framework and empirical findings underscore the importance of considering ES standardization as a critical factor in assessing the business value of IT.",IT investment|firm performance|organizational information processing theory|business value of IT|environmental uncertainty|industry dynamism|industry complexity,ERP Systems Implementation and Impact,Management Information Systems,"Business, Management and Accounting",Social Sciences
https://doi.org/10.1080/0960085x.2026.2616039,Intimate support or expansive insight? How social media community openness and size shape patient self-management,2026,2026-01-24,Edin Smailhodžić|Albert Boonstra|David Langley|Nicolai Etienne Fabian,University of Groningen,NL|NL|NL|NL,2,Open Access,"Brain injuries pose ongoing challenges that require robust self-management and support systems due to cognitive, emotional, and social impacts. Many patients now turn to social media for additional support, often relying on health communities where they can share experiences and seek advice. By offering emotional support and practical self-management strategies, these communities help patients improve their overall quality of life. This study conducts a comparative analysis of how the affordances of two types of social media health communities (small and closed vs. large and open) shape self-management strategies and interpersonal relationships for individuals with traumatic brain injuries. By analysing user engagement patterns and content shared within these communities, the study shows how different affordances contribute to different forms of support. The small, closed community fosters trust and privacy, encouraging deeper connections, tailored support, and a sense of safety. Conversely, the large, open community offers anonymity, a wider range of perspectives, and broader access to information, although interactions may lack personal depth. The study contributes to the literature on social media communities and health information technologies by deepening our understanding of how digital environments mediate support systems. The findings also provide insights for healthcare providers, patients’ families, and designers of social media communities.",traumatic brain injury|patient self-management|community size|online support|user engagement|anonymity|trust and privacy|interpersonal relationships|health information technology|affordances,Health Literacy and Information Accessibility,General Health Professions,Health Professions,Health Sciences
https://doi.org/10.1080/0960085x.2026.2623954,Growing pains: how strategic postures can help and hurt sales growth during periods of severe turbulence,2026,2026-02-11,Ricarda B. Bouncken|Martin Ratzmann,University of Bayreuth,DE|DE,2,NOT Open Access,,sales growth|business environment turbulence|business cycles|crisis management,Business Strategies and Innovation,Strategy and Management,"Business, Management and Accounting",Social Sciences
https://doi.org/10.1080/0960085x.2026.2621809,Security fatigue: manifestation of emotional exhaustion and cynicism by depletion of self-regulation capacity,2026,2026-02-13,Akanksha Malik|Sanjay Goel|Shuchi Sinha,"London Metropolitan University|State University of New York|University at Albany, State University of New York|Indian Institute of Technology Delhi",GB|US|IN,2,NOT Open Access,,emotional exhaustion|job demands-resources model|self-regulation theory|security policy|job control|occupational stress,Information and Cyber Security,Information Systems,Computer Science,Physical Sciences
https://doi.org/10.1080/0960085x.2026.2642660,"Platform capture of scientific knowledge production: publishers’ dominance, generative AI and Subsumption of academic labor",2026,2026-03-19,Ojelanki K. Ngwenyama|Stefan Klein|Frantz Rowe,University of Cape Town|Toronto Metropolitan University|University of Münster|Nantes Université,CA|ZA|DE|FR,2,Open Access,"Academic publishing is dominated by a small group of publishers whose platformization practices are threatening academic institutions and their values. These publishers deploy digital research and publishing platform infrastructures (DRPIs) to capture and transform scientific knowledge production in their private interest. This paper aims at analyzing this shift in the political economy of knowledge production and scholarly communication from expanding use of DRPIs. Using Marx’s theory of subsumption, we empirically analyze the case of Elsevier and its DRPI to theorize platform capture of scientific knowledge production. We find that DRPIs, recently reinforced by generative artificial intelligence (GenAI), enable academic publishers to advance from real subsumption to general intellect subsumption, progressively sidelining academics in scientific knowledge production. Through regimes of marketization, appropriation and exploitation, the leading academic publishers impose structural dominance on academics to appropriate their labor, data and intellectual property rights. Despite the Open Science movement, DRPIs enable the private capture of societal wealth at the expense of epistemic communities and societal good. Without strong collective action, we will not be able to envision DRPIs that fit with academic values, nor will we be able to combat the negative outcomes of advancing platform capture on the institution of science.",platformization|scholarly publishing|general intellect|generative AI|Elsevier|scholarly communication|academic work|intellectual property|marketization|open science|epistemic communities|collective action,Publishing and Scholarly Communication,History and Philosophy of Science,Arts and Humanities,Social Sciences
https://doi.org/10.1080/0960085x.2026.2673990,Me and my Replika: perceived affordances and the formation of psychological ownership of AI companions,2026,2026-05-27,Dominik Siemon|Timo Strohmann|Najmul Islam,Lappeenranta-Lahti University of Technology|University of Münster,FI|DE|FI,2,Open Access,"Unlike traditional digital artefacts, AI companions simulate social presence, adapt to user input and engage in emotionally responsive interaction. Consumers are increasingly forming emotionally meaningful relationships with these AI companions, such as Replika. In this paper, we examine how these relational qualities contribute to psychological ownership and investigate the role of perceived affordances in this process. Drawing on affordance theory and psychological ownership, we argue that ownership emerges not from design features alone but from users’ perceptions of what the system enables. We adopt a sequential mixed-methods design, starting with a computational analysis of 119,831 Replika reviews to identify affordance perceptions related to ownership. A follow-up pilot study empirically maps perceived affordances to core ownership mechanisms. Two controlled experiments then test how manipulated design features influence psychological ownership, mediated by user perceptions and ownership mechanisms. Our findings show that design features affect ownership only indirectly through perceptual pathways. We also identify perceived intelligence as a complementary mechanism contributing to psychological ownership in the AI companion context. This study advances context-specific theorising on psychological ownership of AI companions, extends affordance theory to relational technologies and offers practical and ethical guidance for designing AI companions that promote responsible emotional engagement.",AI companions|psychological ownership|perceived affordances|affordance theory|Replika|human-AI relationship|social presence|emotional engagement|perceived intelligence|design features|online reviews|relational technologies|responsible AI design,Innovative Human-Technology Interaction,Human-Computer Interaction,Computer Science,Physical Sciences
https://doi.org/10.1057/ejis.2011.1,"‘Hey professor, why are you teaching this class?’ Reflections on the relevance of IS research for undergraduate students",2011,2011-03-01,Elizabeth Davidson,,,15,Open Access,"‘Hey professor, why are you teaching this class?’ An undergraduate student confronted me with this question on the first day of the information systems (IS) core course that I taught this past seme...",information systems education|undergraduate students|student perceptions|curriculum development,Information Systems Education and Curriculum Development,Information Systems,Computer Science,Physical Sciences
https://doi.org/10.1057/ejis.2012.34,What's communication got to do with IT?,2012,2012-07-01,Dov Te’eni,,,14,Open Access,"This is my first opportunity as editor to address the European Journal of Information Systems (EJIS) community, and I take great pleasure in doing so. We are a diverse community of readers, authors...",communication|information technology,Information Systems Theories and Implementation,Sociology and Political Science,Social Sciences,Social Sciences
https://doi.org/10.1057/ejis.2012.54,Shareholder reaction to firm investments in the capability maturity model: an event study,2013,2013-01-15,Greg Filbeck|Matthew E. Swinarski|Xin Jessica Zhao,Pennsylvania State University,US|US|US,14,NOT Open Access,,capability maturity model|stock price reaction|shareholder reactions|IT companies|process maturity|firm performance|event study,Information Technology Governance and Strategy,Management Information Systems,"Business, Management and Accounting",Social Sciences
https://doi.org/10.1057/s41303-017-0041-6,“What else is there…?”: reporting meditations in experiential computing,2017,2017-03-10,Mads Bødker,Copenhagen Business School,DK,14,NOT Open Access,,meditation|embodiment|affect|everyday technology use|reflective practice|alternative representations|sensuousness,Information Systems Theories and Implementation,Sociology and Political Science,Social Sciences,Social Sciences
https://doi.org/10.1080/0960085x.2017.1387712,The insider on the outside: a novel system for the detection of information leakers in social networks,2017,2017-10-31,Giuseppe Cascavilla|Mauro Conti|David G. Schwartz|Inbal Yahav,Sapienza University of Rome|University of Padua|Bar-Ilan University,IT|IT|IL|IL,12,Open Access,"Confidential information is all too easily leaked by naive users posting comments. In this paper we introduce DUIL, a system for Detecting Unintentional Information Leakers. The value of DUIL is in its ability to detect those responsible for information leakage that occurs through comments posted on news articles in a public environment, when those articles have withheld material non-public information. DUIL is comprised of several artefacts, each designed to analyse a different aspect of this challenge: the information, the user(s) who posted the information, and the user(s) who may be involved in the dissemination of information. We present a design science analysis of DUIL as an information system artefact comprised of social, information, and technology artefacts. We demonstrate the performance of DUIL on real data crawled from several Facebook news pages spanning two years of news articles.",information leakage detection|social networks|news comments|confidential information|user profiling|information dissemination,"Privacy, Security, and Data Protection",Sociology and Political Science,Social Sciences,Social Sciences
https://doi.org/10.1080/0960085x.2020.1746202,Taking the human body seriously,2020,2020-04-14,Hameed Chughtai,University of Southampton,GB,12,NOT Open Access,,human body|embodiment|somatic practices|information systems theory|ethnography of technology,Information Systems Theories and Implementation,Sociology and Political Science,Social Sciences,Social Sciences
https://doi.org/10.1057/ejis.2012.30,Longitudinal use of method rationale in method configuration: an exploratory study,2012,2012-08-28,Fredrik Karlsson,Örebro University,SE,11,NOT Open Access,,method adaptation|system development methodology|project teams|longitudinal study|lessons learned,Software Engineering Techniques and Practices,Information Systems,Computer Science,Physical Sciences
https://doi.org/10.1057/ejis.2016.8,Four common multicommunicating misconceptions,2016,2016-05-24,Ann‐Frances Cameron|Jane Webster|Henri Barki|Ana Ortíz de Guinea,HEC Montréal|Queen's University,CA|CA|CA|CA,10,NOT Open Access,,multitasking|dyadic communication|information systems professionals|workplace communication|productivity|stress|communication management,Personal Information Management and User Behavior,Information Systems and Management,Decision Sciences,Social Sciences
https://doi.org/10.1080/0960085x.2018.1435233,What’s in a face? Making sense of tangible information systems in terms of Peircean semiotics,2018,2018-03-05,Paul Beynon‐Davies,Cardiff University,GB,10,Open Access,"Within this paper, we utilise a delimited area of philosophy to help make sense of a delimited area of design science as it pertains to a class of contemporary information systems. The philosophy is taken from that of Charles Sanders Peirce; the design science is directed at the construction of visual devices in that area known as visual management. The utilisation of such devices within their wider visual management systems we take to be instances of what we refer to as tangible information systems. Tangible information systems use tangible artefacts, such as whiteboards and magnetic tokens, to accomplish information. We particularly use Peircean semiotics to analyse the use of tangible emoticons articulated upon performance boards within a large-scale manufacturing facility. We infer from our analysis of these informative artefacts that certain integrated aspects of Peircean philosophy offers an alternative way of framing notions of a proper design science, design theory, and design artefact for the discipline of information systems.",Peircean semiotics|Charles Sanders Peirce|visual management|whiteboard|design theory|design artifacts|large-scale manufacturing|visual devices,Information Systems Theories and Implementation,Sociology and Political Science,Social Sciences,Social Sciences
https://doi.org/10.1057/ejis.2010.49,Contrarian information systems studies,2010,2010-10-26,Joe Nandhakumar,University of Warwick,GB,9,Open Access,"Over the last few decades, the field of Information Systems (IS) has progressed significantly in terms of theories, methods and insights. With this progress there is also an emergence of convergent...",information systems research|research trends|convergent research,Information Systems Theories and Implementation,Sociology and Political Science,Social Sciences,Social Sciences
https://doi.org/10.1057/s41303-017-0042-5,Once upon a time: Crafting allegories to analyze and share the cultural complexity of strategic alignment,2017,2017-03-28,Michelle Lynn Kaarst‐Brown,Syracuse University,US,9,NOT Open Access,,allegory|strategic alignment|organizational culture|organizational metaphors|storytelling|insurance companies|IT strategy|reflexive research practice,Information Systems Theories and Implementation,Sociology and Political Science,Social Sciences,Social Sciences
https://doi.org/10.1057/s41303-017-0043-4,The limits to language in doing systems design,2017,2017-03-22,Richard J. Boland|Kalle Lyytinen,Case Western Reserve University,US|US,9,NOT Open Access,,limits of language|system design|information systems practice|performative research|conversational genres|Memex|intelligent agents|Vannevar Bush|C. West Churchman|Hans-Georg Gadamer|Jürgen Habermas|Pierre Bourdieu|Bruno Latour|digital platforms,Information Systems Theories and Implementation,Sociology and Political Science,Social Sciences,Social Sciences
https://doi.org/10.1080/0960085x.2018.1529374,Determinants and heterogeneity of switching costs in IT outsourcing: estimates from firm-level data,2018,2018-10-18,Christian Peukert,,,9,Open Access,"We study how firms decide whether to continue an existing relationship or switch the vendor of outsourced services. Because of incomplete contracts and relationship-specific investments, client organisations may face switching costs, which in some cases may be large enough to render vendor switching an unattractive option. Based on an extensive review of the literature, we develop hypotheses about relationship-, firm-, and market-specific determinants of switching costs. We then develop an econometric model to identify those determinants and their relative importance and estimate the magnitude of switching costs. In the empirical study, we observe accounting data of 1318 US credit unions (CUs) and follow their IT outsourcing choices over 11 years. We find that the largest portion of switching costs is due to relationship- and firm-specific factors, while market-specific variables are much less important. Our estimates suggest that average switching costs account for one-third of the average annual expenditure for professional services. We further highlight that the average hides substantial heterogeneity. Switching costs of CUs that decide to switch vendors are about 50% lower than those of CUs that stay. Looking more closely at stayers, our most conservative estimate of the lock-in effect, i.e., the difference in switching costs of deliberate and non-deliberate stayers, is equivalent to about 70% of the average annual expenditure for professional services.",switching costs|IT outsourcing|lock-in|relationship-specific investment|incomplete contracts|credit unions|professional services,Outsourcing and Supply Chain Management,Management Information Systems,"Business, Management and Accounting",Social Sciences
https://doi.org/10.1080/0960085x.2018.1557373,Exploring the impact of IS function maturity and IS planning process on IS planning success: an ACE analysis,2018,2018-12-20,Tomoaki Shimada|James Ang Soo-Keng|Darren Ee,Nagoya University of Commerce and Business|National University of Singapore|The Logistics Institute-Asia Pacific,JP|SG|SG,9,NOT Open Access,,IT integration|long-term planning|nonlinear relationship,Information Technology Governance and Strategy,Management Information Systems,"Business, Management and Accounting",Social Sciences
https://doi.org/10.1080/0960085x.2019.1598609,How long can this party last? What the rise and fall of OR/MS can teach us about the future of business analytics,2019,2019-04-25,Robert F. Otondo,Mississippi State University,US,8,NOT Open Access,,business analytics|operations research|management science|mathematical modeling|research agenda|critical discourse|organisational practices|lessons learned,Big Data and Business Intelligence,Management Information Systems,"Business, Management and Accounting",Social Sciences
https://doi.org/10.1057/ejis.2010.33,"Same technology, different outcome? Reinterpreting Barley's Technology as an Occasion for Structuring",2010,2010-07-13,Starling David Hunter,Carnegie Mellon University Qatar|Carnegie Mellon University,QA|US,7,NOT Open Access,,barley|organizational structure|information technology adoption|radiology department|organizational change|decentralization|arcsine transformation|power regression|outcome heterogeneity,Information Systems Theories and Implementation,Sociology and Political Science,Social Sciences,Social Sciences
https://doi.org/10.1080/0960085x.2021.1966326,Rethinking time: ubichronic time and its impact on work,2021,2021-08-17,Koteswara Ivaturi|Cecil Eng Huang Chua,Swinburne University of Technology|Missouri University of Science and Technology,AU|US,7,NOT Open Access,,ubiquitous technology|time perception|employee behavior|time management|value of time|workplace adaptation|organisational implications,Personal Information Management and User Behavior,Information Systems and Management,Decision Sciences,Social Sciences
https://doi.org/10.1080/0960085x.2020.1869507,Skipping class: improving human-driven data exploration and querying through instances,2021,2021-01-29,Arash Saghafi|Yair Wand|Jeffrey Parsons,Tilburg University|University of British Columbia|Memorial University of Newfoundland,NL|CA|CA,6,Open Access,"With the growing focus on business analytics and data-driven decision-making, there is a greater need for humans to interact effectively with data. We propose that presenting data to human users in terms of instances and attributes provides a more flexible and usable structure for querying, exploring, and analysing data. Compared to a traditional representation, an instance-based representation does not impose any predefined classification schema over the data when it is presented to users. This paper examines the potential utility of instance-based data through two laboratory experiments – the first focusing on exploration of data for pattern discovery (open-ended tasks) and the second on retrieval of information (closed-ended tasks). In both cases, participants were able to achieve better results in tasks using instance-based data than using class-based representations. Given the growing need for self-service analytics, as well as using information for purposes not anticipated when it was collected, we show that instance-based representations can be an effective way to satisfy the emerging needs of information users.",exploratory data analysis|database queries|pattern discovery|information retrieval|self-service analytics|business analytics,Data Visualization and Analytics,Computer Vision and Pattern Recognition,Computer Science,Physical Sciences
https://doi.org/10.1057/ejis.2013.30,Journals and conferences in discourse,2013,2013-10-29,Dov Te’eni,,,5,Open Access,"It is a true pleasure to introduce this issue. It is simply interesting and insightful. In a previous editorial, we discussed ways of promoting circles of discourse within the community in general ...",scientific journals|conferences|scholarly communication,Publishing and Scholarly Communication,History and Philosophy of Science,Arts and Humanities,Social Sciences
https://doi.org/10.1057/ejis.2016.4,"The impact of media on how positive, negative, and neutral communicated affect influence unilateral concessions during negotiations",2016,2016-03-22,Norman Johnson|Randolph B. Cooper|Richard D. Holowczak,University of Houston|Baruch College|City University of New York,US|US|US,5,NOT Open Access,,negotiation|instant messaging|audio communication|emotional communication|positive affect|negative affect|self-sacrifice|communication media|online negotiation,Conflict Management and Negotiation,Sociology and Political Science,Social Sciences,Social Sciences
https://doi.org/10.1057/ejis.2011.40,Moderating a discourse on the moderating effects in the study of top management support,2011,2011-09-27,Joe Nandhakumar|Richard Baskerville,,|,4,Open Access,"Contrarian research studies are those that challenge, contradict, refute, or debunk previous research findings or accepted theories. These sometimes seek to expose inconsistencies in assumptions an...",moderating effect|top management support|research critique|moderators,Technology Adoption and User Behaviour,Information Systems and Management,Decision Sciences,Social Sciences
https://doi.org/10.1080/0960085x.2023.2242847,Designing digital actor engagement platforms for local high streets: an action design research study,2023,2023-08-08,Christian Bartelheimer|Philipp zur Heiden|C. Ingo Berendes|Daniel Beverungen,Paderborn University,DE|DE|DE|DE,4,Open Access,"High streets across Europe continue to lose consumers to online retail, leading to business closures and the decline of city centres, impairing cities’ overall liveability. To counter this vicious cycle, our study presents smartmarket2, the first instantiation of a digital actor engagement platform designed specifically for high streets. smartmarket2 enables hybrid online-offline customer journeys by connecting consumers to stores and other high street service providers. In an action design research (ADR) project, we design, implement and evaluate smartmarket2, involving 150 high street operators and 2,300 citizens in three cycles of building, intervention and evaluation. We derive four design principles that contribute prescriptive knowledge on the design of digital actor engagement platforms. Our results reveal that such a platform is able to increase engagement, but that it is subject to actors’ engagement dispositions.",High Street|customer engagement|design principles|local retail|action design research,Information Systems Theories and Implementation,Sociology and Political Science,Social Sciences,Social Sciences
https://doi.org/10.1080/0960085x.2022.2088415,Unpacking digital options thinking for innovation renewal: a clinical inquiry into car connectivity,2022,2022-06-16,Fredrik Svahn|Martin Kristensson,University of Gothenburg|,SE|,4,Open Access,"Options thinking is a powerful approach for managing uncertainty and change in digital environments. It is recognised as a structured process for identifying, developing, and realising options into novel products and services. At Volvo Cars, we have learned it can also become a powerful instrument for innovation renewal, although it can be difficult to apply because it challenges existing firm practices. We elaborate this tension by presenting digital options strategizing as a process of applying options thinking to negotiate capability gaps and configure innovation resources. Our clinical study reveals that this facilitates innovation renewal through emergent processes, practice-oriented design, and opportunity-driven management.",capability gaps|innovation resources|uncertainty management|Volvo Cars|automotive industry,Innovation and Knowledge Management,Strategy and Management,"Business, Management and Accounting",Social Sciences
https://doi.org/10.1057/ejis.2010.29,Theme of the Special Issue – IS in interorganizational networks,2010,2010-08-01,Diederik W. van Liere|Peter H. M. Vervest|Benn R. Konsynski|Chris Holland,,|||,3,Open Access,This special issue explores the traditional and unique aspects of information systems in interorganizational networks. What makes the application of information systems different when applied betwe...,interorganizational networks|information systems|interorganizational systems|inter-organizational collaboration,Information Systems Theories and Implementation,Sociology and Political Science,Social Sciences,Social Sciences
https://doi.org/10.1080/0960085x.2021.1907232,Learning from unexpected technological success: an extended model of supply-side diffusion,2021,2021-04-08,Lapo Mola|Andrea Carugati|Antonio Giangreco|João Vieira da Cunha,"University of Verona|SKEMA Business School|Groupe de Recherche en Droit, Économie, Gestion|Centre National de la Recherche Scientifique|Aarhus University|Lille Économie Management",FR|IT|DK|FR|FR|FR,3,Open Access,"Researchers have studied the diffusion of information technology (IT) mainly as a process of adoption. However, the practices of supply-side agents of diffusion are just as critical to guaranteeing the adaptation of technology to the changing needs of the adopters. The execution of these practices over time and across multiple supply-side agents is both complex and understudied. Therefore, this study investigates IT diffusion practices from the perspective of supply-side agents. Drawing from a longitudinal case of development, sale, and institutionalisation of a healthcare information system, this article proposes a model of the supply side of technology diffusion. The model shows that diffusion depends on supply-side agents engaging in practices that are both demanding and possibly misaligned with traditional agent practices. Accordingly, the study provides an additional explanation for the complexity of technological diffusion and extends the theoretical framework of technology diffusion by adding supply-side dynamics.",technology diffusion|information technology diffusion|health information systems|technology adoption|diffusion models,Innovation Diffusion and Forecasting,Management Science and Operations Research,Decision Sciences,Social Sciences
https://doi.org/10.1080/0960085x.2021.1992306,An approach to modelling complex ICT4D investment problems: towards a solution-oriented framework and data analytics methodology,2021,2021-11-13,Sergey Valery Samoilenko|Kweku-Muata Osei-Bryson,Averett University|Virginia Commonwealth University,US|US,3,NOT Open Access,,ICT4D|ICT investment|socioeconomic outcomes|sub-Saharan Africa|transition economies|lessons learned|benchmarking|policy analysis,ICT Impact and Policies,Media Technology,Engineering,Physical Sciences
https://doi.org/10.1080/0960085x.2021.2018366,Using argument analysis to understand the efficacy of written communication for disseminating academic findings to practitioners,2021,2021-12-21,Nan Liang|Rudy Hirschheim|Danli Chen,Louisiana State University,US|US|US,3,NOT Open Access,,argumentation theory|warrants|written communication|research dissemination|practitioner engagement|information systems research|argumentation analysis,Academic Writing and Publishing,History and Philosophy of Science,Arts and Humanities,Social Sciences
https://doi.org/10.1080/0960085x.2024.2389803,Patient learning choices in an online health infomediary,2024,2024-09-10,Dobin Yim|Jiban Khuntia|Wenjing Duan,Loyola University Maryland|University of Colorado Denver|George Washington University,US|US|US,3,NOT Open Access,,patient learning|patient empowerment|online health information|reconstructive surgery|patient questions|health information seeking,Health Literacy and Information Accessibility,General Health Professions,Health Professions,Health Sciences
https://doi.org/10.1080/0960085x.2025.2516427,Technology discontinuance: a systematic literature review and research agenda,2025,2025-06-11,Birgit Altrichter|Sabine Benoit,University of Surrey|Singapore Management University,GB|SG,3,Open Access,"Technology discontinuance by users who quit digital services such as social media or lose interest in their devices after a few weeks is a common phenomenon. Yet it has received little research attention; the few studies that address it are scattered across disciplines. Research into customer churn is more prevalent, but it implies switching providers rather than halting usage altogether. By moving beyond discipline-based knowledge boundaries and conducting a systematic literature review, the current article proposes a technology discontinuance framework, which details seven technology discontinuance types (overuse, overload, proficiency, disenchantment, social, circumstantial, and solution) and their drivers. For example, guilt drives overuse, technostress prompts overload, and successful delivery is a source of solution discontinuance. The technology discontinuance definition is validated through an expert study, the coding framework confirmed through a robustness study, and qualitative consumer data provide evidence for the technology discontinuance framework. In turn, this research emphasises the need for a more nuanced conceptualisation of technology discontinuance. By providing an expansive overview of the theoretical foundations of prior research, it also establishes a meaningful research agenda and managerial implications, specific to each type of discontinuance.",technology overuse|technostress|guilt|disenchantment|technology proficiency|consumer behavior|research agenda,Technology Adoption and User Behaviour,Information Systems and Management,Decision Sciences,Social Sciences
https://doi.org/10.1080/0960085x.2025.2522799,Leveraging digital alliances for green innovations: a pathway to becoming green,2025,2025-08-08,David Bendig|Thomas Schäper|Manfred Strehlow|J. Nils Foege,University of Münster,DE|DE|DE|DE,3,Open Access,"Human-caused climate change and its consequences challenge the modern economy, putting pressure on firms to enhance their ecological sustainability. In this study, we argue that digital alliances, i.e., strategic partnerships focused on the co-development, enhancement, and collaborative sharing of information systems (IS) resources, are particularly important for firms’ ecological performance. Our key argument is that digital alliances are critical in acquiring IS knowledge for developing green innovations. Using an absorptive capacity perspective, we theorise that industries’ information technology (IT) intensity affects the assimilation of externally acquired IS knowledge and therefore is a critical contingency for the link between digital alliances and green innovations. We also posit that the continuous development of green innovation shifts the mindset in firms, leading to a green culture, and that industry IT intensity again moderates this link. To test our theorising, we create a panel data set of 184 United States listed firms with 1,424 firm-year observations. Our findings broadly support our theorising. They contribute to the literature on the intersection of alliances and ecological sustainability by showing that IS plays a critical role in developing green innovations.",green innovation|ecological performance|absorptive capacity|ecological culture|strategic partnership|information systems resources|corporate sustainability|climate change,Innovation and Knowledge Management,Strategy and Management,"Business, Management and Accounting",Social Sciences
https://doi.org/10.1080/0960085x.2020.1832867,Complementary Technology Traces in Software Practice: A Retrospective Reflection over Sixteen Years of Evolution at Ericsson,2020,2020-10-11,Lars Mathiassen|Anna Sandberg,Georgia State University|Volvo (Sweden)|Volvo Cars (Sweden),US|SE,2,NOT Open Access,,ambidexterity|software organizations|retrospective reflection|Ericsson,Software Engineering Techniques and Practices,Information Systems,Computer Science,Physical Sciences
https://doi.org/10.1080/0960085x.2023.2213450,Use of Body Worn Camera (BWC) In Gray Scenarios: a Law Enforcement Officers’ Perspective,2023,2023-05-15,Jaeung Lee|Chul Woo Yoo|Jingguo Wang|Hejamadi Raghav Rao,Louisiana Tech University|Florida Atlantic University|The University of Texas at Arlington|The University of Texas at San Antonio,US|US|US|US,2,NOT Open Access,,body-worn cameras|law enforcement officers|ethical use of technology|rational choice theory|organizational justice|employee motivation|police ethics|moderating effect,Policing Practices and Perceptions,Political Science and International Relations,Social Sciences,Social Sciences
https://doi.org/10.1080/0960085x.2024.2314654,Towards transdisciplinary design research as a delicate dance,2024,2024-02-26,Netta Iivari|Leena Kuure,University of Oulu,FI|FI,2,NOT Open Access,,situated perspective|researcher identity|researcher agency|identity negotiation|research methodology training|information systems research,Information Systems Theories and Implementation,Sociology and Political Science,Social Sciences,Social Sciences
https://doi.org/10.1080/0960085x.2024.2413072,From cyber benign to cyber malicious: unveiling the evolution of insider cyber maliciousness from a stage theory perspective,2024,2024-10-07,Allen C. Johnston|Sanjay Goel|Kevin J. Williams,"University of Alabama|State University of New York|University at Albany, State University of New York",US|US|US,2,NOT Open Access,,insider threats|stage theory|organizational security,Information and Cyber Security,Information Systems,Computer Science,Physical Sciences
https://doi.org/10.1080/0960085x.2024.2305802,Adversarial knowledge-sharing in a coopetitive environment: a darknet hacker context,2024,2024-01-22,Obi Ogbanufe|Victor Benjamin|Dan Jong Kim,University of North Texas|Arizona State University,US|US|US,1,NOT Open Access,,knowledge sharing|coopetition|social capital theory|hacker forums|cybercriminals|knowledge control|nonlinear relationship,Knowledge Management and Sharing,Communication,Social Sciences,Social Sciences
https://doi.org/10.1080/0960085x.2025.2550396,An exploratory T-pattern analysis of dyad group behavior and communication during creative IT development,2025,2025-09-10,Andrew Schwarz|Nan Liang|Jiaying Liu|Harshali Sadhya,Louisiana State University|Iowa State University|University of Southern Indiana,US|US|US|US,1,Open Access,"In a hypercompetitive world characterized by ever-changing business models and the emergence of a platform-based economy, locating a source of competitive advantage through innovation remains a constant challenge for firms. Yet, despite the importance of using IT-based solutions to solve business problems creatively, more is needed to know about the dyad behavior and communication processes that reach their creative potential when a dyad uses IT to produce creative IT solutions. In analyzing dyad behavioral and communicative patterns, we found that, although dyad creativity is positively associated with individuals’ creativity, this relationship is no longer significant after including characteristics of dyad processes in the model. We also found the interactional effects between characteristics of dyad processes and individuals’ creativity on dyad creativity. Based on the results, we propose a process view of dyad creativity for future research. Our findings also imply that organizations should, besides finding creative employees, foster work patterns and team processes to promote creativity in organizations.",dyadic communication|individual creativity|interaction effects|team processes|organizational creativity,Team Dynamics and Performance,Social Psychology,Psychology,Social Sciences
https://doi.org/10.1080/0960085x.2025.2576231,The progressive transformation of work with robotic process automation technology,2025,2025-10-26,Raluca Bunduchi|Diana-Maria Chiș|ALIN ADRIAN MIHAILA|Emil Lucian Crișan,Babeș-Bolyai University|University of Edinburgh,GB|RO|RO|RO|RO,1,Open Access,"Drawing from research on work automation and the digital transformation of work, this study examines the process involved in transforming work through Robotic Process Automation (RPA). Employing a multi-case qualitative research design, we investigate three organisations implementing RPA. We find that work transformation occurs progressively, involving sequences of actors’ frames, technology-work configurations, and their effects on work. These sequences evolve through three stages: convergent, diffusing, and divergent, driven by three mechanisms: goal alignment, technology legitimation and effect accumulation. The findings shed light on the stages involved in the transformation of work with RPA, revealing different interpretations of RPA technology and its various effects on work that emerge during this process. Our analysis also identifies mechanisms that sustain this transformation over time, highlighting the roles of automation teams and managers in facilitating this process. We offer a framework that links the immediate effects of task automation with RPA to the technology’s long-term effects on transforming work. The framework clarifies the enablers and barriers involved in RPA implementation as well as the solutions to leverage them, and demonstrates how RPA use evolves over time, producing different but complementary effects on work.",robotic process automation|changing nature of work|digitalization of work|workplace automation|goal alignment,Robotic Process Automation Applications,Industrial and Manufacturing Engineering,Engineering,Physical Sciences
https://doi.org/10.1080/0960085x.2025.2568655,Embedding values of critical research in design—a design research study tackling bullying with children,2025,2025-11-25,Netta Iivari|Leena Ventä-Olkkonen|Heidi Hartikainen|Sumita Sharma|Essi Lehto|Jenni Holappa,University of Oulu,FI|FI|FI|FI|FI|FI,1,Open Access,"Marginalization, oppression, and injustice remain deep-rooted challenges facing the world today. Information Systems (IS) scholars could make a difference and try to make the world a better place; however, there is a lack of design methods dedicated for that. Design methods deriving inspiration from critical research tradition hold great potential in this respect. We have examined how to embed values of critical research tradition, particularly such addressing collective empowerment, into the design process in a design research project in which we explored in collaboration with children critical design methods for the purpose of addressing a wicked societal problem of bullying. For this study, we analysed four design methods we experimented with from the viewpoint of values of the critical research tradition, particularly collective empowerment, embedded in and advocated by the methods. We identify variety in the methods in terms of critical values included, collective empowerment addressed, emergent factors identified, and extent of criticality advocated. We contribute to IS literature by offering insights on how IS research, practice and education can embed critical research tradition values, particularly addressing empowerment in the critical and collective senses, more strongly into the design process. We call for wild methods in terms of criticality and propose an initial set of design principles for their development.",critical design|bullying|children|collective empowerment|critical values|design methods|wicked problems|design principles|information systems research|social justice,Information Systems Theories and Implementation,Sociology and Political Science,Social Sciences,Social Sciences
https://doi.org/10.1080/0960085x.2025.2599226,Fostering access to justice: a human values-centred investigation of bankruptcy filing innovation through its design and use,2025,2025-12-29,Narges Safari|Angsana A. Techatassanasoontorn,Macquarie University|Auckland University of Technology,AU|NZ,1,NOT Open Access,,access to justice|personal bankruptcy|value-sensitive design|technological mediation|digital innovation|human values|user experience|financial distress|stigma reduction|empowerment,Innovative Human-Technology Interaction,Human-Computer Interaction,Computer Science,Physical Sciences
https://doi.org/10.1080/0960085x.2025.2607449,The realisation of IS business value: a value-reflexive perspective,2026,2026-01-07,Panagiotis Keramidis|Arisa Shollo,Copenhagen Business School,DK|DK,1,Open Access,"The business value of Information Systems (IS) is one of the most prominent topics in IS research and the collective effort of scholars interested in this topic has offered a thorough understanding of the organisational effects of IS investments. However, the organisation-level view obscures how IS business value emerges from individual-level IS use. This analytical blind spot reduces the plurality of IS business values that users realise through IS use to organisation-level outcomes. We fill this blind spot by theorising about how IS business value is realised through individual-level IS use. Building on the findings of a case study, we theorise the relationships between users’ valueception of IS, their IS use and the realisation of IS business value through this use. Our theorising advances knowledge on IS business value realisation at the individual level and shows that individual-level IS use realises more than one IS business value. This insight into the plurality of IS business value opens the door for further value-reflexive investigations. Our theorising offers analytical vocabulary that future studies can utilise to examine and explain phenomena of value realisation through IS use.",value realization,Information Systems Theories and Implementation,Sociology and Political Science,Social Sciences,Social Sciences
https://doi.org/10.1080/0960085x.2026.2630833,Social acceptance of central bank digital currency: insights from the digital euro,2026,2026-02-22,Maximilian Ambros|Michael R. Frenkel|Christian Schlereth,WHU – Otto Beisheim School of Management,DE|DE|DE,1,Open Access,"Digital currencies are gaining increasing attention. A current initiative led by the European Central Bank is the introduction of the digital euro, a central bank digital currency (CBDC). As with many large European projects, the success of the digital euro will depend largely on its social acceptance among European citizens. Based on Information Systems theories of technology acceptance and trust, this study examines how social acceptance depends on specific CBDC design choices and to what extent this acceptance varies across major countries in the heterogeneous currency union. To measure social acceptance, we surveyed 1724 respondents and utilised the discrete choice experiment variant SADR (Separated Adaptive Dual Response), which is well-suited if a high degree of heterogeneity in acceptance is possible. Anonymity, merchant acceptance, and monthly fees are the most influential CBDC design attributes. Social acceptance highly depends on the CBDC design choices, which can be as high as 71.6% under favourable conditions, falling to only 21.5% when least favourable conditions are implemented. This paper makes a design-informed, empirically grounded, and policy-relevant contribution by highlighting that CBDC design choices shape social acceptance and that these choices must be evaluated not only for technical soundness but also for their public resonance.",central bank digital currency|digital euro|social acceptance|technology acceptance|trust|anonymity|merchant acceptance|transaction fees|European Central Bank,Technology Adoption and User Behaviour,Information Systems and Management,Decision Sciences,Social Sciences
https://doi.org/10.1080/0960085x.2026.2631718,How do attention and emotion drive donations in charitable crowdfunding? An empirical study of users’ cognitive and physiological responses to image content,2026,2026-02-25,Andreas Blicher|Rob Gleasure|Ioanna Constantiou|Jesper Clement,Copenhagen Business School,DK|DK|DK|DK,1,Open Access,"This study investigates the attentional and emotional impact of different image types in medical crowdfunding campaigns, and how these images impact donations. Building on signaling theory and evolutionary explanations for the drivers of altruism, we hypothesized that donors will be more likely to support campaigns with images that depict illness than campaigns with images that do not, and that donors will be more likely to support campaigns with images that depict groups than campaigns with images that depict individuals. We performed an online experiment and a laboratory experiment to test these hypotheses. The results support the hypotheses. Further, consistent with our evolutionary explanations of altruism, we find that images that depict illness receive more immediate attention and arousal than other images, and images that depict multiple individuals receive more total attention than images of individuals. These findings provide valuable insights to help understand how visual information in medical crowdfunding triggers the prioritization of specific fundraisers among potential donors.",charitable crowdfunding|medical crowdfunding|donation behavior|visual attention|emotional arousal|image content|signaling theory|altruism|physiological responses|donor decision-making,"FinTech, Crowdfunding, Digital Finance",Management Information Systems,"Business, Management and Accounting",Social Sciences
https://doi.org/10.1080/0960085x.2025.2607447,Social exclusion in a digital society: how does digital delivery of services exclude marginalised groups?,2026,2026-03-27,Becky Faith|Kevin Hernandez|Cathy Urquhart,University of Sussex|Manchester Metropolitan University,GB|GB|GB,1,Open Access,"This paper explores the research question “How does digital delivery of services exclude marginalised groups, and what types of digital social exclusion occur?”. The aim of this grounded theory study was to understand the impacts of the rapid digitisation of services on communities with intermittent or poor digital connectivity. We conducted a qualitative study with 24 intermediaries who were helping digitally excluded people to gain access to services in two UK cities (London and Brighton) and one US city (New York). This research shows not only that digital exclusion is persisting, but that new forms of exclusion have emerged in which people are excluded through poverty, through being dependent on intermediaries to access digital services, by a lack of digital skills and through being forced to access poorly designed services. Drawing on these ideas and theories of social exclusion, adverse incorporation and marginalisation, our research findings suggest that digital exclusion is leading to new forms of exclusion that we conceptualise as “digital marginalisation”.",digital exclusion|social exclusion|digital services|intermediaries|digital connectivity|digital skills|poverty|marginalization|service design|access to services,ICT Impact and Policies,Media Technology,Engineering,Physical Sciences
https://doi.org/10.1080/0960085x.2026.2651227,Anticipation practices of public sector organizations in liminal AI design spaces – the case of the EU AI Act,2026,2026-04-01,Fanny Vainionpää|Karin Väyrynen|Arto Lanamäki|Elena Parmiggiani|Heidi Hietala,University of Oulu|Norwegian University of Science and Technology,FI|FI|FI|NO|FI,1,Open Access,"Governmental regulation shapes the development and use of technology. Artificial intelligence (AI) has attracted significant regulatory initiatives, such as the EU AI Act (AIA), which illustrate the substantial lag often between a law proposal’s initial publication and its entry into force. This creates a liminal space in which organizations must anticipate forthcoming rules: How will compliance requirements affect our future AI plans? For researchers studying regulation within the information systems (IS) field, this period is largely uncharted because regulations are typically treated as existing or absent, rather than processes. We propose that the liminal AI design space can serve as a theoretical lens to illuminate the in-between nature of anticipatory AI work in organizations while regulation is taking shape. This lens challenges the static treatment of the regulation of technology by focusing on the early phases of the policy process. Empirically, we examined nine Finnish public sector organizations that prepared for the AIA while it was still in the making. We contribute four sets of anticipation practices that organizations enact to navigate emerging liminality. These practices reflect the dynamic conditions under which they must prepare for future AI development and use amid regulation in the making.",EU AI Act|AI regulation|public sector organizations|policy process|regulatory compliance|AI governance,"Digitalization, Law, and Regulation",Law,Social Sciences,Social Sciences
https://doi.org/10.1080/0960085x.2026.2660948,The Psychology of paid reviewers: an experimental study of online reviewer needs and motivations,2026,2026-04-27,Long The Nguyen|Traci J. Hess,Washington State University|University of Massachusetts Amherst,US|US,1,Open Access,"Online shopping platforms use review systems to encourage consumers to write online reviews, often with incentives. While the strategic benefits of online reviews are evident, the impact of incentives on consumer motivation and review quality remains complex. Incentive disclosures with different IT artefacts and negative product experiences complicate the landscape for understanding consumer motivation to write an online review. Consumers may be driven by money, recognition, enjoyment, venting, or moral obligation. Self-determination theory is adopted as a motivational lens to better understand the tensions that exist with incentives. A motivational model of online reviews is developed with three psychological needs—autonomy, competence, and relatedness; four motivational types—intrinsic, identified, introjected, and external; and online reviewer outcomes. An experiment with incentives, disclosure statements and badges, and negative (positive) product experiences reveals that needs fulfilment and motivational states mediate reviewer outcomes. While incentives influence review writing intention through external motivation, the disclosure badge and negative product experiences enhance review effort and affect through internalized forms of motivation—introjected, identified, and intrinsic motivations. Combining incentives and disclosure badges offers a promising strategy for eliciting meaningful reviews across varied product experiences.","online reviews|self-determination theory|intrinsic motivation|extrinsic motivation|autonomy, competence, relatedness|types of motivation|review quality|e-commerce platforms",Digital Marketing and Social Media,Sociology and Political Science,Social Sciences,Social Sciences
https://doi.org/10.1080/0960085x.2026.2684708,Sustainable energy technologies use: understanding social drivers and humanistic outcomes in four EU countries,2026,2026-06-17,Catarina Paisana Pires Costa das Neves|Tiago Oliveira,Universidade Nova de Lisboa,PT|PT,1,Open Access,"The role of technology in helping citizens to address environmental problems is an important area of investigation. It is on this context that sustainable energy technologies emerge as critical in mitigating climate change issues. While prior research has mainly focused on investigating the antecedents of adoption and use, this study offers a new perspective by exploring the impact of social dimensions—status and sense of belonging—on technology use behavior. Also, it further examines how the technology use impacts a set of humanistic outcomes, reinforcing the need of holistic studies on both antecedents and outcomes of technologies, especially on the human-centered ones. To achieve this, we adopt a mixed-methods approach with developmental purpose to build the research model. Data from four European countries is used to validate the model, revealing that prestige significantly influences technology use, which in turn strongly affects well-being and comfort. These effects are even stronger among users with strong pro-environmental profile, suggesting that promoting other eco-friendly actions can enhance perceptions of the technology’s benefits. Finally, a cross-country analysis is performed confirming the robustness of these results, offering a comprehensive perspective on sustainable technology use.",sustainable energy technologies|technology use behavior|social status|sense of belonging|prestige|well-being|comfort|pro-environmental behavior|humanistic outcomes|climate change mitigation|cross-national comparison,Technology Adoption and User Behaviour,Information Systems and Management,Decision Sciences,Social Sciences
https://doi.org/10.1080/0960085x.2019.1581440,Enabling service co-production: a theory-building case study,2019,2019-03-15,Audrey Grace|Rob Gleasure|Patrick Finnegan|Tom Butler,University College Cork|Copenhagen Business School|UNSW Sydney,IE|DK|AU|IE,5,NOT Open Access,,service co-production|financial services|activity theory|enabling and constraining factors|service delivery models,Service and Product Innovation,Marketing,"Business, Management and Accounting",Social Sciences
https://doi.org/10.1080/0960085x.2022.2118627,Managing attention: more mindful team decision-making,2022,2022-09-07,Valerie L. Bartelt|Alan R. Dennis,University of Denver|Indiana University Bloomington|Indiana University,US|US,4,NOT Open Access,,team decision-making|computer-mediated communication|attention management|group decision quality|decision errors|text-based communication|information processing|information recall,Team Dynamics and Performance,Social Psychology,Psychology,Social Sciences
https://doi.org/10.1080/0960085x.2022.2085201,How IT carve-out project complexity influences divestor performance in M&As,2022,2022-07-14,Philip Yetton|Stefan Henningsson|Markus Böhm|Jan Marco Leimeister|Helmut Krcmar,Deakin University|Copenhagen Business School|University of Applied Sciences Landshut|University of St.Gallen,AU|DK|DE|CH|DE,3,Open Access,"IT carve-out projects are complex and cost-intensive components of M&A transactions. Existing research sheds little light on the determinants of IT carve-out project complexity and/or its effects on divestor performance. Instead, research has focused on the post-acquisition IT integration project and acquirer performance. This paper presents the first divestor-centric model of IT transactions from the divestor to the acquirer when a Business Unit in a Multi-Business Organization (MBO) is carved out and integrated into another MBO. The model explains how divestor business and IT alignment pre-conditions contribute to increased IT carve-out project complexity. Such complexity increases IT carve-out project time to physical IT separation and creates IT stranded assets, which decrease post-divestment business, IT alignment and divestor performance. The current recommended strategy of adopting transitional service agreements (TSAs) to handle IT carve-out complexity is compared with two new proactive strategies derived from the model. TSA-based strategies restrict the divestor from both decommissioning IT stranded assets and reconfiguring its IT assets to support its new post-divestment business strategy. The two new strategies address IT carve-out complexity without incurring the negative effects from adopting TSAs.",mergers and acquisitions|business-IT alignment,Information Technology Governance and Strategy,Management Information Systems,"Business, Management and Accounting",Social Sciences
https://doi.org/10.1080/0960085x.2018.1458065,Whither design science research?,2018,2018-03-04,Pär J. Ågerfalk,Uppsala University,SE,3,NOT Open Access,,design science research|research criteria|exemplars|information systems research|research methodology,Information Systems Theories and Implementation,Sociology and Political Science,Social Sciences,Social Sciences
https://doi.org/10.1080/0960085x.2021.1940324,Are we on the right track? an update to Lyytinen et al.’s commentary on why the old world cannot publish,2021,2021-06-18,Tobias Mettler|Ali Sunyaev,University of Lausanne|Karlsruhe Institute of Technology,CH|DE,3,Open Access,"In a thought-provoking paper published in EJIS more than a decade ago, Lyytinen and colleagues asked the question, why does the “old world” perform poorly in high academic impact publishing? This triggered a lively debate on the epistemological and methodological traditions, preferences, and research practices of Europeans versus North Americans that has lasted until today. Is it still true, we asked ourselves, that European scholars generate less academic impact than their North American colleagues? Is the European research context indeed disadvantageous for developing high academic impact research? In this paper, we set out to explore these questions by analysing the Google Scholar profiles of 1713 IS researchers from all over the world. Our findings show that Northern and Western European scholars no longer seem to differ significantly from their North American peers, even though the different research contexts still exercise a certain level of influence. However, is this a development the “old world” desires? We provide an assessment and some suggestions for the future of European IS research.",research impact|information systems research|research context|Google Scholar profiles|citation impact|research practices|epistemological traditions,scientometrics and bibliometrics research,"Statistics, Probability and Uncertainty",Decision Sciences,Social Sciences
https://doi.org/10.1057/ejis.2011.22,Information design,2011,2011-05-17,Richard Baskerville,,,3,Open Access,Design thinking is a conceptual frame being advanced as a paradigm for successful organizational management. It has the hallmarks of a potential management trend that could become emulated and fash...,information design|design thinking|organizational management|management paradigms|management trends,Design Education and Practice,Mechanical Engineering,Engineering,Physical Sciences
https://doi.org/10.1057/s41303-017-0050-5,"Digital natives and immigrant editors, and special issues",2017,2017-05-01,Dov Te’eni,Tel Aviv University,IL,2,Open Access,"Kudos and thanks to the three editors of the special issue Ulrike Schultze, Lars Mathiassen and Michel Avital. They, together with the reviewers and of course the authors, deserve to be congratulat...",digital natives,Publishing and Scholarly Communication,History and Philosophy of Science,Arts and Humanities,Social Sciences
https://doi.org/10.1080/0960085x.2023.2295313,Assessing Stress with Mobile Systems: A Design Science Approach,2023,2023-12-29,Lukas Bonenberger|Henner Gimpel|Christian Regal|Marco Schmidt,University of Hohenheim|Technische Hochschule Augsburg|Fraunhofer Institute for Applied Information Technology,DE|DE|DE|DE,2,NOT Open Access,,stress measurement|mobile devices|stress management|design knowledge|design principles|design requirements|design features|prototype development,Innovative Human-Technology Interaction,Human-Computer Interaction,Computer Science,Physical Sciences
https://doi.org/10.1080/0960085x.2023.2171317,The great start of the day is morning? The roles of diurnal variations and interaction modes for investment decisions in lending-based crowdfunding,2023,2023-01-23,Yi Qiang Wu|Yi Shen|Zhijie Lin|Yuelei Li,Tianjin University|Soochow University|Tsinghua University,CN|CN|CN|CN,1,Open Access,"Crowdfunding has empowered individual investors to make investment decisions anytime and anywhere. However, research exploring the time of day effect and the ensuing time–IT relationship in the crowdfunding context still lags. This study proposes a novel theoretical framework of diurnal variations in investment decisions. We collect and analyse data from a large lending-based crowdfunding platform in China. We find robust evidence that investors invest most in the morning, moderately in the afternoon, and least in the evening; they invest fastest in the afternoon, moderately in the morning, and slowest in the evening. Furthermore, the diurnal variations in terms of investment amounts and speed become more prominent in mobile-based interactions than in desktop-based interactions. Our findings contribute to the crowdfunding literature and provide managerial implications for crowdfunding platforms.",crowdfunding|diurnal variation|time of day effects|investment decision-making|investment volume|mobile interaction|retail investors|crowdfunding platforms,"FinTech, Crowdfunding, Digital Finance",Management Information Systems,"Business, Management and Accounting",Social Sciences
https://doi.org/10.1080/0960085x.2022.2100062,On conceptualising and defining DevOps: short comments to Hemon-Hildgen and Rowe,2022,2022-07-15,Michael Gall|Federico Pigni,Grenoble Ecole de Management,FR|FR,2,NOT Open Access,,DevOps|conceptualization|software development practices|information systems research,Software Engineering Techniques and Practices,Information Systems,Computer Science,Physical Sciences
https://doi.org/10.1080/0960085x.2022.2026621,Thinking responsibly about responsible AI and ‘the dark side’ of AI,2022,2022-02-11,Patrick Mikalef|Kieran Conboy|Jenny Eriksson Lundström|Aleš Popovič,Norwegian University of Science and Technology|Ollscoil na Gaillimhe – University of Galway|Uppsala University|NEOMA Business School,NO|IE|SE|FR,427,Open Access,"Artificial Intelligence (AI) has been argued to offer a myriad of improvements in how we work and live. The notion of AI comprises a wide-ranging set of technologies that allow individuals and organizations to integrate and analyze data and use that insight to improve or automate decision-making. While most attention has been placed on the positive aspects companies realize by the adoption by the adoption and use of AI, there is a growing concern around the negative and unintended consequences of such technologies. In this special issue we have made a call for research papers that help us explore the dark side of AI use. By adopting a dark side lens, we aimed to expand our understanding of how AI should be implemented in practice, and how to minimize or avoid negative outcomes. In this editorial, we build on the notion of responsible AI, to highlight the different ways in which AI can potentially produce unintended consequences, as well as to suggest alternative paths future IS research can follow to improve our knowledge about how to mitigate such occurrences. We further expand on dark side theorizing in order to uncover hidden assumptions of current literature as well as to propose other prominent themes that can guide future IS research on AI adoption and use.",responsible AI|dark side of AI|unintended consequences of AI|artificial intelligence adoption|AI implementation|future research directions,Ethics and Social Impacts of AI,Safety Research,Social Sciences,Social Sciences
https://doi.org/10.1080/0960085x.2018.1458066,Design science research genres: introduction to the special issue on exemplars and criteria for applicable design science research,2018,2018-03-04,Ken Peffers|Tuure Tuunanen|Björn Niehaves,"University of Nevada, Las Vegas|University of Jyväskylä|University of Siegen",US|FI|DE,286,Open Access,"We propose the definition of genres in IS design science research (DSR). In recent years DSR has become a well-accepted research paradigm within IS; however, now the diversity of purpose, methodology, and mental models has increased to a point where reviewers and editors are unsure about which standards to apply to particular research submissions. For some researchers an artefact of value is a system or system component, while for others artefacts ought to be theories or theory components. Such differences are hard to reconcile and researchers often face criticism from diverse corners of the paradigm, where beliefs and standards are very different. We observed this diversity of views among authors, editors, and reviewers while editing this special issue. The problem continues to the current day. A solution may lie in defining genres of IS DSR, each with its model for DSR processes and outcomes. We define five prototype genres, based on selected articles, along with their typical characteristics, standards, and values. Several articles in this special issue typify various potential genres. The recognition of mutually respectful DSR genres may improve researchers' ability to publish in the highest tier IS journals, as colleagues, reviewers, and editors recognize and respect genre differences.",design science research|research genres|artifacts|research standards|publication criteria|peer review|editorial standards,Information Systems Theories and Implementation,Sociology and Political Science,Social Sciences,Social Sciences
https://doi.org/10.1080/0960085x.2020.1771968,Information systems in the age of pandemics: COVID-19 and beyond,2020,2020-05-03,Pär J. Ågerfalk|Kieran Conboy|Michael David Myers,Uppsala University|Ollscoil na Gaillimhe – University of Galway|University of Auckland,SE|IE|NZ,184,Open Access,"This issue of the European Journal of Information Systems (EJIS) is a special issue on Business Process Management and Digital Innovation. Guest editors Jan Mendling, Brian Pentland, and Jan Recker...",COVID-19 pandemic|information systems|business process management|digital innovation|pandemic response,COVID-19 Pandemic Impacts,Economics and Econometrics,"Economics, Econometrics and Finance",Social Sciences
https://doi.org/10.1080/0960085x.2020.1755207,Building a complementary agenda for business process management and digital innovation,2020,2020-05-03,Jan Mendling|Brian T. Pentland|Jan Recker,Vienna University of Economics and Business|Michigan State University|University of Cologne,AT|US|DE,184,Open Access,"The world is blazing with change and digital innovation is fuelling the fire. Process management can help channel the heat into useful work. Unfortunately, research on digital innovation and process management has been conducted by separate communities operating under orthogonal assumptions. We argue that a synthesis of assumptions is required to bring these streams of research together. We offer suggestions for how these assumptions can be updated to facilitate a convergent conversation between the two research streams. We also suggest ways that methodologies from each stream could benefit the other. Together with the three exemplar empirical studies included in the special issue on business process management and digital innovation, we develop a broader foundation for reinventing research on business process management in a world ablaze with digital innovation.",business process management|digital innovation|convergent research|research assumptions|digital transformation|process management methodology,Business Process Modeling and Analysis,Management Information Systems,"Business, Management and Accounting",Social Sciences
https://doi.org/10.1057/ejis.2012.38,Toward a richer diversity of genres in information systems research: new categorization and guidelines,2012,2012-09-01,Frantz Rowe,SKEMA Business School|Nantes Université,FR,86,Open Access,In this editorial I would like to make a general and effective call for more diversity in information systems research genres. This is a general call that goes beyond a particular journal and attem...,research genres|genre diversity|research guidelines|information systems research|academic writing,Information Systems Theories and Implementation,Sociology and Political Science,Social Sciences,Social Sciences
https://doi.org/10.1080/0960085x.2023.2187033,Transform or be transformed: the importance of research on managing and sustaining digital transformations,2023,2023-05-04,Noël Carroll|Nik Rushdi Hassan|Iris A. Junglas|Thomas H. Hess|Lorraine Morgan,"Ollscoil na Gaillimhe – University of Galway|University of Minnesota, Duluth|College of Charleston|Ludwig-Maximilians-Universität München",IE|US|US|DE|IE,66,Open Access,"Digital transformation is here to stay. With the emergence of new digital innovations and diverse and rich data sources, only those organisations that can adapt faster and make better, quicker decisions will become more competitive. Yet, being a first mover is only the start of the transformation process. Organisations need to address and implement digital strategies to manage and sustain a digital transformation in order to stay with, or ahead of, their competition. In this article, we outline some of the key challenges associated with researching digital transformations within the information systems (IS) field and stress the importance of shifting the focus on how digital transformations are managed and sustained. To explore this further, we launched a Special Issue on “Managing and Sustaining Digital Transformations” and received a large volume of submissions. After a series of reviews and revisions, we were delighted to unearth four excellent articles on this important topic. Our hope with this Special Issue is to improve researchers’ abilities to identify the importance of managing and sustaining digital transformations and to encourage them to build on these contributions to better unpack the digital transformation process for the future.",digital transformation|digital strategy|organizational adaptation|competitive advantage|digital innovation|information systems research agenda,Information Technology Governance and Strategy,Management Information Systems,"Business, Management and Accounting",Social Sciences
https://doi.org/10.1080/0960085x.2018.1470776,Philosophy and information systems: where are we and where should we go?,2018,2018-05-04,Nik Rushdi Hassan|John Mingers|Bernd Carsten Stahl,"University of Minnesota, Duluth|University of Kent|De Montfort University",US|GB|GB,59,Open Access,"All research is philosophy in action. A lack of attention to and understanding of philosophy can render research and its outcomes misleading or vacuous. Understanding philosophical questions, on th...",philosophy of information systems|philosophy of information|information systems research|research methodology,Information Systems Theories and Implementation,Sociology and Political Science,Social Sciences,Social Sciences
https://doi.org/10.1080/0960085x.2020.1814989,IT-enabled innovation in the public sector: introduction to the special issue,2020,2020-07-03,Raquel Benbunan‐Fich|Kevin C. Desouza|Kim Normann Andersen,Baruch College|Queensland University of Technology|Copenhagen Business School,US|AU|DK,42,NOT Open Access,,IT-enabled innovation|public sector innovation|digital public services|e-government|IT innovation,E-Government and Public Services,Political Science and International Relations,Social Sciences,Social Sciences
https://doi.org/10.1080/0960085x.2020.1831834,The evolution of software development orchestration: current state and an agenda for future research,2020,2020-09-02,Likoebe M. Maruping|Sabine Matook,Georgia State University|The University of Queensland,US|AU,41,Open Access,In a provocatively titled opinion editorial in the Wall Street Journal – “Why Software is Eating the World” – former Netscape co-founder turned venture capitalist Marc Andreessen enumerated a range...,software development process|research agenda|future of software development,Software Engineering Techniques and Practices,Information Systems,Computer Science,Physical Sciences
https://doi.org/10.1080/0960085x.2020.1841574,Desperately seeking the artefacts and the foundations of native theory in gamification research: why information systems researchers can play a legitimate role in this discourse and how they can better contribute,2020,2020-11-01,Paul Benjamin Lowry|Stacie Petter|Jan Marco Leimeister,Virginia Tech|Baylor University|University of Kassel|University of St.Gallen,US|US|CH|DE,35,Open Access,"1. With thousands of peer-reviewed publications and thousands of applications in education, industry, and government, gamification has taken the world by storm. But this explosion of gamification i...",gamification|information systems research|research agenda|game mechanics,Educational Games and Gamification,Developmental and Educational Psychology,Psychology,Social Sciences
https://doi.org/10.1080/0960085x.2020.1743051,Artefactual and empirical contributions in information systems research,2020,2020-03-03,Pär J. Ågerfalk|Fredrik Karlsson,Uppsala University|Örebro University,SE|SE,31,Open Access,"To qualify for publication in a top-tier information systems (IS) journal, such as the European Journal of Information Systems (EJIS), an article must make a substantial contribution to knowledge. ...",scientific contributions|empirical research|knowledge contribution|information systems research|research quality,Information Systems Theories and Implementation,Sociology and Political Science,Social Sciences,Social Sciences
https://doi.org/10.1080/0960085x.2022.2102713,Digital-Enabled Strategic Agility: The Next Frontier,2022,2022-11-02,Paul P. Tallon|Magno Queiroz|Tim R. Coltman,Loyola University Maryland|Florida Atlantic University|University of Waikato,US|US|NZ,29,NOT Open Access,,strategic agility|digital transformation|IT strategy|organizational agility,Information Technology Governance and Strategy,Management Information Systems,"Business, Management and Accounting",Social Sciences
https://doi.org/10.1080/0960085x.2022.2126030,Clinical research from information systems practice,2023,2023-01-02,Richard Baskerville|Jan vom Brocke|Lars Mathiassen|Helana Scheepers,Georgia State University|University of Liechtenstein|Swinburne University of Technology,US|LI|US|AU,24,Open Access,"An increasing presence of practitioners with doctoral degrees in Information Systems and related disciplines holds promise to advance Information Systems research. The prospect is to gain more knowledge from the practical experience of developing, using, and managing information systems in context. To scientifically capitalise on this opportunity, this EJIS special issue introduces the research genre of “Information Systems Clinical Research”. The genre presents knowledge generated from practitioner-researcher interventions to achieve desired outcomes in information systems development, use, and management practice contexts. In this editorial, we introduce and conceptualise the genre; we present a research framework that defines its four key elements; and we discuss how to address its key challenges in research projects. As a result, we derive ten criteria for rigorous Information Systems Clinical Research and provide examples on how the articles published in the special issue have addressed these criteria. We conclude with a call to further advance clinical research as an important part of the Information Systems discipline.",clinical research|information systems practice|research framework|information system development|information system use|information systems management|practitioner knowledge,Information Systems Theories and Implementation,Sociology and Political Science,Social Sciences,Social Sciences
https://doi.org/10.1080/0960085x.2025.2506875,Responsible AI starts with the artifact: Challenging the concept of responsible AI in IS research,2025,2025-05-04,Patrick Mikalef|Alexander Benlian|Kieran Conboy|Monideepa Tarafdar,Norwegian University of Science and Technology|SINTEF Digital|Technische Universität Darmstadt|National University of Ireland|University of Massachusetts Amherst,NO|DE|IE|US,24,NOT Open Access,,responsible AI|AI responsibility|information systems research|AI ethics,Ethics and Social Impacts of AI,Safety Research,Social Sciences,Social Sciences
https://doi.org/10.1057/ejis.2015.8,"Current issue and future submissions, contextualized",2015,2015-07-01,Dov Te’eni,Tel Aviv University,IL,18,Open Access,"After two consecutive special issues in March and May, the first on IS in mergers and acquisitions and the second on cross-cultural IS research, the current issue seems to be a special issue (but a...",special issue|information systems research|mergers and acquisitions|cross-cultural research|editorial policy,,,,
https://doi.org/10.1080/0960085x.2019.1586189,Being Promethean,2019,2019-03-04,Kieran Conboy,Ollscoil na Gaillimhe – University of Galway,IE,15,Open Access,"“Prometheus, teacher in every art, brought the fire that hath proved to mortals a means to mighty ends.”(Aeschylus, 6C B.C.)Technological progress is often measured by increased speed and efficienc...",Prometheanism|technological progress|Prometheus|information systems|information technology and society,Humanities and Social Sciences,Sociology and Political Science,Social Sciences,Social Sciences
https://doi.org/10.1080/0960085x.2019.1557853,Stimulating academic discourse: a call for response,2018,2018-12-18,Pär J. Ågerfalk,Uppsala University,SE,13,Open Access,"As academics, we love it when others use our work in their research. After all, this is what generates citations and proof of impact. It is perhaps especially rewarding when someone makes an effort...",academic discourse|citation|research impact|scholarly communication|information systems research,scientometrics and bibliometrics research,"Statistics, Probability and Uncertainty",Decision Sciences,Social Sciences
https://doi.org/10.1080/0960085x.2022.1994119,Advancing the Development of Contextually Relevant ICT4D Theories - From Explanation to Design,2022,2022-01-02,Kweku-Muata Osei-Bryson|Irwin Brown|Peter Nelson Meso,Virginia Commonwealth University|University of Cape Town|Florida Gulf Coast University,US|ZA|US,13,Open Access,"Much of formal human activities in the contemporary world has been overly influenced by the world-views of the countries characterised as Western, Educated, Industrial, Rich, and Democratic (WEIRD)...",ICT4D|development theory|WEIRD bias|theory development|technology design,ICT in Developing Communities,Information Systems,Computer Science,Physical Sciences
https://doi.org/10.1080/0960085x.2018.1545883,"Taking on sacred cows: openness, fair critique, and retaining value when revising classics",2018,2018-11-02,Frantz Rowe|M. Lynne Markus,SKEMA Business School|Laboratoire d'Economie et de Management de Nantes Atlantique|Université de Nantes|Nantes Université|Bentley University,FR|US,7,Open Access,"Most experienced authors know that getting papers through the revision process on the way to publication is challenging (Mingers, 2002), but fewer may have confronted the challenges of trying to si...",manuscript revision|peer review|openness|value retention|scholarly publishing|author experience|information systems research,Publishing and Scholarly Communication,History and Philosophy of Science,Arts and Humanities,Social Sciences
https://doi.org/10.1080/0960085x.2021.1946252,Is there a shift from positivity to negativity about technology in the field of IS?,2021,2021-07-04,Michael David Myers,University of Auckland,NZ,7,Open Access,"When I first started using a computer in 1982, I was excited by the possibilities of information technology for augmenting human potential. I was into the second year of my PhD studies at the Unive...",attitudes toward technology|information systems research|history of information systems|computer use,Information Systems Theories and Implementation,Sociology and Political Science,Social Sciences,Social Sciences
https://doi.org/10.1080/0960085x.2018.1429370,Going through changes,2018,2018-01-02,Pär J. Ågerfalk,Uppsala University,SE,5,Open Access,"This editorial is my first as the new Editor-in-Chief of EJIS. Assuming leadership of such a prominent journal is a great honour, and I will do my best to live up to the expectations. It is comfort...",editorial leadership|journal editorship|editorial transition,Publishing and Scholarly Communication,History and Philosophy of Science,Arts and Humanities,Social Sciences
https://doi.org/10.1057/ejis.2011.6,Guest Editorial,2011,2011-03-29,Ahmad Ghoneim|Zahir Irani|Sofiane Sahraoui,,||,5,Open Access,"t-Government has been hailed as the last stage of e-Government development, until the next! Many popular stage models of e-Government have predicted a move of e-government toward the transformation...",e-government|e-government development stages,E-Government and Public Services,Political Science and International Relations,Social Sciences,Social Sciences
https://doi.org/10.1057/ejis.2011.15,Special issue on the Kleinian approach to information system research – foreword,2011,2011-04-19,Rudy Hirschheim|Kalle Lyytinen|Michael David Myers,Louisiana State University||University of Auckland,US||NZ,3,Open Access,This special issue of European Journal of Information Systems (EJIS) is dedicated to the memory of Heinz K. Klein who died in June 2008. We surmise that one of the best ways to remember him as a sc...,information systems research|information systems theory,Information Systems Theories and Implementation,Sociology and Political Science,Social Sciences,Social Sciences
https://doi.org/10.1057/ejis.2010.41,"Commentary on Hunter's ‘Same technology, different outcome?’",2010,2010-08-03,Marios Koufaris,Baruch College|City University of New York,US,3,NOT Open Access,,information systems research|research methodology critique,Information Systems Theories and Implementation,Sociology and Political Science,Social Sciences,Social Sciences
https://doi.org/10.1057/ejis.2011.45,Erratum: Coping with rapid information technology change in different national cultures,2011,2011-11-01,Xiang Fang|John ‘Skip’ Benamati|Albert L. Lederer,Miami University|University of Kentucky,US|US|US,2,NOT Open Access,,information technology change|national culture|coping with change|cross-cultural comparison,Technology Adoption and User Behaviour,Information Systems and Management,Decision Sciences,Social Sciences
https://doi.org/10.1080/0960085x.2023.2192562,Introducing a new genre for EJIS,2023,2023-03-04,Michael David Myers,University of Auckland,NZ,2,Open Access,In this editorial I want to introduce a new manuscript genre for EJIS. This new genre is called “Clinical IS Research” and adds to the existing set of genres that was introduced some years ago (Te’...,editorial policy|information systems research|clinical information systems,Information Systems Theories and Implementation,Sociology and Political Science,Social Sciences,Social Sciences
https://doi.org/10.1057/ejis.2011.38,Quality changes,2011,2011-09-27,Ray J. Paul,,,1,Open Access,,quality changes,,,,
https://doi.org/10.1080/0960085x.2021.1889346,The way forward,2021,2021-01-02,Michael David Myers,University of Auckland,NZ,1,NOT Open Access,,editorial board changes|journal editorial leadership,Publishing and Scholarly Communication,History and Philosophy of Science,Arts and Humanities,Social Sciences
https://doi.org/10.1080/0960085x.2022.2108199,Updating the EJIS word limit,2022,2022-09-03,Michael David Myers,University of Auckland,NZ,1,Open Access,"At the most recent Editorial Board meeting of the European Journal of Information Systems, we agreed to update the word limit guidance for authors submitting manuscripts to the journal. The new wor...",word limits|author guidelines|editorial policy,Academic Writing and Publishing,History and Philosophy of Science,Arts and Humanities,Social Sciences
https://doi.org/10.1080/0960085x.2026.2648981,Embracing contrarian thinking: value-reflexive research for a better world,2026,2026-03-04,Markus Philipp Zimmer|Polyxeni Vassilakopoulou|Miria Grisot|Marko Ilmari Niemimaa,Leuphana University of Lüneburg|University of Agder|University of Oslo,DE|NO|NO|NO|NO,1,Open Access,"Scientific progress relies on contrarian thinking that questions assumptions shaping how scholars frame, study, or theorize phenomena. Unexamined, such assumptions perpetuate the same views, practices, and explanations, building entrenched research trajectories that limit scholarly debate on understanding the world. If we are interested in a healthy Information Systems (IS) discipline that contributes to a better world, we require precisely this openness to different understandings of the world. Therefore, for this special issue, we invited original submissions that embrace contrarian thinking and engage in value-reflexivity when investigating and theorizing about digital phenomena. In this editorial, we synthesize previous work to define contrarian thinking and link it to value-reflexivity. We then present how the special issue articles embrace such thinking through value-reflexivity. Our contribution to IS research is twofold: first, we illustrate the importance of such thinking for triggering and upholding vigorous debate on phenomena, research methods, and theory; second, we invite and encourage scholars to embrace contrarian thinking through value-reflexivity. By bringing contrarian thinking through value-reflexivity into explicit consideration, we hope to foster the boldness required for new, and even radical ideas for IS research to thrive and contribute to a better world.",information systems research|research assumptions|academic debate|research paradigms,Information Systems Theories and Implementation,Sociology and Political Science,Social Sciences,Social Sciences
,Exploring the value of IoT data as an enabler of the transformation toward servitization: An action design research approach,2020,2020-09-01,Kuan-Lin Chen|Astrid Heidemann Lassen|Chen Li|Charles Møller,,|||,0,NOT Open Access,,Internet of Things data|servitization|action design research|digital transformation,Service and Product Innovation,Marketing,"Business, Management and Accounting",Social Sciences
https://doi.org/10.1080/0960085x.2021.1955468,EJIS moving up in the rankings,2021,2021-09-03,Michael David Myers,University of Auckland,NZ,0,Open Access,I am delighted to report that the European Journal of Information Systems (EJIS) has moved up in the latest edition of the journal ranking produced by the Chartered Association of Business Schools ...,journal rankings|journal impact|scholarly publishing,scientometrics and bibliometrics research,"Statistics, Probability and Uncertainty",Decision Sciences,Social Sciences
https://doi.org/10.1057/ejis.2015.3,Erratum: Discovery paths: exploring emergence and IT evolutionary design in cross-border M&As. Analysing Grupo Santander’s acquisition of Abbey (2004–2009),2015,2015-03-01,Javier Busquets,,,0,NOT Open Access,,cross-border mergers and acquisitions|emergence|post-merger integration,Information Technology Governance and Strategy,Management Information Systems,"Business, Management and Accounting",Social Sciences
https://doi.org/10.1080/0960085x.2018.1425658,Thanks to Reviewers,2018,2018-01-02,The Editors,,,0,NOT Open Access,,,,,,
https://doi.org/10.1057/ejis.2010.27,"Erratum: Dressage, control, and enterprise systems: the case of NASA's Full Cost initiative",2010,2010-06-01,Nicholas Berente|Uri Gal|Youngjin Yoo,,||,0,NOT Open Access,,NASA|enterprise systems|organizational control|dressage|cost accounting|information system implementation,Information Technology Governance and Strategy,Management Information Systems,"Business, Management and Accounting",Social Sciences
https://doi.org/10.1080/0960085x.2019.1565656,Thanks to Reviewers,2019,2019-01-02,The Editors,,,0,Open Access,"European Journal of Information Systems thanks the following scholars for serving as referees on manuscripts in 2018:Aaltonen, AleksiAbraham, ChonAdam, FredAdam, MarcAdya, MonicaAgogo, DavidAgrawal...",,,,,
https://doi.org/10.1057/s41303-017-0037-2,Thanks to Reviewers,2017,2017-01-01,The Editors,,,0,NOT Open Access,,,,,,
https://doi.org/10.1080/0960085x.2022.2088417,Developing a collaboration system for pancreatic cancer research: a clinical design science study,2022,2022-06-16,David Rueckel|Barbara Krumay|Ewald Dannerer,University of Applied Sciences Technikum Wien|Johannes Kepler University of Linz|,AT|AT|,0,Open Access,"Great potential exists for the use of information systems (IS) in medical research, as they already form the backbone of several long-term medical research projects. IS can potentially support practitioner-researchers (practitioners who conduct research in their areas of practice) by enabling collaboration, particularly when the number of cases is low and the treatment strategy is centralised. However, practitioner-researchers and academic researchers differ in their research approaches. In this clinical IS research effort, we designed an IS, together with a local hospital, for supporting research on pancreatic cancer by applying a design science research (DSR) approach. We also observed how DSR is accepted and used by practitioner-researchers in this context. Consequently, we not only developed an IS but also gained insights into the benefits of DSR in projects with heterogeneous participants, namely those from various fields with different experiences and requirements. The results show that DSR contributes to mutual understanding, transparency in the design process and long-term benefits for all parties involved, which was further confirmed by post-hoc interviews.",practitioner-researchers|collaboration support|design science research|clinical research information systems,Information Systems Theories and Implementation,Sociology and Political Science,Social Sciences,Social Sciences
https://doi.org/10.1080/0960085x.2025.2605343,The personal relevance of digital health technologies for self-management of chronic conditions: instrument development and validation,2026,2026-01-13,Polina Durneva|Cynthia LeRouge,Loyola Marymount University|University of Washington,US|US,0,NOT Open Access,,digital health technologies|chronic disease self-management|user engagement|scale development|construct operationalization,Innovative Human-Technology Interaction,Human-Computer Interaction,Computer Science,Physical Sciences
https://doi.org/10.1080/0960085x.2025.2612487,Challenges of boundaryless metaverses: implications for IS research,2026,2026-01-18,Margherita Pagani|Omar A. El Sawy,SKEMA Business School|University of Southern California,FR|US,0,NOT Open Access,,metaverse|stakeholder dynamics|multi-sided platforms|platform governance|metaverse regulation,Digital Platforms and Economics,Strategy and Management,"Business, Management and Accounting",Social Sciences
https://doi.org/10.1080/0960085x.2026.2620415,Designing for emergent use recombinations: a conceptual framework for value capture from connectable products,2026,2026-01-30,Gongtai Wang|Susanne Beck|Joe Nandhakumar,Dalian University of Technology|University of Warwick,CN|GB|GB,0,Open Access,"Connectable products, equipped with digital connectivity that allows them to interact with other products, are central to digital innovation. Enabled by the generativity of digital technology, users increasingly engage in emergent use recombinations, generating value beyond firms’ original intentions. This value may not feed back to originating firms through network effects but be appropriated by third parties or remain within local user contexts. Firms relying solely on network effects risk missing new value capture opportunities. We address this challenge by developing a conceptual framework for value capture from connectable products, with particular attention to this aspect. In this broad-theorizing review, we synthesize dispersed insights on value creation and capture in the connectable product literature through the lens of value-path position. Our framework distinguishes three relative positions (touchpoint, bridge, and source) that a connectable product can occupy on a value path, and delineates nine mechanisms through which new value is realized by users, captured by firms, and reinforced by products. This study advances our understanding of capturing value from emergent use recombination, offering firms guidance to proactively recognize, design for, and capture value from emergent use recombinations, while illuminating new directions for research on digital products’ generative potential.",value capture|value creation|network effects|digital connectivity|product design|digital innovation,Digital Platforms and Economics,Strategy and Management,"Business, Management and Accounting",Social Sciences
https://doi.org/10.1080/0960085x.2026.2617357,Why do people buy NFTs: a configurational approach to understanding the adoption of non-fungible tokens,2026,2026-01-29,Michael Mertel|Kai-Ingo Voigt,Friedrich-Alexander-Universität Erlangen-Nürnberg,DE|DE,0,Open Access,"Non-fungible tokens (NFTs) are unique digital tokens issued on a blockchain to represent the proof of ownership of (digital) items. Despite their impressive technological capabilities and millions of users, research and practice lack an understanding of the factors motivating NFT purchases. In this study, we employ a sequential mixed-method approach to reveal what drives users to purchase NFTs. We performed 65 in-depth interviews (Study 1) with individuals who purchased at least one NFT to explore the factors that influence their decisions. Building on these insights, we carry out two surveys: one with 265 individuals who have purchased NFTs (Study 2), and another with 272 individuals who have considered buying an NFT but have not done so (Study 3). Using a fuzzy-set qualitative comparative analysis, we reveal the combinations of influencing factors leading to NFT adoption in our sample. Building on self-determination theory, our aggregated findings emphasize the importance of intrinsic interest. We developed four propositions grounded in our data to guide future research. This study provides unique empirical insights into the adoption behaviour of NFTs as an emerging technology from a user perspective.",non-fungible tokens|consumer motivation|blockchain|digital ownership|self-determination theory|intrinsic motivation|technology adoption behavior|digital collectibles,Technology Adoption and User Behaviour,Information Systems and Management,Decision Sciences,Social Sciences
https://doi.org/10.1080/0960085x.2025.2607450,Unpacking data democratization - how communities of practice help organizations develop and scale their data practices,2026,2026-02-03,Hippolyte Lefebvre|Christine Legner,University College Dublin|University of Lausanne,CH|IE|CH,0,Open Access,"Data democratization, the empowerment of a wide range of employees to engage with data, has become a strategic priority for organizations aiming to create value from data. Existing studies focus on removing organizational or technical barriers to accessing and using data, but offer limited insight into how data democratization materializes in practice. We draw on the concept of communities of practice (CoPs) to examine how data practices are developed and scaled within organizations to meaningfully integrate data and domain knowledge. From an analysis of 45 communities at 21 companies, we identify three types of CoPs that foster data democratization: (1) CoPs that embed data into work practices, (2) CoPs that develop data practices around tools and methods, and (3) CoPs that foster collective data awareness. These CoPs interact through distinct boundary interactions that stimulate practice exchange across the organization. We theorize three enablers that facilitate their interactions: the embeddedness of spanners-in-practice, the malleability of boundary objects, and the supportive governance structures. This study advances information systems research and the emerging field of data studies by unpacking how cross-functional learning and collaboration enable data democratization. For practitioners, we offer guidance for orchestrating and nurturing CoPs to foster data-driven value creation.",data democratization|communities of practice|data practices|boundary spanning|boundary objects|data governance|data-driven value creation,Big Data and Business Intelligence,Management Information Systems,"Business, Management and Accounting",Social Sciences
https://doi.org/10.1080/0960085x.2026.2630408,Correction,2026,2026-02-18,,,,0,Open Access,"Article title: Why do people buy NFTs: a configurational approach to understanding the adoption of non-fungible tokensAuthors: Michael Mertel, Kai-Ingo VoigtJournal: European Journal of Information...",non-fungible tokens|configurational approach|technology adoption|digital collectibles,Blockchain Technology Applications and Security,Information Systems,Computer Science,Physical Sciences
https://doi.org/10.1080/0960085x.2026.2620412,Deterrence effects of social media interventions on health misinformation dissemination by bots and humans,2026,2026-02-24,Amir Karami|Nima Kordzadeh|Serena Harn,Kennesaw State University|Worcester Polytechnic Institute|University of South Carolina,US|US|US,0,Open Access,"In the realm of social media, information dissemination is pivotal, yet it is tainted by the proliferation of misinformation propagated by both bots and humans, bearing consequential impacts on individuals and society. To address this issue, social media platforms have implemented removal, reduction, and informing interventions, acting as deterrence mechanisms to dissuade users from engaging in the spread of misinformation. Nonetheless, the sustained effectiveness of these interventions on bots and humans remains unclear. Drawing on deterrence theory, this study examines the efficacy of social media interventions on bots and humans sharing health misinformation. Our results show most interventions have sustained effects on bots and their activities for years after implementation. However, the interventions may not have significant deterrence effects on humans and their activities. Our findings offer important theoretical and practical implications by highlighting the importance of studying both bots and humans and developing creative strategies to tackle health misinformation dissemination.",health misinformation|social bots|misinformation dissemination|deterrence theory|social media interventions,Misinformation and Its Impacts,Sociology and Political Science,Social Sciences,Social Sciences
https://doi.org/10.1080/0960085x.2026.2657321,Unravelling the dynamics of incivility on social networking sites: the role of malicious envy,2026,2026-04-17,Hannes-Vincent Krause|Annika Baumann|Hanna Krasnova|Jason Thatcher,University of Potsdam|Weizenbaum Institute|University of Colorado Boulder,DE|DE|DE|US,0,Open Access,"Incivility, defined as disrespectful or hostile online communication that stops short of overt cyberaggression, is a common phenomenon on Social Networking Sites (SNSs). Prior research has largely attributed this phenomenon to static technological affordances (e.g. anonymity) and user characteristics such as personality traits and demographics. Yet, the role of transient emotional states as dynamic, situational antecedents of incivility remains underexplored. In this study, we introduce the concept of dynamic incivility and investigate how momentary experiences of malicious envy, a hostile, social comparison-driven emotion, relates to incivility on SNSs. Using a 14-week repeated-measures diary design, we uncover a robust within-person effect: individuals are more likely to engage in incivility during weeks when they experience heightened malicious envy. We also identify two contextual moderators: social media literacy (as a person-level buffer) and exposure to others’ incivility (as a situational amplifier). Our findings move beyond trait-based models of online deviance to demonstrate that incivility fluctuates with emotional states, varies by context, and is amenable to targeted intervention. We conclude by outlining practical implications for designing user-facing tools and educational strategies to curb the issue of incivility on SNSs.",online incivility|malicious envy|social networking sites|social comparison|social media literacy|within-person effects|online aggression|online deviance|situational moderators,Hate Speech and Cyberbullying Detection,Artificial Intelligence,Computer Science,Physical Sciences
https://doi.org/10.1080/0960085x.2026.2665141,How can governments prevent the spread of fake news? A situational cyberdeviance prevention analysis,2026,2026-05-21,Anuragini Shirish|Shirish Chandra Srivastava|Shalini Chandra,"Université Paris-Saclay|Laboratoire en Innovation, Technologies, Economie et Management|Institut Mines-Télécom Business School|Université d'Évry Val-d'Essonne|HEC Paris|S P Jain School of Global Management",FR|FR|,0,NOT Open Access,,fake news|misinformation|situational crime prevention|supply-side factors|demand-side factors|subjective well-being|happiness|guardianship|cross-national comparison,Misinformation and Its Impacts,Sociology and Political Science,Social Sciences,Social Sciences
https://doi.org/10.1080/0960085x.2026.2679463,Different mechanisms for the same capability: understanding the platform ecosystem deployment capability,2026,2026-05-25,Dimitri Petrik|Yevgen Bogodistov|Christian Marheine,University of Stuttgart|Management Center Innsbruck|University of St.Gallen,DE|AT|CH,0,Open Access,,platform ecosystems|platform business models,Digital Platforms and Economics,Strategy and Management,"Business, Management and Accounting",Social Sciences
https://doi.org/10.1080/0960085x.2026.2670353,Leadership reconfiguration and the role of technology in global virtual teams with changing membership,2026,2026-06-01,Petros Chamakiotis|Niki Panteli|Eeli Saarinen,ESCP Business School|Lancaster University|University of Turku,DE|FR|GB|GB|FI,0,NOT Open Access,,global virtual teams|team structure|team cohesion|leadership styles|leadership practices,Team Dynamics and Performance,Social Psychology,Psychology,Social Sciences
https://doi.org/10.1080/0960085x.2026.2681043,Navigating familiar spaces: the mediating role of trust in shaping engagement within collaborative Metaverse,2026,2026-06-05,Xusen Cheng|Lu Gao|Xin (Robert) Luo,Renmin University of China|University of New Mexico|Hong Kong Metropolitan University,CN|CN|HK|US,0,NOT Open Access,,metaverse|collaborative virtual environments|trust|spatial familiarity|place attachment|interactionist theory|user engagement|self-regulation|virtual environment design,Virtual Reality Applications and Impacts,Human-Computer Interaction,Computer Science,Physical Sciences
https://doi.org/10.1080/0960085x.2026.2685274,The impact of external contributions to firm-hosted open source software on firm value,2026,2026-06-10,Jin Hu|Daning Hu|Xuan Yang|Michael Chau,Hong Kong Metropolitan University|Southern University of Science and Technology|Renmin University of China|University of Hong Kong,HK|CN|CN|HK,0,NOT Open Access,,open source software|firm value|Tobin's Q|GitHub|moderating effect|IT companies|open source communities,Open Source Software Innovations,Computer Science Applications,Computer Science,Physical Sciences
https://doi.org/10.1080/0960085x.2026.2688221,When information systems go political: a research approach for political IS discourse,2026,2026-06-21,Salla Westerstrand,University of Turku,FI,0,Open Access,"New generations of emerging technologies have challenged our understanding of the role of technology in society. Digital platforms shaped by artificial intelligence (AI) influence our everyday decisions and societal structures, making emerging technologies ever more political in nature. This has challenged information systems (IS) researchers to seek new approaches that enable more rigorous study of contemporary IS phenomena that are increasingly political. This paper presents a novel research approach called critical-political discourse studies (CPDS), which combines critical discourse studies and political discourse analysis to improve the rigour of studying political IS discourses. The approach is validated in an empirical analysis, which studies AI ethics discourse in the EU AI Act through the lens of John Rawls’s principles of justice. The potential of CPDS for IS research is analysed from perspectives of novelty and usefulness. The analyses demonstrate how CPDS increases transparency, coherence, and rigour of the study of political IS discourses, which brings a valuable contribution to the accumulation of knowledge on contemporary ISs and their socio-technical dimensions.",critical discourse studies|political discourse analysis|EU AI Act|John Rawls|principles of justice|artificial intelligence|digital platforms|emerging technologies|research methodology,Information Systems Theories and Implementation,Sociology and Political Science,Social Sciences,Social Sciences
https://doi.org/10.1080/0960085x.2026.2681044,Interrelating strategy and architecture moves: a clinical inquiry into a strategic digital initiative,2026,2026-06-25,Jung Hwan Kim|Lars Mathiassen|Ginger Lange|Arun Rai,Appalachian State University|Georgia State University,US|US|US|US,0,NOT Open Access,,digital initiatives|organizational digitalization|Georgia-Pacific|competitive positioning|resource reconfiguration|organizational renewal|trace analysis|commercialization,Information Technology Governance and Strategy,Management Information Systems,"Business, Management and Accounting",Social Sciences
https://doi.org/10.1080/0960085x.2026.2689145,Rethinking consumer data management under end-user privacy-enhancing technologies,2026,2026-06-25,Dawei Chen|Jungpil Hahn,National University of Singapore|Wenzhou-Kean University,CN|SG|SG,0,NOT Open Access,,privacy-enhancing technologies|data integrity|data distortion|missing data|measurement error|business analytics|product recommendation|consumer privacy protection,"Privacy, Security, and Data Protection",Sociology and Political Science,Social Sciences,Social Sciences
https://doi.org/10.1080/0960085x.2026.2692955,"Explaining heterogeneity in innovative IT use among older workers: the roles of IS slack, job crafting, and age-related gains and losses",2026,2026-07-01,Saeed Amirabdolahian|Stefan Tams|Guy Paré,,||,0,Open Access,"Older workers tend to engage less in innovative IT use, but they are not the homogenous group portrayed in prior cohort studies. This study examines the heterogeneity in older workers’ innovative IT use that arises from diverse developmental trajectories in the aging process. Drawing on the Awareness of Age-Related Change (AARC) framework and survey data from older workers, we show that awareness of age-related gains (e.g. gains in accumulated knowledge) and awareness of age-related losses (e.g. losses in cognitive functioning) shape innovative IT use through the mediating role of challenging job crafting. The results also indicate that the awareness of age-related gains exerts a stronger influence than the awareness of age-related losses. By integrating the AARC framework with research on IS slack resources, we further demonstrate that IS slack time and slack technology moderate the indirect effect of awareness of age-related gains and losses on innovative IT use. This study contributes to research on aging at work by demonstrating how age-related self-perceptions and supportive technological work environments jointly shape innovative IT use. Practically, it suggests that organizations should prioritize leveraging older workers’ perceived gains rather than mitigating perceived losses, while also providing sufficient slack resources to foster innovative IT use.",older workers|job crafting|workplace aging|slack time|cognitive aging,Technology Use by Older Adults,Demography,Social Sciences,Social Sciences
https://doi.org/10.1080/0960085x.2026.2697811,Platform governance in the face of negative network externalities: a moral and regulatory legitimacy perspective,2026,2026-07-08,Mark de Reuver|Noah Brandwijk,Delft University of Technology,NL|NL,0,Open Access,"When participants on transaction platforms harm others (e.g. fraud, misconduct), it typically takes time before platform sponsors tighten their membership conditions. Although anecdotal evidence exists, platform governance literature does not cover the microlevel processes through which negative network externalities lead to actions to protect the platform. This paper employs an institutional legitimacy lens to theorise how governance processes unfold as platforms encounter negative network externalities. We study PayNow, a payment platform whose governance practices evolved over time as legitimacy pressures accumulated, leading to progressively stricter onboarding and fraud-prevention measures. The study provides exploratory insights into microlevel processes of materialising and spotting externalities, perceiving legitimacy challenges, questioning internal assumptions, trading off legitimacy and growth, and safeguarding the platform. We contribute to platform governance literature by illustrating how governance actions are driven by moral and regulatory legitimacy challenges that stem from diverse forms of negative network externalities.",platform governance|moral legitimacy|regulatory legitimacy|institutional legitimacy|transaction platforms|payment platforms|fraud prevention|onboarding,Digital Platforms and Economics,Strategy and Management,"Business, Management and Accounting",Social Sciences
https://doi.org/10.1080/0960085x.2026.2693695,Social comparison and coping under pressure: technostress in gamified digital learning environments,2026,2026-07-10,Haytham Siala|Roberta Bernardi|Minhao Zhang|Monideepa Tarafdar,Queen Mary University of London|University of Bristol|University of Massachusetts Amherst,GB|GB|GB|US,0,Open Access,"Gamified digital learning environments can instigate social comparison and contribute to learners’ experiences of technostress. While prior research demonstrates how social comparison can shape individuals’ coping behaviours in stressful situations, the confluent effect of social comparison and coping with technology-induced demands as hindrance technostressors has not been empirically investigated. We postulate that gamified digital learning can trigger positive or negative social comparison, influencing learners’ coping with hindrance technostressors and their overall satisfaction. Our findings from a survey of 1,070 university learners demonstrate that, contrary to prior assumptions in the literature, negative social comparison—usually associated with negative outcomes—mitigates the negative effects of hindrance technostressors on learner satisfaction; this mitigation occurs by moderating both the indirect effect of hindrance technostressors through adaptive coping and their dFirect effect on learner satisfaction. This study is the first to theorise coping with hindrance technostressors in gamified platforms by showing the significance of social comparison in shaping the effects of these stressors both directly and indirectly through coping.",social comparison|technostress|adaptive coping|gamified learning|digital learning environments|student satisfaction|university students|stress reduction,Technostress in Professional Settings,Social Psychology,Psychology,Social Sciences
https://doi.org/10.1080/0960085x.2026.2706801,Doing my fair share: energy informatics to transparentize eco-equity and empower consumers,2026,2026-07-24,Rens Scheepers|Lubna Alam|Amir Andargoli,Deakin University|The University of Sydney|Swinburne University of Technology,AU|AU|AU,0,Open Access,"This study advances research on energy informatics by theorizing how digital systems can support fairness-aware participation in sustainability initiatives. While prior work has primarily emphasized eco-efficiency and eco-effectiveness, the sustainability goal of eco-equity—fairness in resource use within and across generations—remains under-specified at the level of individual consumers. Drawing on equity theory and eco-equity, we examine how consumers evaluate whether they are “doing their fair share” in a demand-side management (DSM) sustainability initiative in an interpretive case study in Australia. Our findings reveal that consumers assess sustainability participation across multiple referent relationships (self, other consumers, utilities, the environment, and future generations), and that environmental concerns reframe perceived inequities in these relationships. We theorize eco-equity calculus as a novel concept that explains how sustainability-conscious consumers integrate multilateral fairness evaluations. Utilizing the concept, we elucidate how energy informatics can facilitate transparency by providing credible, comparative information, and functionality to empower consumers to redress perceived eco-inequity. The study contributes to energy informatics by identifying consumers’ information needs under which fairness-aware participation can be sustained; to equity theory by extending it to multilateral and “voiceless” referent relationships; and to sustainability research by operationalizing eco-equity at the level of consumer decision-making.",energy informatics|equity theory|demand-side management|consumer empowerment|transparency|future generations|purchase decision|information needs|eco-efficiency,Environmental Education and Sustainability,"Management, Monitoring, Policy and Law",Environmental Science,Physical Sciences
https://doi.org/10.1080/0960085x.2026.2701772,Exploring multi-level tensions in the interplay of Chief Digital Officers and Chief Executive Officers,2026,2026-07-23,Christian Sciuk|Maren Gierlich-Joas|Patricia Klarner|Thomas H. Hess,Ludwig-Maximilians-Universität München|Copenhagen Business School|Vienna University of Economics and Business,DE|DK|AT|DE,0,Open Access,"The Chief Digital Officer (CDO) has emerged as a response for firms seeking to drive digital transformation (DT). While CDOs are often portrayed as leading DT, the Chief Executive Officer (CEO) remains responsible for the company’s overall direction. However, the crucial CDO-CEO interplay is ill-understood, yet particularly intricate since DT gives rise to numerous situations marked by contradictory demands. By adopting a paradox theory lens in an interpretive multiple-case study, we examine how 12 CDO-CEO dyads navigate DT. We identify paradoxical tensions in the CDO-CEO interplay as well as at the organizational level. Furthermore, we explore that CDOs and CEOs employ distinct approaches—suppressing, assimilating, and compromising—to address the tensions at the dyadic level. The findings suggest that the handling of the dyadic-level tensions shapes the evolution of tensions at the organizational level through three mechanisms, i.e. spill-over, translation, and calibration. Our contribution is threefold: First, we unveil the paradoxical tensions that emerge in the CDO-CEO interplay. Second, we show how CDOs’ and CEOs’ approaches to managing these tensions shape the trajectory of DT. Third, by identifying tensions at the dyadic level and theorizing their connection to organizational-level tensions, we advance research on multi-level paradoxical tensions.",chief digital officer|chief executive officers|digital transformation|paradoxical tensions|tension management|spill-over|translation|calibration|organizational tensions|digital leadership,Information Technology Governance and Strategy,Management Information Systems,"Business, Management and Accounting",Social Sciences
https://doi.org/10.1080/0960085x.2026.2709635,Caring networks for digital inclusion: how network weaving transforms responses to digital inequalities,2026,2026-08-03,Sara Vannini|Sharon Wagg|Efpraxia D. Zamani,University of Sheffield|Durham University,GB|GB|GB,0,Open Access,"Digital inequalities persist despite extensive policy and research efforts aimed at expanding access, skills, and technology use. Prior research has focused mainly on techno-centric, top-down interventions, which have been limited in their success due to their lack of relational, context-sensitive engagement. This study conceptualises digital inclusion work as care work to address digital inequalities. Drawing on the Ethics of Care and Network Weaving frameworks, we examine how digital inclusion networks mobilise relationships and collective action. We present a paradigmatic case study of an exemplar digital inclusion network in northern England and show how the network’s effectiveness lies in its ability to build and sustain nurturing relationships among diverse but aligned organisations. Our findings identify four interlocking mechanisms, caring about, caring for, caregiving, and care-receiving, through which Network Weaving principles enable the network to operate as a network of care. These mechanisms reinforce one another cyclically, with care-receivers re-entering the network as caregivers themselves, sustaining a collective, rather than individually delivered, process of digital inclusion. By framing digital inclusion work as care work, our study advances theoretical understanding of how relational infrastructures enable more transformative responses to digital inequalities.",digital inclusion|digital inequality|care work|care ethics|care networks|relational infrastructure|collective action|interorganizational relationships|digital divide|Northern England,ICT Impact and Policies,Media Technology,Engineering,Physical Sciences
https://doi.org/10.1080/0960085x.2026.2708104,Automation anxiety in information systems research: a meta‑narrative review,2026,2026-07-28,Wendy L. Currie|Jonathan J. M. Seddon|Leslie P. Willcocks,Audencia Business School|London School of Economics and Political Science,FR|FR|GB,0,NOT Open Access,,automation anxiety|job displacement|deskilling|digital risks|trust erosion|sensemaking|metanarrative|integrative framework|feedback pathways|labor force|organizational change,Information Systems Theories and Implementation,Sociology and Political Science,Social Sciences,Social Sciences
https://doi.org/10.1080/0960085x.2026.2718654,Correction,2026,2026-08-17,,,,0,NOT Open Access,,central bank digital currency|digital euro|social acceptance,Technology Adoption and User Behaviour,Information Systems and Management,Decision Sciences,Social Sciences
https://doi.org/10.1080/0960085x.2026.2721630,E-participation and the Metaverse – insights from a Design Science Research project on immersive public participation,2026,2026-08-30,Jonas Fegert|Jella Pfeiffer,FZI Research Center for Information Technology|Karlsruhe Institute of Technology,DE|DE,0,Open Access,"Low levels of public participation in local decision-making, particularly in urban planning,remain a persistent challenge. While e-participation offers new avenues for engagement,achieving broad-based and inclusive participation remains difficult, especially given the com-plexity of construction plans. This paper addresses this issue by exploring how xReality (XR)technologies can enhance e-participation in urban planning. Using a Design Science Research(DSR) approach, we derive meta-requirements and design principles for inclusive XR-based e-participation. Across three design cycles and three empirical studies, we develop and evaluatea participatory XR artifact. As cities increasingly adopt digital twins, XR emerges as a promisingtool to enhance citizens’ understanding of urban projects through intuitive, interactive visua-lizations. These representations help bridge cognitive gaps and foster greater motivation toengage. However, participation is not monolithic, as citizens differ in the degree of influencethey seek, ranging from merely being informed to actively participating in decision-making.Our design theory emphasizes support for these varying levels of participation. The studyprovides insights into developing inclusive e-participation tools and highlights key expecta-tions from both citizens and public-sector stakeholders. Ultimately, we show how XR cansupport more equitable and effective e-participation in the Metaverse.",e-participation|extended reality|urban planning|local decision-making|digital twin|metaverse|inclusive participation|participatory design|design principles|citizen participation|interactive visualization,Smart Cities and Technologies,Media Technology,Engineering,Physical Sciences
https://doi.org/10.1080/0960085x.2026.2714833,Clicks and gazes: investigating the impact of social-relational goals and media capabilities on active and passive social media use,2026,2026-09-02,Sabine Matook|Hillol Bala|Stan Karanasios,The University of Queensland|Indiana University,AU|US|AU,0,Open Access,"System use is one of the most researched areas in Information Systems (IS) scholarship. In the context of social media (SM), scholars differentiate between active and passive SM use, yet the factors that influence these different types of SM use are less well understood. We draw on relationship science and media synchronicity theory (MST) to conceptualize SM use types as a function of users’ goal-striving behavior for relationship management. In a multi-wave mixed-methods study, we examined two social-relational goals (i.e., connecting and deepening) and five media capabilities as factors influencing active and passive SM use. We tested our model quantitatively (in two data collections) with SM users and expanded it in a subsequent qualitative study. The findings illustrate an asymmetry: Connecting goals influence passive SM use, whereas deepening goals influence active SM use. Four of the five MST capabilities influence both SM use types, although in different ways. Based on our findings, we propose reconceptualizing connecting goals from users’ “wanting to connect” to “feeling connected”. We also refine the theoretical reach of the MST capability of rehearsability to include post-transmission modifications as influential for SM use.",social media use|active social media use|passive social media use|media synchronicity theory|media capabilities|relationship management|rehearsal,Media and Digital Communication,Computer Networks and Communications,Computer Science,Physical Sciences
https://doi.org/10.1080/0960085x.2026.2723258,Scaling data management capabilities for enterprise AI: a maturity model for the banking industry,2026,2026-09-16,Nico Baum|Lea Mueller-Fortmann|Alexander Benlian,Technische Universität Darmstadt,DE|DE|DE,0,Open Access,"Integrating artificial intelligence (AI) into financial institutions requires more than deploying technical solutions. It requires data management capabilities (DMCs) aligned with regulatory constraints and strategic priorities. This clinical study investigates how a German bank evolved from fragmented, Excel-based processes to a cloud-enabled data environment supporting AI enablement. Using a longitudinal embedded clinical case study, we trace the development of DMCs across three transformation phases and show how executives institutionalized interdependent DMCs through iterative cycles of experimentation, negotiation, and learning. We identify five mutually reinforcing capability domains: (1) Technology and Infrastructure, (2) Data Governance and Quality, (3) Cultural and Organizational Shifts, (4) Regulatory Compliance and Risk Management, and (5) AI Enablement. We contribute to IS research by (1) developing a grounded DMC maturity model that translates these insights into a practical diagnostic tool, (2) providing a process-based lens on cumulative DMC development that highlights sociocultural readiness and recurring managerial missteps as central mechanisms, explaining how readiness builds toward scaled AI enablement in regulated environments, and (3) extending clinical IS research by demonstrating how embedded inquiry can generate context-aware artifacts to support AI transformation. For practitioners, the maturity model provides diagnostic signals, minimum viable actions, and readiness evidence for scaling trustworthy AI.",enterprise AI|maturity model|banking sector|data governance|data quality|organizational change|regulatory compliance|risk management|trustworthy AI|AI transformation,Information Technology Governance and Strategy,Management Information Systems,"Business, Management and Accounting",Social Sciences
